"baseMean","log2FoldChange","lfcSE","stat","pvalue","padj","Gene"
18.0102927145007,6.60641470926435,0.373903089479487,17.668788772142,7.2946348097866e-70,2.35215499441569e-65,"AC132825.1"
545.005340301349,4.91623228763234,0.289504124053351,16.9815621926213,1.12452531543317e-64,1.81301593980713e-60,"MTCO1P40"
985.133654889765,5.74501543376272,0.362659269082642,15.8413583314578,1.61298562350514e-56,1.73369071433078e-52,"MTND1P23"
23.3129767316616,3.88683492997886,0.267980013838453,14.5041970641958,1.13963203799692e-47,9.18685876630268e-44,"MTND4P24"
28.136944293725,4.19746272134286,0.307187410344946,13.6641756139337,1.66175029272269e-42,1.07166276377686e-38,"IGLVI-70"
21.400769506299,3.41674660186068,0.250685799042103,13.6295977471258,2.67048183657739e-42,1.4351614470073e-38,"MTATP8P2"
4775.1806304963,2.16700140362221,0.168085646672617,12.8922453910828,4.97732204474682e-38,2.2749205598731e-34,"MTCO1P12"
30.3220541118826,3.76372433950504,0.29215682459539,12.8825480791607,5.6440888444673e-38,2.2749205598731e-34,"MTCO1P53"
3.86882496489949,3.39286628839366,0.300158739736436,11.3035732072065,1.25985274614096e-29,4.51377242214615e-26,"KRT8P17"
79.4945498510587,1.79347197010015,0.167834450921654,10.685958456392,1.18419472019447e-26,3.81843587526706e-23,"SORD2P"
29.8687380622007,2.08661055428737,0.203564950819998,10.2503429292818,1.17924407357226e-24,3.16872709602813e-21,"RPL29P11"
1.8743858215149,4.70067176431029,0.458259601754626,10.2576612608049,1.09322352880665e-24,3.16872709602813e-21,"RPS26P34"
31.1630586439143,-1.32962684570315,0.130062707032033,-10.2229676441817,1.56475686520479e-24,3.88119885527141e-21,"AL589880.1"
6.21800831424686,2.02805753168809,0.203201460697023,9.98052634430595,1.85480235133541e-23,4.27200727277216e-20,"ZBTB8OSP2"
1.5300884058268,4.8413903105286,0.512624270412358,9.44432519091254,3.57701680394787e-21,7.68939378955328e-18,"RPS26P4"
589.720370199743,-3.53160566401086,0.374876554892769,-9.42071628091293,4.4802116119421e-21,9.02902646419207e-18,"CDH17"
1614.161894302,-4.00730418850855,0.426951277111666,-9.38585830125172,6.24060675957184e-21,1.18369626448467e-17,"LGALS4"
7.15382085437094,3.6622723606893,0.39156688467807,9.35286538262873,8.53047774498251e-21,1.52814030492756e-17,"IDH2-DT"
575.062957251752,2.32969394463921,0.256443571305565,9.08462603596823,1.04055772063929e-19,1.76593598431652e-16,"RPL10P9"
10.0134173208662,2.10410288489073,0.235071568612967,8.95090332406391,3.52585064507534e-19,5.68455270252272e-16,"AC103591.3"
69.0897713240947,1.51834596195192,0.17336767885805,8.75795287768204,1.98828251177906e-18,3.05296045677694e-15,"POLR2J3"
3.75164102691303,2.27851409181019,0.267038050791168,8.53254465069498,1.43163267988005e-17,2.0983179892151e-14,"MTCO3P22"
35.0624602805484,1.19318690875786,0.140230024694207,8.50878341752976,1.75767807981927e-17,2.46418824712054e-14,"AC136475.1"
4.1972985069192,1.93724977314695,0.230012609031295,8.42236337088532,3.68964619057561e-17,4.95719339229628e-14,"AL132640.1"
9.55963001535081,2.04946870009535,0.243850740494804,8.40460314345046,4.29310845934656e-17,5.53725129086519e-14,"AP002992.1"
478.21415929933,0.735654363253866,0.0915908701617431,8.03196172232834,9.59263022840808e-16,1.18967062198084e-12,"CRYBB2P1"
1.90872969064872,2.38284113429912,0.300138938303223,7.93912695157133,2.03609295016201e-15,2.43162285844348e-12,"LINC00486"
73.622955774805,-1.28807543248371,0.163590504953049,-7.87377869426711,3.44087369361204e-15,3.96253472323287e-12,"AL008721.2"
34.9591952144199,-1.37269872955486,0.174719860758346,-7.85656950272777,3.94796839109468e-15,4.38973244037407e-12,"RPL10P3"
69.7261046515213,-1.73290190947559,0.221551414520522,-7.82166935483535,5.21273806810253e-15,5.6028246335322e-12,"RPS4XP22"
574.884822553562,-3.87436411734146,0.497069762058804,-7.79440716991977,6.47115662926742e-15,6.73104662937832e-12,"NTS"
125.34429224165,-0.899496341763027,0.115539074407565,-7.78521332609994,6.95956773769464e-15,7.01285192818637e-12,"EIF4BP6"
8.0784495021604,2.38217590529523,0.308476643875251,7.7223866136802,1.14171469648505e-14,1.05335108823433e-11,"ATP5MFP2"
4.096286268911,2.84358282199214,0.36823459926073,7.72220434391808,1.14334898707401e-14,1.05335108823433e-11,"AC135782.1"
3.4188519258975,2.79127616267782,0.361241610302164,7.7268954712693,1.1020106208056e-14,1.05335108823433e-11,"AC100757.2"
24.3873582702875,-3.0020164348395,0.389677764924488,-7.70384329067693,1.32033752392297e-14,1.18261898496934e-11,"CEACAM8"
12.2104039827531,1.12725222667717,0.146729218872407,7.68253409470818,1.55972012991355e-14,1.3592750159206e-11,"RPS10P5"
209.295285687873,2.38401214066132,0.314132073289533,7.58920321537494,3.21878614789857e-14,2.7313094562892e-11,"RPL10P6"
104.004540788187,0.821555916704687,0.1093230562684,7.51493733113057,5.69382023079785e-14,4.70762136774556e-11,"AC004980.1"
60.6137850843425,-2.97816721036108,0.399330488550642,-7.4579009010062,8.79117482449154e-14,7.08678580539325e-11,"MYBPC1"
117.805262371636,-5.12605269244377,0.688654736041515,-7.4435742966193,9.79969461484125e-14,7.70710128915991e-11,"DLK1"
37.5613316385147,3.06064598525676,0.414825073777993,7.37816052771864,1.60491394205954e-13,1.23215357289785e-10,"NLRP11"
2.61453056440126,1.66227352566784,0.225695111716065,7.36512861545297,1.76976156924217e-13,1.32711539070265e-10,"NPIPB10P"
18.8645784983306,1.54897124115427,0.210421491338552,7.36127869496984,1.82156809814265e-13,1.33491962101386e-10,"AC018475.1"
4.10465082386354,2.77660896128561,0.380086070514073,7.30521104740881,2.76831880445543e-13,1.98365421888145e-10,"TBC1D3E"
218.385766984434,-3.70698513641327,0.511896393029613,-7.24167074996135,4.43190723316543e-13,3.10667062463955e-10,"UPK1B"
2.02381462796847,2.61272949951816,0.361009953922679,7.23727828312944,4.57778244413826e-13,3.14065095555826e-10,"AL954642.1"
877.09450266047,-2.73288966035276,0.379322729814444,-7.20465568116528,5.8190704062051e-13,3.90908177600174e-10,"ABCC2"
36.3053192138037,-2.35951135654977,0.330070352772069,-7.14851042128932,8.77245916740377e-13,5.77281522148846e-10,"CCDC144A"
198.205847449643,1.04990481419036,0.148130454497453,7.08770399545632,1.36355225478036e-12,8.70629706864968e-10,"MHENCR"
63.9400885521016,2.03892632003789,0.287726170737965,7.08634294478123,1.37702326097421e-12,8.70629706864968e-10,"LAIR2"
2.30632627251035,1.55541420311072,0.220394363833187,7.05741370177682,1.69630043916691e-12,1.05186937809494e-09,"AL132640.2"
50.0104429883509,1.06560918234652,0.151081554616058,7.0532050391892,1.74842913223723e-12,1.06373768620735e-09,"WASH7P"
7622.74256472629,0.858146885738621,0.122225376090659,7.02102061933608,2.20253344239726e-12,1.31519797870555e-09,"IDH2"
85.0505680914764,1.90316691753504,0.272980191379529,6.97181325838046,3.12881699892547e-12,1.83434007509731e-09,"AC015712.6"
12.6547288388961,-2.49121878910916,0.357795162290243,-6.9626955634696,3.33822708116398e-12,1.9221630755738e-09,"AC098850.3"
21.0684756512909,1.45631498109098,0.209354437324028,6.95621740673675,3.49530334372117e-12,1.9772992336542e-09,"TUBB8"
24.3898414605803,1.35078372603642,0.194479574978447,6.94563285726082,3.76767455074155e-12,2.09463217049416e-09,"NTN5"
31.326741334909,1.1323333129928,0.164013324504473,6.90391049882,5.05901806722608e-12,2.76488199284245e-09,"AC112484.1"
185.631682738386,-2.22559750078951,0.324673127364983,-6.85488669435704,7.13690635714037e-12,3.83549242476652e-09,"AC119673.2"
22.4244343476476,0.905146280092528,0.132697253670776,6.82113800439467,9.03221205032352e-12,4.77448651742101e-09,"AC012184.3"
22.1783815770367,1.26457738614801,0.186551052678518,6.77872018405198,1.21245089720348e-11,6.30572244843972e-09,"AL391095.1"
158.042361313311,0.73275922464246,0.108390716424528,6.76035041389061,1.37658391177087e-11,7.04570606905583e-09,"SDR39U1"
16.4143042188231,1.1052308907601,0.163581041020842,6.7564730231744,1.41391291568314e-11,7.12369093221919e-09,"AC083880.1"
2.0814553475336,1.93414272550453,0.287833859547342,6.71964976096362,1.82161876048942e-11,9.03663029722788e-09,"AC093424.1"
293.965793692042,-3.05435694190677,0.455459830179403,-6.70609511425777,1.99901452541897e-11,9.76639748062645e-09,"ALB"
177.133729170866,-0.944980698086918,0.141045825621394,-6.69981329772574,2.08685993413003e-11,1.00434027725407e-08,"FP565260.1"
14.3765088399832,1.33354341754391,0.199169100717566,6.69553365828042,2.14885977979096e-11,1.0189703470494e-08,"IZUMO1"
875.337956540647,0.925686757561031,0.138811115933047,6.66867888309115,2.58116310554716e-11,1.20622614983142e-08,"SCAMP5"
15.4296897939689,1.05731118271036,0.160961209642555,6.568732833571,5.07452374971138e-11,2.33287177202409e-08,"AL359091.4"
4.84361490451244,1.88379940422415,0.286862025939483,6.56691800894399,5.1367311463393e-11,2.33287177202409e-08,"MICD"
25.407474669724,-2.20853484537254,0.337193725847161,-6.54975071028932,5.76332091735933e-11,2.58108726361461e-08,"SLC13A5"
320.3636440516,-2.44927501127703,0.375860358633788,-6.51644940738066,7.19910753233318e-11,3.17993455315183e-08,"GKN2"
42.9984574963331,-2.32545995767069,0.358258019706039,-6.49101996259232,8.52571801098845e-11,3.71502401708544e-08,"UGT2B7"
74.8142970169978,1.07209968705998,0.166143142571776,6.45286751210219,1.09753305253525e-10,4.71866043719989e-08,"AL121832.2"
3.09211118108492,1.38507944333261,0.21489187216395,6.44547152660981,1.15241561635026e-10,4.88942651963345e-08,"AP001269.4"
1389.51407783385,0.519998397042292,0.0812193083392235,6.40239873590708,1.52954574639456e-10,6.40522111590812e-08,"PRKRIP1"
93.530168190045,-3.564539838947,0.557272259641886,-6.39640638354697,1.59076286346994e-10,6.57617288879338e-08,"KRT20"
41.3198604971434,0.721094469311606,0.112940751906403,6.38471461487345,1.71717402663671e-10,7.00889575808871e-08,"AC245140.2"
955.134935535087,-2.36631514381972,0.371554689121055,-6.36868599187225,1.90654478868915e-10,7.68456708891022e-08,"SHISA3"
49.88777351149,1.09935491568441,0.172882071038359,6.35898742467334,2.03088030827789e-10,8.08465870869388e-08,"AC010654.1"
3.14677940792069,-2.69515198877906,0.424471046392103,-6.34943657921353,2.16104933729896e-10,8.49793120502499e-08,"FAM106C"
5.04313094919171,1.55251378215321,0.24534299965638,6.32793185184665,2.48468823345377e-10,9.65286410695381e-08,"CAP2P1"
4.68479803228077,1.3359892555615,0.211367296829399,6.32069991716748,2.6038122903831e-10,9.99522944088131e-08,"CRYBB2"
18.93254488028,1.52304175807137,0.241423776168133,6.30858228731661,2.81603000155094e-10,1.06826926352953e-07,"CALML6"
2.10021242996277,1.40174265185871,0.223171995580398,6.28099707677586,3.36408468161601e-10,1.26133616928731e-07,"MIR324"
10.6528590051389,1.31609288055274,0.210054836147687,6.26547288645817,3.71695675124347e-10,1.37635150992372e-07,"EFCAB8"
8.27062015045378,1.00246608774278,0.160040286415187,6.26383587656246,3.75620818338619e-10,1.37635150992372e-07,"AGAP10P"
70.2292459929625,1.25812087109014,0.201185417863221,6.25353907083611,4.01254120769954e-10,1.45375720496934e-07,"GSTT2B"
30.918751813761,-2.37767504611559,0.380878715419885,-6.24260414104372,4.3034506200325e-10,1.54183072492165e-07,"LINC02188"
234.728256684716,0.694307247069833,0.111372835011655,6.23408075225145,4.54438632547543e-10,1.59141535253177e-07,"ULK4"
196.572465309126,1.27912386990182,0.205233817340138,6.23251999343704,4.58990937464581e-10,1.59141535253177e-07,"RAB26"
16.0495963592069,0.934457162838763,0.149890970758001,6.23424585292361,4.5395966449079e-10,1.59141535253177e-07,"HSD52"
3.96086675398955,1.0925606479475,0.175410550497016,6.22859140942085,4.70647457586022e-10,1.61447098615546e-07,"AC016876.3"
2.46689838482924,1.35154587323137,0.217208263585771,6.22235015795187,4.89762455214065e-10,1.66235688088184e-07,"AC099791.2"
118.079830155813,-2.66379707862275,0.428331307447194,-6.21901092053876,5.00298490085541e-10,1.68042966800086e-07,"ANXA10"
2.57654874484136,2.34597031712517,0.380268047493024,6.16925437882921,6.8612768627876e-10,2.28084404577924e-07,"IGHV1OR15-6"
128.042800157221,-1.9814669035716,0.321550103021154,-6.16223376996166,7.17258572605687e-10,2.36000027282351e-07,"CDHR2"
14.2949618768049,2.20954890650647,0.359367928316998,6.14843098785773,7.82531614458917e-10,2.54876079881089e-07,"AC010255.2"
6.70373184363943,1.18437426727764,0.192935274673589,6.13871294029245,8.31927422214071e-10,2.68254997292927e-07,"AC087742.1"
116.928463999646,1.38132595349466,0.225187522796322,6.13411407675567,8.56350552066083e-10,2.71232368661027e-07,"SSPOP"
79.8176403288393,-0.71794167533198,0.117046591594119,-6.13381103673292,8.57984233320662e-10,2.71232368661027e-07,"HMGB1P10"
25.721097308534,1.72681688009546,0.282070781420924,6.12192752257667,9.24500774850692e-10,2.89422596942336e-07,"COX6CP1"
26.3616709838051,-3.21583195283058,0.526247966463988,-6.11086817957453,9.9090590308246e-10,3.07228469662441e-07,"AL353586.1"
929.86048589177,0.666960255005853,0.109343226187724,6.09969431358095,1.06271500926632e-09,3.25248401482058e-07,"CENPT"
15.3054759853721,1.27298106403581,0.208729155757245,6.09872185520795,1.0691992729756e-09,3.25248401482058e-07,"CEND1"
14.6263957184608,0.731081961848788,0.120829809104863,6.05050994671618,1.44388047383136e-09,4.31091906284186e-07,"FAM21EP"
7.0800214187815,1.24317943704168,0.205441299519945,6.05126349933833,1.43714152580838e-09,4.31091906284186e-07,"AC130686.1"
87.9247325864463,0.998095340932171,0.16575002848997,6.02169031296768,1.72604911551609e-09,5.10609667246022e-07,"AC099489.1"
155.889299316551,-1.30057339933368,0.216892593856284,-5.99639377357192,2.01747474649108e-09,5.88084598988906e-07,"EIF5AL1"
7.44407953337714,0.913254603789933,0.152314820380558,5.99583547752063,2.02441899481373e-09,5.88084598988906e-07,"AL031432.3"
49.8389258783205,0.5863981661237,0.0978763338885077,5.99121506524421,2.08278986089517e-09,5.99638920219327e-07,"CDPF1P1"
1.61475530476997,1.77342129209669,0.297029368298407,5.9705250772208,2.3649122811937e-09,6.74837137230894e-07,"RPS26P38"
7.08414018340082,1.02004190528791,0.17211024570515,5.92667741021876,3.09125390065171e-09,8.74363877425564e-07,"AL356966.1"
1141.68313202271,0.662115332960956,0.111796229951701,5.92251933045512,3.17046524283785e-09,8.88970884828753e-07,"SNHG17"
105.896601416409,1.53867709099376,0.259947794470679,5.91917732607391,3.23555964851496e-09,8.99401904020388e-07,"ADRA2C"
57.1947350779787,0.684150816690063,0.116166284356714,5.88940948295485,3.87578020236999e-09,1.06815839850787e-06,"CDK11A"
217.705766775413,0.578321505295806,0.0983313834300319,5.88135227149848,4.06928048226455e-09,1.11198261992051e-06,"AC073111.3"
21.2732400213866,0.988301082882095,0.16898621136783,5.84841257095747,4.96286374799506e-09,1.34476925675715e-06,"AC004801.2"
748.695966413894,-2.047877166849,0.350534382306243,-5.84215777458281,5.15289675225417e-09,1.38462629813696e-06,"MUCL3"
17.7373552764946,1.18382818654956,0.202785194033729,5.83784330108764,5.28808555226655e-09,1.40920924489946e-06,"AC112484.5"
34.2480968794663,-3.0704340192734,0.526330125147648,-5.83366574051234,5.42226936404274e-09,1.43312357084884e-06,"AL133370.1"
78.6663053834614,-2.00742680022208,0.34439642981682,-5.82882581358292,5.5818728719027e-09,1.46331293296344e-06,"SPX"
520.598832258617,0.634373957937051,0.108956345641755,5.82227638234906,5.80514442678069e-09,1.50957162936729e-06,"HMGB1P5"
1128.81329619776,-1.36281548297223,0.23421343243914,-5.81869053700134,5.93104248206497e-09,1.52997171867348e-06,"CA2"
287.087483683075,0.800943857252927,0.137749021038045,5.81451578542771,6.08096476000454e-09,1.55619610068529e-06,"PLA2G4C"
6.65012611358435,2.26559090588406,0.390039042417513,5.80862595662637,6.29876336233284e-09,1.59924113872774e-06,"AC006372.2"
92.787342476951,1.00171136037092,0.172529190626256,5.80603987496178,6.39677337713957e-09,1.61143716832707e-06,"SYCE1L"
15.760927209103,1.22639343196717,0.211428160941236,5.80052073719749,6.61092974722015e-09,1.65247619921794e-06,"AC090589.1"
19.6943082226131,0.704909044265837,0.121646845572373,5.79471700190084,6.84364827849596e-09,1.69748799030848e-06,"AC107214.1"
18.7721828130658,0.83692721830026,0.144505454601775,5.79166523925789,6.96919459914209e-09,1.71543267060562e-06,"CAHM"
17.4323952384407,1.02836830127174,0.177647034186785,5.78882898878273,7.08788132791545e-09,1.73142979862601e-06,"RNF207-AS1"
31.3399180260843,2.61845176296935,0.452606192682845,5.78527604195682,7.23933511100939e-09,1.75513053123683e-06,"NEFM"
297.276160264057,0.623974609415514,0.10804058869297,5.77537217229282,7.67831741873209e-09,1.84766675497773e-06,"RALY-AS1"
79.9156773300172,1.17018516640172,0.202724155173416,5.77230259216377,7.81955294671227e-09,1.86771470197583e-06,"AL031058.1"
66.9746957882457,-1.62024239167616,0.281046224842273,-5.76503880308464,8.16390558344202e-09,1.92149733969407e-06,"VTN"
4.44267662281664,1.86453935941576,0.323354745814125,5.76623471141987,8.10621472045466e-09,1.92149733969407e-06,"AC023787.3"
57.9220537266431,1.76106133304462,0.305972915215574,5.75561183840035,8.63285453087034e-09,2.00263593056053e-06,"IGKV2D-30"
45.3044671113835,0.844809086838241,0.146753324951923,5.75666062159072,8.57941480317379e-09,2.00263593056053e-06,"PKD1L1"
11.1865916685413,1.13003653833179,0.196721278787274,5.74435335769531,9.22729201717388e-09,2.12524307924123e-06,"IL12A-AS1"
58.0703525893603,1.05955417350629,0.184706803808838,5.7364111752097,9.67037288001439e-09,2.21149768451109e-06,"AP001992.1"
7995.74064620481,-0.329100542397274,0.0574035129010045,-5.73310805847066,9.86067664111803e-09,2.23913745276656e-06,"C6orf62"
2.32280652863789,1.91297661664226,0.333901446071765,5.72916541436931,1.00925943381385e-08,2.27577415687606e-06,"AC091812.3"
92.5521837416362,-2.32043362385676,0.405549240882253,-5.72170624412654,1.05459534818676e-08,2.36148798626959e-06,"ARL14"
9.28227783543433,1.02631248651134,0.179478864134539,5.71829162982671,1.07600357812706e-08,2.39280933632462e-06,"AL353743.2"
117.429404941917,2.03180931968223,0.355428879993018,5.71650035788353,1.08740241250812e-08,2.40159525967975e-06,"IGKV1D-17"
64.9011976640935,-1.92784904360427,0.337559492617851,-5.71113858672248,1.12222809720032e-08,2.4363016802903e-06,"ITLN1"
21.069195908416,0.660558254778961,0.115638957768862,5.71224669889602,1.11494298814663e-08,2.4363016802903e-06,"FMC1"
7.54115296715993,1.71805648962467,0.300853920963647,5.71060029439426,1.12578368851994e-08,2.4363016802903e-06,"AC109446.2"
109.00645318769,1.19938912672957,0.210235152920444,5.7049884858382,1.16350953628509e-08,2.50115766650086e-06,"MIR503HG"
103.598745964402,0.643193598047802,0.112844662867312,5.69981407808449,1.19938161533471e-08,2.56119603883893e-06,"PARTICL"
236.886549639935,0.910719027380217,0.159868682334075,5.69666937941669,1.22170513979998e-08,2.57476354463075e-06,"SLC9A5"
44.8275652948873,0.614344376907251,0.1078343425069,5.69711246552036,1.21853550811169e-08,2.57476354463075e-06,"LIN37"
8.70185895260374,0.965541628494361,0.169717773852409,5.68910142159901,1.27709605036544e-08,2.67402351584635e-06,"AC079305.1"
3.03829995520699,1.19449958299322,0.210014650627717,5.68769645080932,1.28764437720594e-08,2.6787156737423e-06,"USP12-AS2"
15.1053346427092,1.08731764757342,0.191740485942199,5.67077757329349,1.42150854513897e-08,2.93823993833372e-06,"PYY2"
10.9564897538527,1.29862773078959,0.229165320917698,5.66677246622309,1.45512364622013e-08,2.98856445683873e-06,"LINC00634"
2436.73090686869,1.66946564304194,0.295158285728277,5.6561706845623,1.54787540650916e-08,3.08614689834014e-06,"IGHV1-24"
876.208214632783,1.09411219498965,0.193350423442256,5.65870079574149,1.52523194057133e-08,3.08614689834014e-06,"HSF4"
26.4189609401434,-2.82194734943282,0.499033643566643,-5.65482384967891,1.56006185278165e-08,3.08614689834014e-06,"F2"
40.0716980266574,-2.06492868097959,0.364843333764762,-5.65976815218714,1.51577632856444e-08,3.08614689834014e-06,"MRGPRE"
16.5561019214879,1.04142347638459,0.184163233465884,5.65489352454007,1.55942914062324e-08,3.08614689834014e-06,"AC131011.1"
11.4558119358795,-2.4960336432865,0.441374002231482,-5.65514423293432,1.55715453787299e-08,3.08614689834014e-06,"NCAPD2P1"
19.6432548773553,1.33886448407947,0.237321014581021,5.64157576371049,1.68500863756365e-08,3.29291536474182e-06,"RAMACL"
1.57811657552287,1.8008404257316,0.319208214333843,5.64158547576785,1.68491357439659e-08,3.29291536474182e-06,"AP001056.2"
103.533910627142,-2.26357287362587,0.401643023196019,-5.63578287906958,1.7426482808568e-08,3.3710063409003e-06,"PIK3C2G"
7.03411398684515,0.945769533182452,0.16782461007658,5.63546390932111,1.74587706289456e-08,3.3710063409003e-06,"AC005014.2"
125.221512685005,0.786392959031838,0.139579907663663,5.63399827521564,1.76078781973059e-08,3.379559717096e-06,"AL118516.1"
102.571619710926,1.17319265239422,0.208435849665023,5.62855504117768,1.81725515199794e-08,3.46730132403394e-06,"AF064858.1"
5.2470755690688,0.859642868289328,0.152783432596199,5.62654506239124,1.83854773783444e-08,3.4872924592042e-06,"AC004839.2"
15.2065359097103,1.77186214029672,0.315260264780505,5.62031546072054,1.9060909347943e-08,3.59426328610774e-06,"HPR"
337.752829822712,-1.40913099374599,0.251026679634579,-5.61347102944307,1.98307816194622e-08,3.71769507743929e-06,"CYS1"
12.8065746078415,-2.57045657468001,0.458003006969702,-5.6123137524511,1.99639035548027e-08,3.72101774638504e-06,"KNG1"
39.8395655573846,-2.29533589874071,0.409140152222026,-5.6101457807913,2.02156249041394e-08,3.74628060364353e-06,"HCN1"
50.6287874843651,-2.13469174540514,0.380859132547542,-5.60493779189782,2.08329774327031e-08,3.83862489895721e-06,"MTRNR2L1"
53.4537213099661,0.937826677500631,0.167530941144528,5.59793117076548,2.16924836619132e-08,3.97428486180905e-06,"SNORD104"
18.929144813913,0.863128898697964,0.15430515759391,5.59364905332255,2.22346168857972e-08,4.03614837417151e-06,"AC253536.6"
2.33062698795731,-2.69688229854252,0.482163741448015,-5.5932913794873,2.2280490327261e-08,4.03614837417151e-06,"AL162408.1"
43.7554164620444,-1.67016977257393,0.298728876969509,-5.59092173986381,2.25867372046232e-08,4.06876726906746e-06,"LINC02432"
246.590463959456,2.26414787572209,0.40508539589025,5.58931005336839,2.27973583569036e-08,4.08389344565753e-06,"IGKV2-29"
40.8910728521113,0.995295415325955,0.178178995772978,5.58593009803516,2.32452728313791e-08,4.14112609087192e-06,"AC040169.1"
25.9376016793149,-1.77425782524477,0.317705102804513,-5.58460600595544,2.34230612325124e-08,4.14987148045255e-06,"MMP8"
217.848145737522,-2.18366979411256,0.391246758933901,-5.58131088437074,2.38712518825493e-08,4.20616675930493e-06,"USH1C"
5.71205008048144,-2.20700250779174,0.395730445850646,-5.57703490073314,2.44652799205072e-08,4.28740734259106e-06,"FLJ42393"
1184.13565608987,0.558269064770719,0.100133861255608,5.57522757806818,2.47206478433789e-08,4.29840766914869e-06,"CUTALP"
103.611941281561,0.636653715452695,0.11420397484887,5.57470715266433,2.47946604577968e-08,4.29840766914869e-06,"CHKB-DT"
4.04284572696371,1.72243171080091,0.309449416824388,5.56611716537304,2.60478137074695e-08,4.49150670052061e-06,"AC087392.2"
210.255803988474,0.659862008524066,0.11879519513149,5.5546186678147,2.78218453320567e-08,4.77189044006472e-06,"TMEM44-AS1"
247.849270968205,0.602725616102683,0.108653411316565,5.54723141040296,2.90228508560384e-08,4.92548329396295e-06,"ZGPAT"
1.88186212220255,1.34222352720047,0.241962129828317,5.54724629078457,2.90203818060722e-08,4.92548329396295e-06,"HMGB1P40"
13.4032219765683,-1.67343786696919,0.301730809447159,-5.54612858406907,2.92064074026307e-08,4.93068380470066e-06,"INSL6"
7.44707030776695,1.29792400738884,0.234076639228346,5.5448677478776,2.94176435407068e-08,4.94047872901089e-06,"AC024937.2"
218.447294523083,-1.5908021608503,0.28786847011918,-5.52614240868995,3.27348454611116e-08,5.46909374038105e-06,"PLA2G2A"
2.29274779867923,1.10692465041205,0.200352726260714,5.52487940179881,3.29712008044368e-08,5.4801874739127e-06,"DKFZP434A062"
4.81082668107087,1.17659299024235,0.213088816456728,5.52160835940109,3.35910553624386e-08,5.55458246236838e-06,"AC024884.2"
38.1836225236508,-0.907105277250268,0.164575520737377,-5.51178737388164,3.55207876682174e-08,5.80549419331166e-06,"RGPD4"
15.5197662705445,1.21774797672807,0.220960554957427,5.51115549543537,3.56485610257624e-08,5.80549419331166e-06,"VWFP1"
17.2372735754507,0.908333180539718,0.164785231520954,5.51222443999305,3.54326676835012e-08,5.80549419331166e-06,"AL359513.1"
126.776652957735,-2.57239760634155,0.467133078336087,-5.50677681722807,3.65463102543078e-08,5.92178780979977e-06,"OLFM4"
12.0310553857758,-3.06047753656882,0.555948502285237,-5.50496588081211,3.69239772722224e-08,5.93273155191973e-06,"WFDC5"
5.54608221474013,1.15140078217006,0.209167231451911,5.50469007108686,3.69818279403276e-08,5.93273155191973e-06,"AC073352.1"
110.38005001973,0.471220960331985,0.0856372246173832,5.50252489425415,3.74390341802399e-08,5.94690471498442e-06,"WDR83"
4.13416704311102,3.19443451403053,0.580485113496967,5.50304295451536,3.73291424463878e-08,5.94690471498442e-06,"CYP4F34P"
212.188036428055,0.679275020394841,0.123499047834716,5.50024500030107,3.79263885823843e-08,5.9947862737205e-06,"AC022400.6"
40.8761724215209,-2.01609849694487,0.366700936381951,-5.49793659333592,3.8426104035075e-08,6.0441449981024e-06,"ANXA13"
17.3656598222951,1.01227673458808,0.184233841333955,5.49452113280949,3.91772013032352e-08,6.13237308748941e-06,"STIM2-AS1"
3.23264940252906,1.53404305830212,0.279482297046249,5.48887380172157,4.04504484886595e-08,6.30108556288321e-06,"BX664718.2"
1190.8452377945,-2.38912009689597,0.435521218502194,-5.4856571744367,4.11935102378593e-08,6.38598431547968e-06,"TCN1"
8.93559636078246,-2.88116291203661,0.527187703196863,-5.46515575868946,4.62500510918393e-08,7.135564102662e-06,"HAND1"
51.9913857397176,0.714931849729919,0.130891860250028,5.4620038890445,4.70789763527546e-08,7.19460470376574e-06,"WDR88"
24.0522008656684,0.885219094236554,0.162045494412883,5.46278128524242,4.68731971688455e-08,7.19460470376574e-06,"ADAMTS7P4"
128.286064757094,0.487710660940485,0.0893374788611649,5.45919436229461,4.78299935942074e-08,7.27489690304348e-06,"RABGEF1"
63.090924323677,0.893073802153481,0.163758463595298,5.45360393927831,4.93590728857005e-08,7.47222209013808e-06,"MELTF-AS1"
22.2733179787874,0.895103388494848,0.164198250990946,5.45135763074727,4.99867308561743e-08,7.49684714631321e-06,"ECE1-AS1"
5.59349051071757,1.18478322409136,0.217312726092582,5.45197350102083,4.98138803171902e-08,7.49684714631321e-06,"AC015819.2"
45.4322041282301,0.806022235807744,0.148079344384958,5.44317804184997,5.23382876819959e-08,7.8131855847498e-06,"REM2"
70.010308555761,0.689675698852239,0.126758025060971,5.44088390869536,5.3016856060664e-08,7.87801162984383e-06,"AL117336.2"
702.692501597344,0.757450335310149,0.139357834369997,5.43529065828554,5.47071803294769e-08,8.09189463176139e-06,"NSUN5P1"
1499.98380746534,-0.405352922690307,0.0746335791159628,-5.43124056881266,5.59636300443942e-08,8.23994178439037e-06,"SLC35A5"
1624.71791529951,0.455862168242025,0.083962029080307,5.42938484497567,5.65486262454361e-08,8.28822933310949e-06,"CHST12"
21.2014258863063,1.14940065876547,0.211956192550602,5.42282178658716,5.86654746204767e-08,8.55958474722746e-06,"AC074212.1"
138.473535050259,-1.54879204031541,0.286443340239137,-5.40697521199968,6.40980102622773e-08,9.3100916257078e-06,"TDRD9"
17.3294149858281,1.22997020167227,0.227668029370552,5.40247220952739,6.57286431848774e-08,9.50412600671019e-06,"AC112484.3"
937.482590981524,0.436967179112062,0.0810988042247584,5.38808411898461,7.12127225589491e-08,1.02511349951487e-05,"DPH7"
21.291953125076,0.801082607609032,0.148874396067342,5.38092935232914,7.41022741125459e-08,1.05103432621161e-05,"AC116407.4"
21.4113117465607,1.18181701374318,0.219651931594624,5.3804080171909,7.43172046445177e-08,1.05103432621161e-05,"DNAH8"
16.6010749539957,0.975761575042479,0.181284198058626,5.3824965743949,7.34597754061843e-08,1.05103432621161e-05,"AC132872.2"
7.71747557212252,-2.92646251814232,0.543855946825567,-5.3809515832709,7.40931223715116e-08,1.05103432621161e-05,"LINC02617"
8.03088637873194,1.06080475128975,0.197403413673799,5.37379132177869,7.70980800129434e-08,1.08560156769317e-05,"AC010331.1"
23.6561903847897,1.59899359082767,0.297692091132081,5.37130020736165,7.81709449497152e-08,1.09117840688466e-05,"COX20P1"
14.3832236765543,0.759811711713683,0.141445221636788,5.37177363025226,7.79659461590506e-08,1.09117840688466e-05,"WWTR1-AS1"
108.642155908239,-1.33011728583074,0.247791400984294,-5.367891220386,7.96625739172805e-08,1.10720676550117e-05,"SULT1B1"
5117.19768468427,-2.91159462075971,0.542849783158009,-5.36353649037422,8.16081559710357e-08,1.12937982372792e-05,"FGB"
10.7858521651313,0.893370227346074,0.166604592230461,5.3622185042192,8.22060143488734e-08,1.1327918515724e-05,"AC073073.1"
1.60008248981367,1.36916595822628,0.255991336547685,5.34848552568588,8.86932677415991e-08,1.21698485886292e-05,"NRBF2P2"
164.030539434375,-2.5764180585815,0.482001674949024,-5.34524710698148,9.02937847623589e-08,1.23369622443316e-05,"SLC13A2"
4.70423780778735,1.93520307786425,0.362123727555692,5.34403832338391,9.08983368596185e-08,1.23671597976304e-05,"AC008397.1"
12.7774624442717,0.962429311487646,0.18035749230587,5.33623138791181,9.4898285205025e-08,1.28571227161178e-05,"AC018809.1"
93.1247425390977,-1.94992848302366,0.366594446845147,-5.31903442565601,1.0431939757984e-07,1.39575891077259e-05,"CDHR5"
12.2750238906346,-2.73761218107432,0.51456744880818,-5.32022028873974,1.03641680899982e-07,1.39575891077259e-05,"TM4SF20"
67.0285809112296,1.32603084010701,0.249287489958205,5.31928353215529,1.04176679149952e-07,1.39575891077259e-05,"AC008556.1"
73.9709400074209,0.816760230465909,0.153658914328824,5.3154106550439,1.06417055497905e-07,1.41794130352477e-05,"ERICH6-AS1"
259.48441816449,1.05303256130194,0.198571935368465,5.30302814115178,1.13897355430227e-07,1.4990286636113e-05,"AL450405.1"
41.9741209805667,0.653252242813135,0.12317870105937,5.30328893871252,1.13734686259749e-07,1.4990286636113e-05,"AP004609.3"
5.54306519140008,-1.0673532602382,0.20125729899916,-5.30342633805622,1.13649075608181e-07,1.4990286636113e-05,"AC009268.2"
16.7927466660443,0.951461569195273,0.179529862946374,5.29973985152253,1.1596779893669e-07,1.52007385232259e-05,"AC139100.2"
152.135221436985,1.56011958360824,0.294469221050445,5.29807352375541,1.17030845135636e-07,1.52779740947311e-05,"NPIPB15"
17.5067404039258,-2.93511049662102,0.55438708644926,-5.29433417257214,1.19450825630508e-07,1.55310156147409e-05,"AC068643.1"
8.6361944258136,-1.35590078390573,0.256326574987775,-5.28973940361195,1.22490756429375e-07,1.58142974614455e-05,"RPL3P6"
5.69889550811947,-1.78791101114842,0.338007464120868,-5.28956073736016,1.22610462563541e-07,1.58142974614455e-05,"AC090796.1"
51.0890523173054,-1.59297414713129,0.301763085550853,-5.27889004125008,1.29968764960415e-07,1.66965849647354e-05,"WT1"
80.1065344506551,0.587246629730445,0.111297261571821,5.27637986269312,1.31760823177355e-07,1.6793260601607e-05,"AC079922.2"
15.4967784689003,1.60430647652598,0.304096246227583,5.2756536669819,1.32283708879149e-07,1.6793260601607e-05,"DRD2"
6.46928045353387,1.18126585911549,0.223891320635694,5.27606811984281,1.31985043277917e-07,1.6793260601607e-05,"NPIPB6"
34.5357248429553,0.981545815818386,0.186101248191507,5.27425702598367,1.33294986495947e-07,1.6835443777968e-05,"LINC02846"
3.9123304687488,3.30406031129983,0.6265099958504,5.27375514067421,1.33660214208709e-07,1.6835443777968e-05,"TBC1D3D"
44.4806483320539,1.03895912748042,0.19707321455545,5.27194489532261,1.34985610627031e-07,1.69362296290608e-05,"DOC2GP"
36.4292705060069,0.844940265802931,0.16048920646995,5.26477938540459,1.40357801719569e-07,1.75420051025097e-05,"SBNO1-AS1"
29.5384783242838,-1.18327955194179,0.2248793971754,-5.26184064349329,1.42620355639427e-07,1.77559589482368e-05,"H3P16"
141.491638010831,0.538559440174897,0.102470249367136,5.25576392661363,1.47411283224397e-07,1.82818339521949e-05,"AP002990.1"
96.8274937780935,-2.09601830507902,0.399046918948581,-5.25256105372687,1.49998718192739e-07,1.84607201073469e-05,"CALB1"
9.14643060485684,0.806476635492776,0.153536582707861,5.25266761360244,1.49911931995778e-07,1.84607201073469e-05,"AL355334.2"
27.6664507010239,-2.27541577654135,0.433896667211699,-5.24414209300938,1.57011166301272e-07,1.92502853892947e-05,"CDH16"
29.5325901279326,0.760782379917997,0.145116105220051,5.24257716787783,1.58349131277541e-07,1.93407868865315e-05,"AC108673.2"
3157.83074889348,0.551527083417289,0.105246405629781,5.24034127452641,1.60279899939135e-07,1.95027372586317e-05,"CDK5RAP2"
1464.07461826671,-0.935706470819692,0.178668836247401,-5.23709948792652,1.6311977416903e-07,1.9773673376242e-05,"F2RL1"
21.5950236039908,0.671770071076695,0.128386036795096,5.23242315010344,1.67302217130039e-07,2.02047190687569e-05,"AC073389.1"
9.03875744100446,0.786734205371515,0.150407173761439,5.23069602131714,1.68873001356568e-07,2.03183206296363e-05,"FAM87B"
10.5401273083423,1.18306357915235,0.226368854764506,5.22626480742283,1.72968590575905e-07,2.07337256621564e-05,"PNLDC1"
11.1699428965501,1.00634958582069,0.192810303005712,5.21937661075548,1.79526372302928e-07,2.14401032403997e-05,"AC020663.3"
163.599448937535,-2.11955576038898,0.406482702962691,-5.21438118999992,1.84431864218499e-07,2.19446696004631e-05,"KRT14"
512.429078860666,0.443012423485108,0.0849826035024631,5.21297777694312,1.85833165992684e-07,2.20301119023312e-05,"ARRDC1-AS1"
33.3946582677344,0.579596999650547,0.111225316854207,5.21101684439592,1.8780839740779e-07,2.21827171223963e-05,"AC072061.1"
16.1940751465514,1.20548668385284,0.231503282036643,5.20721206735216,1.91698967328598e-07,2.25596102244914e-05,"SSUH2"
113.807987067938,1.1209900021087,0.215323907129024,5.20606381825028,1.92888332348524e-07,2.26170337330115e-05,"DPYSL4"
695.551060304562,0.473051211288488,0.090887925043957,5.20477512342483,1.94231666935354e-07,2.26516666654954e-05,"ZNF580"
42.0557125321289,0.769223986105831,0.147801657734126,5.20443409024244,1.94588670067986e-07,2.26516666654954e-05,"YTHDF3-AS1"
12.3024618341294,0.818615139576081,0.157628974376056,5.19330372361054,2.06594732265488e-07,2.38799029088314e-05,"AL031963.3"
3.57165550179877,-2.17802632120813,0.419393192712463,-5.19328009861474,2.06620961747991e-07,2.38799029088314e-05,"THRB-IT1"
48.0610413916822,-2.67015750774418,0.515173254680634,-5.18302820164735,2.18312013175855e-07,2.51406176286157e-05,"KLK5"
81.3218808362334,0.618822942260647,0.119409345294028,5.18236609318043,2.19088651066554e-07,2.51406176286157e-05,"AL118558.3"
44.4159562538003,0.76264668705984,0.147181030362557,5.18169145290789,2.19882734243421e-07,2.51422651265217e-05,"COA6-AS1"
58.4099989792958,1.60809479807235,0.310478667310324,5.17940511663256,2.22594595539331e-07,2.53624124846845e-05,"LINC00930"
5.34083828746553,1.07033034154602,0.206712931212673,5.17785866257601,2.24447162564923e-07,2.54834463271336e-05,"AC072054.1"
29.1742502275095,1.12060627041832,0.216514238069123,5.17567011025188,2.27094408643212e-07,2.56935410761417e-05,"PCP2"
30.7008469624757,0.726262518204066,0.140460764615356,5.17057215367506,2.33378339810488e-07,2.63121838013608e-05,"FANCG"
613.737884602648,0.817119757616256,0.158098304577837,5.16842833829354,2.36070771784844e-07,2.65230036104609e-05,"RPL3P4"
821.557790977685,-2.52525519135448,0.488924187740318,-5.16492179089271,2.40539476816923e-07,2.68380464704557e-05,"TFF1"
5.77974007601093,0.965880629080736,0.186999463791867,5.16515186458381,2.4024378545926e-07,2.68380464704557e-05,"AC139256.1"
29.6569601374706,0.690907931569584,0.133801788165091,5.16366739969953,2.42157818390138e-07,2.69254443241035e-05,"LINC00115"
15.6321720241272,1.16070694455986,0.224926007823595,5.16039454837157,2.46429939000323e-07,2.73063002854482e-05,"AP000345.2"
15.4356146550681,-1.06364299094462,0.206234193670989,-5.15745217614826,2.50332759321629e-07,2.76437665216642e-05,"SMG1P1"
1659.84723835107,0.514021718816756,0.0997319048151528,5.15403490758012,2.54940453186262e-07,2.80565014095256e-05,"CLASRP"
11.4771668059163,0.762938234614573,0.148078888054964,5.15224178568512,2.57390882882196e-07,2.82298265936612e-05,"AC073195.1"
565.779611753805,0.925590397730882,0.179910132355295,5.14473746205123,2.67895193318837e-07,2.91833800965065e-05,"CST7"
482.970942215405,0.488189339703569,0.0948804938801978,5.14530774175763,2.67082610599963e-07,2.91833800965065e-05,"USP35"
2.99733723585997,1.03105893286901,0.201523465576733,5.11632196239907,3.11551080615248e-07,3.38247966142717e-05,"AC073869.1"
64.3217580273737,-1.6905829199254,0.330566366721507,-5.114201231941,3.15071337278282e-07,3.40921988944235e-05,"CPA6"
275.631930317924,1.62047004083042,0.317299290966701,5.10707110593726,3.27190650253169e-07,3.52851589211152e-05,"GREM2"
5.8800758357473,1.13123550102241,0.221738712500177,5.10165991435307,3.3668736066836e-07,3.61882798158376e-05,"TBC1D3B"
5.20549011127305,1.215888693395,0.238366068791579,5.10093026058226,3.37988094813094e-07,3.62073957383661e-05,"AL359878.2"
1568.95632014716,0.304439527705263,0.0596997671892012,5.09950946274932,3.40534846142473e-07,3.62394261183632e-05,"EIF2B4"
7.5427113829108,1.08424001120821,0.212596899602832,5.09998035358822,3.39688738426985e-07,3.62394261183632e-05,"AL031710.2"
446.788421797447,0.568737141147797,0.111561736031127,5.0979588645798,3.43335400678086e-07,3.64172697199503e-05,"PAXIP1-AS1"
53.2018275444834,-2.05466227367057,0.40310702181272,-5.09706396190029,3.44961799778765e-07,3.64698138815288e-05,"UGT2B15"
47.6427877890071,1.59277624114746,0.312864271808662,5.0909496055259,3.56274715104114e-07,3.75427391782097e-05,"TDRD12"
465.316054464621,1.43927772091722,0.282761839313038,5.09007058524553,3.57930253353745e-07,3.75943355680505e-05,"IGHV3-43"
5636.43935968929,-2.42757684758113,0.477226274130063,-5.08684659495407,3.6406607739762e-07,3.81146450184619e-05,"MUC5AC"
6.54225288786405,-2.28764699295473,0.449859353776499,-5.08524936460761,3.67143372255651e-07,3.83124208361924e-05,"AC005550.2"
27.1581956142009,-1.06660947675552,0.20999644143156,-5.07917881600455,3.79069794313866e-07,3.94293726375827e-05,"AL132780.4"
14.5824530058599,0.514431885195146,0.101333296054588,5.07663231360821,3.84183295063946e-07,3.97050972735158e-05,"NDUFB2-AS1"
3.25874167190382,1.44988516406161,0.285574681136392,5.0770788162734,3.83281909074649e-07,3.97050972735158e-05,"PPIAP74"
4.30802346877484,1.01844475594128,0.200688210083797,5.07476127031097,3.87982797208927e-07,3.99696654824341e-05,"SMARCE1P6"
20.1817618520872,0.838603777619451,0.165534192708427,5.06604565436563,4.06164543272844e-07,4.17094767446906e-05,"AC016773.1"
1.46862292682754,1.48887165826216,0.294488302076513,5.05579219196057,4.28607846927381e-07,4.38744762672172e-05,"AL020997.5"
97.365460138381,0.64465810780443,0.127618574765329,5.05144418819799,4.38482063409466e-07,4.47432092868299e-05,"RASA4B"
53.4845064861908,-2.03408039191298,0.403221816422254,-5.04456928933352,4.54544097150502e-07,4.60904855742702e-05,"AC244258.1"
5.60740982726738,1.35317375843682,0.268223286551483,5.04495256856489,4.5363388588996e-07,4.60904855742702e-05,"FAM240C"
16.3335031425783,0.782534014830265,0.155181387021756,5.04270537754992,4.58995687240863e-07,4.63959747181242e-05,"AC137695.3"
83.8144342042288,1.26995418830904,0.252136431136979,5.03677387112338,4.73443534829649e-07,4.77068336893189e-05,"PWP2"
7.01145284464268,1.18277133562508,0.234865493482865,5.0359519318293,4.75479877754848e-07,4.77627684056232e-05,"AC004012.1"
93.4313807192227,-1.22752833789755,0.243936494500121,-5.032163557212,4.8497522713734e-07,4.85652987547936e-05,"PTPRR"
716.147812560587,2.13277526602266,0.424010153343812,5.03000989293122,4.90454529541425e-07,4.89619390249636e-05,"IGHV1-69-2"
34.9262793806018,0.739691242904858,0.147164214071465,5.02629832647803,5.00037813052057e-07,4.97645656847641e-05,"URAHP"
778.842300968129,-1.44370425930339,0.287390360609119,-5.02349576458821,5.07393442576461e-07,5.03412355565477e-05,"ATP10B"
59.1583658783926,0.552351967645318,0.10999167312168,5.02176166585148,5.11996912975808e-07,5.06421486469476e-05,"PET100"
11.2101937641371,0.906174691233186,0.180563021388874,5.01860615901846,5.20477291758389e-07,5.13235176536674e-05,"LGALS8-AS1"
153.433508421191,-1.85050515202966,0.368876536609985,-5.01659761023566,5.25945611518631e-07,5.17046226933483e-05,"LINC01133"
43.9200326596383,-2.05859390896172,0.410450796288965,-5.01544625464056,5.29105139214058e-07,5.18571283099006e-05,"CASR"
376.628002722382,0.792489770376195,0.158071348378038,5.01349408673926,5.34504108121224e-07,5.22275302011178e-05,"PPP1R14A"
7.76597292051957,1.61878337992478,0.323244461312418,5.00792302318899,5.50205294065762e-07,5.359930425121e-05,"UTS2R"
37.4005646967251,-1.36275312119707,0.272273447758541,-5.00509003876717,5.5835925776523e-07,5.42298020079513e-05,"TENM2"
30.327973744445,0.962103690382947,0.19268522656936,4.99313677292546,5.94064557829913e-07,5.7180930349927e-05,"AC124944.1"
7.14712281023821,0.905052660964882,0.181257385614806,4.99319052790614,5.93899166574017e-07,5.7180930349927e-05,"AC010913.1"
3.6443442106746,1.49215086746242,0.298836309193505,4.99320471293938,5.93855530011931e-07,5.7180930349927e-05,"AC116348.1"
9.68364381935811,0.997225056962025,0.19984687832663,4.98994562893376,6.03962897600558e-07,5.78754069556231e-05,"AC012254.5"
7.35719118993207,0.736896778893916,0.147684888611715,4.98965592093395,6.04869348551558e-07,5.78754069556231e-05,"CYP51A1-AS1"
42.9372510355899,0.818417176694499,0.16409850881657,4.98735291744382,6.12121879105867e-07,5.83960650644044e-05,"AP002985.1"
25.1933107953323,0.767607943780335,0.154042146265345,4.98310340637616,6.25724890208804e-07,5.95176964152888e-05,"CHKB"
54.1766089725188,0.730668877555864,0.146700630778255,4.98067986265379,6.3361282004894e-07,5.99145025879122e-05,"MINDY4"
9.29181600042172,-3.47907824294386,0.698481088278422,-4.98091974332319,6.32827824920062e-07,5.99145025879122e-05,"AC079466.1"
13.9760211558937,0.670495953294779,0.134653375646817,4.9794217937278,6.37745167337057e-07,6.01289266689573e-05,"AL354833.1"
60.2987289793379,0.60744733466177,0.122027791163798,4.97794255610504,6.42637210837563e-07,6.04135185523534e-05,"RNASEK"
277.311711071686,0.947858911613075,0.190580900389406,4.97352520465773,6.57462211560328e-07,6.16275261969848e-05,"STK31"
11.0265477847028,0.785569895574366,0.158013977972899,4.97152154291755,6.64294811045913e-07,6.20874961802188e-05,"AC109460.3"
17.550592545816,0.781007470313169,0.157312760183384,4.96467972084861,6.88145367092124e-07,6.41307727222125e-05,"AC002470.1"
1759.26522791574,0.421635283893461,0.0850065859470701,4.96003079286109,7.04820061830634e-07,6.5495455025155e-05,"DMAP1"
9.08193105899606,1.21888119961959,0.24585352540856,4.9577535957398,7.13129265357151e-07,6.60771642570153e-05,"AC110749.1"
156.192942724572,-1.33291556952714,0.268993561411948,-4.95519507058332,7.22577592531403e-07,6.67607864503585e-05,"FBN2"
11.8411589759468,-0.958817418533526,0.193594532091102,-4.95270919161252,7.31873095355216e-07,6.74264227420826e-05,"AC011005.1"
115.89930303472,1.52606675429098,0.308403904889873,4.94827312525732,7.48747958939324e-07,6.87845525242123e-05,"IGHJ6"
9.29603694267018,1.01027781461493,0.204209927340944,4.94725123195501,7.52688042866583e-07,6.88198449702415e-05,"AL590326.1"
2.95661927403951,1.62006382338532,0.327479664077316,4.94706695131711,7.53400690789123e-07,6.88198449702415e-05,"AC118658.1"
13.2426521627496,0.849752072266308,0.171847762091697,4.94479568382674,7.62237660197628e-07,6.94303767035947e-05,"AC135048.4"
4.0587213244391,0.919729927281151,0.186126188492716,4.94143212585663,7.7550814056844e-07,7.04401689933221e-05,"AL592071.1"
9.51682842629252,0.834904960177927,0.168982838701915,4.9407677524621,7.78155530928901e-07,7.04820929629281e-05,"AC027682.6"
2284.61392723979,-0.332313496400199,0.0673356978461484,-4.93517565020984,8.00786577420024e-07,7.23287484283156e-05,"TEX2"
11.7501367538667,0.998643951381368,0.202425561352315,4.93338857360638,8.08151536062393e-07,7.27900734087482e-05,"DRICH1"
13.9737367348226,1.03407077625746,0.209664727403453,4.93202070307049,8.13832884905685e-07,7.30976082835204e-05,"RAPSN"
143.276135585563,0.819449927585407,0.166256332481136,4.9288343809604,8.27216597642154e-07,7.40933310860313e-05,"PDXDC2P-NPIPB14P"
57.0987764923022,0.878893224648151,0.17852561156941,4.92306519452219,8.51990527517695e-07,7.61009267584711e-05,"AC105219.3"
796.689110458869,0.496128377918396,0.100803971641515,4.92171458960719,8.57892652328172e-07,7.64164325257511e-05,"RAD9A"
1743.27963439329,-0.640525835580477,0.130209790087115,-4.91918338207859,8.69060208044814e-07,7.71979239900965e-05,"SLC41A2"
12.4735862771288,0.746919513395366,0.151870002873187,4.91815038694014,8.73657837156065e-07,7.73931235140036e-05,"AC105052.2"
3671.99379265076,-0.296311562682138,0.0602877866257181,-4.91495175501658,8.8804325525494e-07,7.84519308649193e-05,"MAPK14"
21.315089779719,1.08207393456462,0.220201034494314,4.91402747970541,8.92242357007326e-07,7.86075267806045e-05,"RBFADN"
111.818241980627,-2.16325848954145,0.440505995507595,-4.9108491407676,9.06828363060889e-07,7.96748789288784e-05,"HMGCS2"
7.68115585203149,-3.90417898600988,0.795383506250105,-4.90854909025763,9.1752663983567e-07,8.0395778536688e-05,"VGLL2"
332.100684641814,-1.4852467760829,0.302620552699665,-4.90795077476755,9.20329453410969e-07,8.04228271686631e-05,"SFRP1"
5.18885428047203,0.996951943162946,0.203173133937904,4.90690832906896,9.2523250327448e-07,8.06327623461773e-05,"LINC02601"
3726.68235283373,-0.758389054451871,0.154581366954805,-4.90608324529568,9.29131031292258e-07,8.07542590404821e-05,"SNHG5"
5.24635604352425,-1.44371124759454,0.294342111590208,-4.90487494227301,9.34868826080165e-07,8.10345303681584e-05,"AC084398.2"
129.268293193323,0.668512349674232,0.136310755130491,4.90432577410536,9.37487889001472e-07,8.10436916376742e-05,"KMT2E-AS1"
9.10268819826422,0.777221791340883,0.158570995632797,4.90141206618073,9.51502381906737e-07,8.20352788892586e-05,"AL121658.1"
17.1395943588003,0.659983195457754,0.134696560848526,4.89977762832374,9.59451855927542e-07,8.25000669183563e-05,"PTP4A2P1"
560.232413286002,0.579274339514681,0.118278535330173,4.89754407169183,9.70418739428641e-07,8.32211496087142e-05,"KMT5C"
3.75627486285474,1.44216147669734,0.294886659401612,4.89056195225583,1.00548505145678e-06,8.59996431942282e-05,"NOTCH2NLA"
55.2740682379567,-0.855821684869609,0.1751524531466,-4.88615300268332,1.02825302330897e-06,8.77143352820049e-05,"YBX1P1"
138.921648548395,-1.1406562791079,0.233523646010973,-4.88454295139902,1.03669043237573e-06,8.82007466806212e-05,"PCDHAC2"
45.3668358949364,-1.03333747135587,0.211616302045993,-4.88307120654287,1.04446131808874e-06,8.86280400046613e-05,"ITGB1P1"
150.203370927268,-2.18581653262748,0.447951576049062,-4.87958219034835,1.06310813430106e-06,8.99735480066605e-05,"KRT6B"
60.240470073796,1.04641465653731,0.215045788896132,4.86600859244321,1.1387456887153e-06,9.61226563681277e-05,"LINC01238"
3.05206363228135,1.24971587542143,0.257023918596955,4.86225516381274,1.1605588336469e-06,9.77081451460685e-05,"BX284668.6"
55.1138102647676,-1.80839826527826,0.372011244110169,-4.86113872607224,1.16712424271549e-06,9.80050031415647e-05,"UCA1"
3.78305361419394,0.893933819497655,0.183925420834816,4.86030596227642,1.17204471131651e-06,9.81625499127295e-05,"AC016907.2"
28.3772277226088,0.693303093748221,0.142666874319799,4.85959405120298,1.17626692844825e-06,9.82609510565126e-05,"AC073611.1"
3118.7265711158,-1.56725352627026,0.322629270096182,-4.85775368677191,1.18724972529332e-06,9.89221379640388e-05,"COL17A1"
1078.60814527739,0.460545614012069,0.0948249522585012,4.85679774197598,1.19299341190161e-06,9.91445169246585e-05,"LRWD1"
23.0351854140005,-1.70964924726306,0.352109751941309,-4.85544418419865,1.20117185695786e-06,9.95675746210954e-05,"BNC1"
1380.83722353018,1.03146454870055,0.212502754740472,4.85388789411352,1.2106419160335e-06,0.000100095252775642,"ACKR3"
39.1869488653621,-2.49594037023547,0.514268645224823,-4.85337846942685,1.21375735063765e-06,0.000100096178443251,"S100A7"
183.837650679954,1.66711716437856,0.343701975691635,4.85047303270167,1.23167379734609e-06,0.000101056797952735,"IGKV1D-13"
3.6605804894339,0.794511532769449,0.163789010578309,4.85082320214386,1.22950106044025e-06,0.000101056797952735,"U47924.2"
33.9559948455591,-0.912922400098796,0.188294555723832,-4.84837385015934,1.24477648647054e-06,0.000101872634025997,"HSP90AA2P"
26.8285561034001,-1.29785486264379,0.267788341327132,-4.84656970580479,1.25614465681198e-06,0.000102542745465575,"PNRC2P1"
55.6199686694326,-1.91927356764019,0.396090074202896,-4.84554825440297,1.26262517790226e-06,0.000102811487023885,"FER1L6"
4.49458968518451,1.14798652199992,0.237230062246652,4.83912751667343,1.30410357287726e-06,0.00010592146022022,"LINC01374"
339.215794118551,1.54608389213643,0.319656345208883,4.83670640457995,1.32008187039021e-06,0.000106949849021941,"IGHV2-70D"
307.767735801952,0.725485309947276,0.15002364475538,4.83580645657695,1.32606900860771e-06,0.000107165652086606,"AL391422.4"
11.8884170961696,1.42086398657094,0.293929001080385,4.83403808861432,1.33790970560938e-06,0.000107852246143436,"AL451069.1"
24.64780000475,0.83021434440189,0.171806173552618,4.83227306233921,1.34982939110051e-06,0.000108541767371661,"AC010491.1"
1575.26100031084,0.395881529035945,0.0819487966276794,4.83084005289994,1.35958193797005e-06,0.000109054028830458,"PNKP"
10.138694592625,1.19635306683168,0.247905206940257,4.82584888634465,1.39408185324156e-06,0.000111543844560233,"C17orf64"
45.396529077509,0.771402263728554,0.15995150766779,4.82272580594059,1.41609574905942e-06,0.000112745697354126,"AF274858.1"
39.8592181384129,0.761338459279135,0.157849532363033,4.8231910977611,1.41279494929245e-06,0.000112745697354126,"AL117379.1"
39.2448254623573,-1.3571472242751,0.281667313766444,-4.81826309956732,1.44813333152674e-06,0.000115012461268669,"MYO1A"
2230.21498846424,0.461572638222908,0.0958068089805059,4.81774357307762,1.45190796732862e-06,0.000115028924831724,"AP5Z1"
41.3340175730748,0.695186008128556,0.144452482594053,4.81255839736726,1.49010310734377e-06,0.000117696729074514,"SGSM3"
14.0070458539465,-1.13912063249488,0.236715824952344,-4.81218622677303,1.49288144492096e-06,0.000117696729074514,"AC048380.2"
376.587666843357,-1.38354732960333,0.287587212785182,-4.81087916324288,1.50267848576726e-06,0.00011791391708436,"TRIM31"
3.03189919949367,1.26766369064952,0.263501359899867,4.81084306787351,1.5029499122863e-06,0.00011791391708436,"AL138960.1"
15.5148735823856,-2.92226128258959,0.607519235127257,-4.81015433524087,1.50813801793079e-06,0.000118033763078102,"LCN15"
366.991630431772,0.420749470292414,0.0876379057613891,4.80099868472422,1.57876306146512e-06,0.000122612097329912,"TMEM234"
134.873287725783,-1.61509888849003,0.336436318666521,-4.80060801667174,1.58184625489978e-06,0.000122612097329912,"CASC19"
22.6095681652637,0.681521418082163,0.141942251904652,4.80139922353752,1.5756079650686e-06,0.000122612097329912,"AC004938.2"
4.01916077232965,1.13103490761827,0.235563568048409,4.80139996599916,1.57560212223381e-06,0.000122612097329912,"AC009097.2"
134.91986919947,0.855366619580919,0.178316954267487,4.79688890545883,1.61148917228054e-06,0.000124610235875745,"SLC45A1"
7.36900598011005,1.03371953306398,0.21556536664612,4.79538781738054,1.62360411844826e-06,0.00012524668612288,"AP002852.1"
447.327642264339,0.687789483520108,0.143500822108969,4.79293061469589,1.6436248241775e-06,0.000126488502280677,"ALDOA"
306.237769345045,-1.02725851921113,0.214439328679577,-4.79043898120994,1.66416826684243e-06,0.000127461058822646,"LINC02381"
17.5845067938439,-2.1657896644078,0.452082728184908,-4.79069322799248,1.66206075598158e-06,0.000127461058822646,"NR1H4"
16.9351980452542,-2.03454441853306,0.425014939912977,-4.78699506174921,1.69296998054093e-06,0.000129359755977589,"AL445205.1"
8.7402169271793,1.42518736491633,0.298081668504668,4.78119762300651,1.74253955237706e-06,0.000132519311005656,"WFIKKN2"
5.36257855284107,1.09056486855433,0.22808633419669,4.78136874089917,1.74105667812044e-06,0.000132519311005656,"AC008906.2"
300.689028368651,0.529464563196939,0.110804179736035,4.77838078363348,1.76712487148326e-06,0.000134072803484653,"TTC32"
1.2982617525427,-1.84786252680283,0.386757884057116,-4.7778276874892,1.77199127909187e-06,0.000134126429094641,"FTH1P21"
13.7357529443539,0.717473740211562,0.150318282307499,4.77303046041906,1.81474331212763e-06,0.00013704074496383,"AL162311.3"
4.9414217579455,-1.77932119405994,0.37287226088395,-4.77193232299392,1.82466820941045e-06,0.000137468286010374,"AC107398.3"
7.02253715329948,0.877881160890129,0.184142941479164,4.76738969106488,1.86628115908221e-06,0.000140275608332414,"AL133551.1"
81.6127217994053,0.634089258103318,0.133157996493686,4.76193150092481,1.9174877424668e-06,0.000143789284315912,"NPIPP1"
211.846032445834,-1.81504962259408,0.381197539089102,-4.76144108099771,1.92215418959057e-06,0.000143804783859276,"GSTA2"
1968.89990409443,0.614693946808743,0.129113529868657,4.76087941700648,1.92751194190893e-06,0.000143871811497346,"H2AJ"
2198.43109144506,0.725471583165208,0.152450855967451,4.75872423648509,1.94820381812992e-06,0.000145080443684987,"TMEM184A"
97.0995743866756,0.690494006937016,0.145202957518281,4.75537150715463,1.98081815092588e-06,0.000147169311697246,"FAM229A"
10.6175367393143,0.629999948237474,0.13252979238353,4.75364774143996,1.99778993598958e-06,0.000148089049393067,"IPO4"
174.552288237423,0.762999251950802,0.160724389742786,4.74725244358906,2.0619852955444e-06,0.000152213326648518,"ARMH1"
3.79382779146807,-1.33844978520023,0.281947137977427,-4.74716570915286,2.06286939821375e-06,0.000152213326648518,"AC007952.6"
371.385928504875,0.723706840806674,0.152478365384443,4.74629196727023,2.07179596875081e-06,0.000152522970347876,"WASH6P"
27.8558626372281,-1.85293454670062,0.3905229861868,-4.74475155686302,2.08762398919178e-06,0.00015333812193961,"CALCB"
22.8305702166085,0.730324480775347,0.154010363982385,4.74204762517721,2.11568869620084e-06,0.000155046322747718,"AL445645.1"
16.2209200643378,0.670006525993256,0.141321869177826,4.74099677488829,2.12669318698371e-06,0.000155499369193401,"DBIL5P"
16.8920495172312,-1.19437461014796,0.252002126702322,-4.73954178791046,2.1420205799835e-06,0.000156265732130244,"AC012085.1"
10.5593623273398,-1.80082466422191,0.380249234403702,-4.73590608813697,2.18078561042149e-06,0.000158734609498964,"AC015722.2"
53.8788371534351,0.622364626353204,0.131457373287038,4.73434552046212,2.19763076135505e-06,0.000159600459233995,"DNAJC27-AS1"
55.2902589451591,0.910750385517373,0.192412303686704,4.73332717329921,2.20869034925884e-06,0.000160043191712025,"LRGUK"
48.4448185225927,-2.2038158266485,0.466053589566302,-4.72867471892945,2.2599010452078e-06,0.000163021273384173,"CDX2"
2.55934271783734,-1.82171176503228,0.385243846638727,-4.72872384835427,2.25935435686176e-06,0.000163021273384173,"GJA1P1"
5.43088323015178,-2.09226575820975,0.442777186137769,-4.72532421207165,2.2974850611056e-06,0.000165362512936049,"KCTD8"
800.943440417708,0.433779648422796,0.0918662785226241,4.72185937428572,2.33698250539197e-06,0.000167830736940677,"ZNF513"
15996.2446221581,0.779604506415348,0.16516816552026,4.72006517696487,2.35769086373809e-06,0.0001685718624159,"MTATP6P1"
37.4520769970384,-1.66201270699343,0.352116906703178,-4.72005937617317,2.35775810046739e-06,0.0001685718624159,"UGT2B4"
64.1580644971484,1.18568213277354,0.251369275119842,4.71689363072816,2.39472808606786e-06,0.00017083629897181,"GATD3A"
122.130233726676,0.424359610638797,0.089978199894382,4.71624917076489,2.40232205297987e-06,0.000170999723175135,"PTCD1"
3.83612331154934,0.858469402680963,0.182178666846046,4.7122389110819,2.45009889219024e-06,0.000174016384975053,"AC104561.1"
2049.28846028965,0.557575749094979,0.118389104532174,4.70968803504592,2.480962364931e-06,0.000175821168037802,"PSMG3"
49.0234912067333,0.671787933376498,0.142726189856556,4.70683014835374,2.51598368442843e-06,0.000177522743773293,"AC109322.1"
23.4865966653372,-0.934477747715895,0.198533612399298,-4.70689943341403,2.5151290614315e-06,0.000177522743773293,"EIF4HP1"
7.47429959128949,1.11566548383657,0.237127612494003,4.70491593999745,2.53970575887519e-06,0.000178805266801158,"AC112907.2"
9.79422159934376,0.619203140342693,0.131715749846048,4.70105618399036,2.58819283715857e-06,0.000181426691378648,"AL096870.2"
4.84073513413816,0.956062500235948,0.203363623320804,4.7012463911885,2.58578274198401e-06,0.000181426691378648,"LINC02883"
154.303252476271,-0.917228035313871,0.195239052049719,-4.69797423048486,2.62754573479551e-06,0.000183387905234808,"FMO1"
50.0121367129661,0.73275426596942,0.155964665095756,4.69820690166929,2.62455486956123e-06,0.000183387905234808,"AC133552.5"
6.84096898598192,0.894102743294509,0.190349487916791,4.69716390140937,2.63798764326415e-06,0.000183719031440718,"AC234775.3"
289.831877350713,0.495891796674381,0.105676832451686,4.69253085250351,2.6984582398667e-06,0.000187129995935477,"CLCN2"
234.140275677276,1.23075353255393,0.262279743874741,4.69252224503357,2.69857181299416e-06,0.000187129995935477,"NTNG2"
348.476265515957,0.491653660655917,0.10487534888326,4.68798116898942,2.75913399919032e-06,0.000190144487812243,"SDHA"
42.9520225222278,-1.2733552634979,0.271623819660315,-4.68793666582821,2.75973392141819e-06,0.000190144487812243,"GUCY2C"
4.60430020295793,0.787500378013982,0.16796438497433,4.68849618408293,2.7522004667005e-06,0.000190144487812243,"AC023024.1"
137.835226790408,-1.68334938415606,0.359395793154774,-4.68383163136005,2.81561316136646e-06,0.000193580909143415,"B3GALT5"
18.2021670973245,1.23192387869668,0.263108691785413,4.68218617308705,2.83831519046874e-06,0.000194560252963863,"IGKJ3"
3.58081971501013,0.900833162622079,0.192406549003672,4.68192567917678,2.84192523324483e-06,0.000194560252963863,"AL138966.2"
2810.02535301069,-0.986393532031906,0.210724496182532,-4.68096282065604,2.8553072408363e-06,0.000194649856196123,"ERAP2"
1.66234229646527,-1.67038378559731,0.356826875113033,-4.68121630431616,2.85177842061501e-06,0.000194649856196123,"FAM90A20P"
67.208069797034,-0.99417368631262,0.212467961935865,-4.67916987226864,2.88038729587047e-06,0.000195945334083003,"BEGAIN"
41.5832237139345,0.607552328938912,0.129868501695771,4.67821158329954,2.89387853650439e-06,0.000196448659809651,"AP002381.2"
11.7051215837161,1.01315496857475,0.216673926250658,4.67594318387291,2.92605617450697e-06,0.000198215717115499,"ANKRD2"
10.1006380163218,-1.78581941711292,0.382059286946167,-4.67419449841706,2.95109560658845e-06,0.000199492825648731,"MYPN"
1142.10305654494,0.377315343803742,0.0807622573333904,4.67192666799997,2.98387498709318e-06,0.000200866490519456,"STK11IP"
2.81304899380318,1.16826352366752,0.250040342093281,4.67230013319883,2.97845297458589e-06,0.000200866490519456,"AP000346.1"
45.5249315745949,-1.61280327693092,0.345298355379419,-4.67075284838454,3.00097836346219e-06,0.00020159697360383,"TRIM72"
4.40434784491775,0.807392034208723,0.172879080165792,4.67027030358114,3.00803662451128e-06,0.000201651020701385,"HM13-AS1"
621.763949049005,0.467912057321807,0.100272842713096,4.66638867176245,3.06539608517008e-06,0.000204645334919895,"NCBP2AS2"
42.5270547267517,-0.84380923610342,0.180820403445063,-4.66655985733261,3.06284448394234e-06,0.000204645334919895,"PSMC1P1"
360.631770634794,0.617360972144249,0.132398343709099,4.6629055534161,3.11775861864813e-06,0.000207711005492374,"MYL5"
327.083483134272,1.15041536231214,0.246801445281187,4.66129913056807,3.14219644481888e-06,0.000208907472913783,"GAPDHP1"
3101.32136140155,-0.331282817818579,0.0711057988848019,-4.6590126686473,3.17729650425538e-06,0.000209630446241211,"PPP2R5E"
51.2573516969133,1.44587383874589,0.310338321930789,4.6590244793176,3.17711423307959e-06,0.000209630446241211,"IGKV1D-43"
15.9059454700206,-2.02834090754666,0.435367066846932,-4.65892131491836,3.17870668279545e-06,0.000209630446241211,"A1CF"
15.9242385023894,-1.58590751182261,0.340404040913697,-4.65889743131659,3.17907546013187e-06,0.000209630446241211,"MEG8"
165.661601100619,-1.30994852683789,0.281252607107094,-4.6575515879186,3.19992253938647e-06,0.000210574494454116,"PLCXD3"
39.2270178992621,0.612516617161086,0.131527998483536,4.65692950720113,3.20960280515371e-06,0.000210781349189779,"TPI1P2"
8.80199991429883,0.93629679544639,0.201077661660879,4.65639389135862,3.21796007896851e-06,0.000210900655988495,"MTDHP1"
14.4241129842216,0.601691243780392,0.129271299513677,4.65448437544897,3.24792463876451e-06,0.000212432718006008,"SNHG21"
22.1511057376478,0.787996706920893,0.169345589923563,4.65318705539701,3.26843495230352e-06,0.000212866858800604,"HDAC4-AS1"
8.18427069308481,1.49826965662877,0.322013706526084,4.65281330037857,3.27436693952859e-06,0.000212866858800604,"LINC02029"
4.54181807746024,0.955151659798131,0.205260123361049,4.65337175169692,3.26550738383006e-06,0.000212866858800604,"AP003059.2"
33.0934028952296,-0.709825946556161,0.152669369360442,-4.64943262377871,3.3284939046956e-06,0.00021551663846769,"PHC1P1"
38.3255915106357,0.754538932057531,0.162284678798698,4.64947731137012,3.32777286129889e-06,0.00021551663846769,"AC026979.2"
100.400390481438,-1.67432532052196,0.360388547794217,-4.64588936238343,3.38614453786313e-06,0.000218810081409612,"TDRD1"
16.7011436201385,0.834307637174261,0.179602610032162,4.64529795544096,3.39585980277516e-06,0.00021899899868097,"AL627095.2"
200.402187960897,0.379135634300864,0.081670494782838,4.64225954928994,3.44619575867785e-06,0.000221801561354426,"DUSP28"
138.81410728303,0.643087776610355,0.138583797239448,4.64042542793956,3.4769263179345e-06,0.000222889640401189,"AP002360.1"
11.8273191098688,-2.14393438664794,0.461982108519237,-4.64073033806387,3.47179942648334e-06,0.000222889640401189,"ATP11AUN"
45.0785308138356,0.635674548742994,0.136999251942049,4.63998554540929,3.48433548723026e-06,0.000222921424178055,"FBXW4P1"
104.790278130345,0.543286752332243,0.117135142622124,4.63811918584398,3.51594027229075e-06,0.000224234261330359,"U2AF1L4"
15.6293179408855,0.712004694601756,0.153517005966304,4.63795323599549,3.51876372253563e-06,0.000224234261330359,"UBOX5-AS1"
812.215830373789,0.497271797504055,0.107281788063649,4.63519304142314,3.56604534324168e-06,0.000226799077106169,"ANKS3"
6.16737075540809,0.968982155637691,0.209156513578438,4.63280889062201,3.60737517593887e-06,0.000228976008953049,"AC068722.2"
191.402523306484,0.520478154028477,0.11239137760332,4.63094380661013,3.64002661774406e-06,0.00023059461353469,"AC016065.1"
160.809265994744,0.615369514740256,0.132964535635754,4.62807252924954,3.69084764999987e-06,0.000233355651910286,"SPACA6"
82.4195712473626,-2.21293159536972,0.478528864482704,-4.62444746726393,3.75598258090492e-06,0.000237009116088609,"C1QL2"
3.69326124756635,0.982027203361241,0.212377579886577,4.62396832982891,3.76467370472075e-06,0.000237093561735782,"AL391095.3"
1.99883468922955,1.07382976335304,0.232255871873413,4.62347735147172,3.77359960973986e-06,0.000237192435508892,"LINC02867"
27.5986769152431,0.72861418853763,0.157609462308775,4.6229089159012,3.78395901470425e-06,0.000237380852974978,"CLDND2"
47.7472644016026,0.771521535143644,0.166951656261048,4.62122720086873,3.81476716152415e-06,0.000238385982797183,"LRRIQ3"
40.6007471989106,-0.669592637199827,0.144891673016402,-4.62133277406512,3.81282606294352e-06,0.000238385982797183,"AF201337.1"
7.31119899347143,1.4604863534965,0.316252121470185,4.61810768796435,3.87255282302078e-06,0.000241528947346818,"IGKV2-18"
4.43226266053304,0.925977855077662,0.200620079581852,4.61557914346189,3.92000616225637e-06,0.000243546432951747,"IMPDH1P10"
3.87557205444396,1.03140109407075,0.223442816809761,4.61595100167791,3.91299268877116e-06,0.000243546432951747,"SPAG16-DT"
358.296634508452,-0.727811121524012,0.157699742525089,-4.61517000516484,3.92773668179329e-06,0.000243557440970047,"MILR1"
5714.66768125629,-0.270995032258424,0.0587646496635772,-4.61153148720954,3.99713095071126e-06,0.000245878682378883,"C6orf89"
986.200441817493,0.571310965389483,0.123896076276825,4.61121112595192,4.00329689095716e-06,0.000245878682378883,"CROCCP2"
233.970953613112,0.499616785655324,0.10832012413645,4.61240964814591,3.9802757678998e-06,0.000245878682378883,"GNG5"
87.2601151722699,-1.15935687731539,0.251389984517294,-4.6117862632496,3.99223381700835e-06,0.000245878682378883,"TBC1D3L"
15.499043008367,-1.65067404662745,0.35789957865862,-4.61211508774067,3.98592187341123e-06,0.000245878682378883,"ARSLP1"
22.7697363381438,0.829992694501433,0.180011374453444,4.61077916338055,4.01162523728119e-06,0.000245921779042076,"AC015912.3"
26.689759396727,0.626852563288676,0.136018981813517,4.60856679656738,4.05454119546567e-06,0.000248080988325978,"AL355999.1"
1287.75833604042,0.401084457173361,0.0870860939301554,4.60560853142682,4.11261421659584e-06,0.000251157661769191,"PTOV1"
19.7070333757937,-1.89645909188139,0.412109711196009,-4.60183062994938,4.18793701951251e-06,0.000255274157266883,"GABRA2"
14.5181154879394,1.26037041524622,0.273908543812551,4.60142789890027,4.19604409409948e-06,0.000255285739272146,"FBXW10"
1.72869128482052,1.70197238843827,0.369963948608172,4.60037361705431,4.21733832246853e-06,0.00025609806818832,"RPS27P25"
28.4983295471729,0.589581240261473,0.128248697793905,4.5971713584876,4.2826538620435e-06,0.000259575514627054,"AC004877.2"
29.6085140359876,0.647003303281125,0.140806251096981,4.59498991160201,4.32770205895983e-06,0.000261813795292983,"HNRNPCP7"
72.6015755067217,-1.56730331279389,0.341166578837094,-4.59395324751981,4.34926860894454e-06,0.000262134890271807,"KRT13"
73.6043157529598,0.71893763776315,0.156485476419248,4.5942770806219,4.34252061538766e-06,0.000262134890271807,"AC144652.1"
59.733959143925,0.861140805429139,0.187493256999532,4.59291613581222,4.37094749118674e-06,0.00026295000345768,"BX539320.1"
1597.70273129657,-0.35832356882479,0.0780408013154916,-4.59149012804486,4.40092462467203e-06,0.000264260362239384,"ARMT1"
25.137651857574,-2.5800410402801,0.562128334290986,-4.58977226887933,4.43729858408328e-06,0.000265949243204025,"HOXA13"
251.380761689698,-0.832371126591441,0.181398681565095,-4.58862831532072,4.46168023737432e-06,0.000266914432753497,"SIRPB1"
318.024585455427,-1.93801403704618,0.422407509929963,-4.58801984218394,4.47470116752911e-06,0.000267197665086993,"HNF4A"
15.6828522745195,1.03178087647381,0.224995003473509,4.58579462008051,4.5226301842829e-06,0.000269560462647324,"WNT1"
68.0547508525225,-1.41547654534284,0.308771279924296,-4.58422346045229,4.55676716511313e-06,0.00027109401704626,"ALDOB"
18.1565948468205,-1.91509739577517,0.417796544957822,-4.58380381285467,4.56592664016654e-06,0.000271138682342855,"HHATL"
10.4875120051918,1.17691800578367,0.256973002339227,4.57992861145013,4.65134664818788e-06,0.000275703442409592,"LINC01979"
50.1198553382657,-0.660900801568913,0.144344220208283,-4.57864402617062,4.67999869578983e-06,0.000276385637263266,"GATD3B"
21.4061993712311,0.628982496091698,0.137372623707539,4.5786597002819,4.67964807574241e-06,0.000276385637263266,"AL358113.1"
56.0315287995097,0.72400293507807,0.158189327843,4.57681276575514,4.72113651367036e-06,0.000278305387355212,"GABRR2"
20.4375707919066,1.1719654847403,0.256201471973878,4.5743901302011,4.77609157556336e-06,0.000280519258386231,"AC093928.1"
12.5786483366238,0.62360664060248,0.13631564479838,4.57472538478496,4.76845029748935e-06,0.000280519258386231,"FKBP2"
37.8627205899675,0.676443176969796,0.147915419938162,4.57317551647146,4.80387395205459e-06,0.000281638028334546,"AC069544.1"
8.85988018403977,0.986673182114916,0.215805024176877,4.57205843968779,4.82956191424886e-06,0.000282630170462712,"PARD3-AS1"
1173.16650474622,-0.322090916971087,0.0704809620588089,-4.56989955248249,4.87958034155121e-06,0.000285039978466157,"POLH"
8.20678378964092,0.710185878695903,0.155470713732756,4.56797207425615,4.92465623447817e-06,0.000286634549243229,"AC025754.2"
4.73834088807085,1.06389095891737,0.232898015716679,4.56805505896451,4.92270737111128e-06,0.000286634549243229,"AC091544.5"
70.0164774620737,0.59770442371109,0.130957039084221,4.5641259751352,5.01579552583725e-06,0.000290889076853637,"ADAT3"
3.35791975067443,0.690247840916709,0.151229262001315,4.56424789608976,5.01288179111413e-06,0.000290889076853637,"AC000068.2"
38.9157041240893,0.612121653185282,0.134126961919574,4.56374799238596,5.02483907954284e-06,0.000290890370053606,"CCDC183"
422.175347836875,0.762650234246271,0.167142919658373,4.56286294271434,5.04607576108261e-06,0.000291596259706288,"CDK5RAP3"
6.63547909984459,0.795649484094177,0.174441492371437,4.56112518459776,5.0880234199411e-06,0.000293494302640431,"BX649632.1"
681.131247490813,0.565748577384326,0.124080092839949,4.55954347257048,5.12649441170848e-06,0.000295185379117035,"ENKD1"
269.620194155337,0.591575437437646,0.129791859419742,4.557877821324,5.16730804997452e-06,0.000296476597991866,"LINC00265"
7.76460269125329,0.961522587664479,0.210941691003764,4.55823873928897,5.15843811842712e-06,0.000296476597991866,"AC011445.1"
19.6696903395546,1.03468412926554,0.227043148942986,4.5572136137231,5.1836698206726e-06,0.000296887093015254,"AC116351.2"
23.6660842337358,0.488304241109874,0.107179743014962,4.55593778613283,5.21523720826649e-06,0.000298165467696016,"AL133517.1"
217.654738002026,0.433543769158767,0.0952083222172463,4.55363311801155,5.2727280121271e-06,0.000300596761967465,"BBS5"
18.0625108300904,1.39253472316448,0.305817255714573,4.5534864274113,5.27640773061204e-06,0.000300596761967465,"SLC8A1-AS1"
52.9542900738459,-1.31027035023936,0.287805876938113,-4.55261846692973,5.29823079560788e-06,0.000300777204233056,"ACMSD"
9.84846922166123,-1.71466224958703,0.376624239819604,-4.55271346955343,5.29583794654213e-06,0.000300777204233056,"CLC"
134.743552902461,0.771041732617806,0.169399001638927,4.55163091374811,5.32316587142743e-06,0.000301132427235399,"MIR200CHG"
2.11181356210538,-2.36580718796365,0.519730725764786,-4.55198638580076,5.31417751805111e-06,0.000301132427235399,"AC087821.1"
2.87267046214316,0.954096197831283,0.209664780090731,4.55057925045115,5.34984320787434e-06,0.000302111548577772,"AC073320.1"
227.73571432793,0.893678281675726,0.196466576965167,4.54875478302945,5.39642804369729e-06,0.000304209479491292,"CPT1C"
84.3709013548375,-1.34044689212881,0.294716966265422,-4.54825152794767,5.40934603247344e-06,0.000304405519750622,"HAPLN1"
469.05820542956,1.33706552617201,0.294347151110002,4.54247823065332,5.55967393699469e-06,0.000311776845388511,"IGHV3-20"
6.94487243605649,0.906168517676498,0.199481398956985,4.5426216299591,5.55589207267062e-06,0.000311776845388511,"PSME2P3"
115.333352258434,-1.24910962852008,0.275019106421967,-4.5419012692287,5.57491503729133e-06,0.000311989922132227,"KLB"
54.2778099654789,0.447273839445612,0.0984916216240412,4.54123743797142,5.59250038742215e-06,0.000311989922132227,"ARIH2OS"
18.9482795777232,0.758951516129976,0.167114178077987,4.54151481854397,5.58514593507409e-06,0.000311989922132227,"AC092803.3"
36.357716937031,0.623184223711473,0.137296134183006,4.53897866403736,5.65273547160529e-06,0.000314805622248554,"LRRC39"
1371.20256712044,0.57521992103863,0.126801322512077,4.53638739441257,5.72260216229986e-06,0.000318147080557516,"MRPL41"
38.341463119343,-1.17511153664942,0.259097732517122,-4.53539876722681,5.74947508001074e-06,0.000319090919027446,"RN7SL4P"
11.3758006298141,1.46871422953235,0.323967238683113,4.53352701804815,5.80068424817851e-06,0.00032137983433422,"AL356740.3"
9.56448299159002,0.840897560973824,0.185516220427089,4.53274413977353,5.82223223861153e-06,0.00032202037484396,"AC023906.5"
2526.04933943734,0.349680354340534,0.0771533547604565,4.53227672894084,5.83513378634853e-06,0.000322181316679466,"ATG4B"
1511.80793428316,0.437999011851169,0.0966547726215376,4.53158183472431,5.85436495709939e-06,0.000322690594943025,"KLHDC4"
32.3604648999329,0.712690518375595,0.15739040842594,4.52816995332312,5.94967209767767e-06,0.000327384260733134,"RNF32-AS1"
580.098109827866,0.549055453661282,0.121278033030615,4.52724570098098,5.97574458592641e-06,0.000328258746462005,"C20orf96"
15.6163616335048,0.845773639856585,0.187105375083975,4.5203064822536,6.17501691703918e-06,0.000338628266139334,"AC010531.6"
4.7196144784601,0.941157255745915,0.208312623670448,4.51800394600584,6.2425321200949e-06,0.000341749487627267,"FAM220CP"
1932.74228467395,0.398579871961422,0.0882628696995455,4.51582724783618,6.30700656281732e-06,0.000343529436854805,"ANKRD13D"
87.3634947192129,0.609889489934246,0.135047781034497,4.51610152541827,6.29884743332533e-06,0.000343529436854805,"KCTD21-AS1"
49.2075718045624,0.921796615368704,0.204113690044282,4.51609402176171,6.2990705154771e-06,0.000343529436854805,"HOTAIRM1"
5854.83398325034,0.347710481937858,0.0770108862454537,4.51508220317858,6.32922100987101e-06,0.00034415806317587,"NDUFV1"
22.4325193323028,0.688524818613402,0.152618258752328,4.51141838625453,6.43955603354917e-06,0.000348980645885366,"AC093249.6"
13.1744554868952,0.883578550420284,0.195847198917451,4.51157103754499,6.43492246252525e-06,0.000348980645885366,"LINC02728"
5.94868632002178,-0.909888070006094,0.201720197730153,-4.51064434917558,6.46310029668427e-06,0.000349668907829839,"PARP4P2"
315.067076830214,0.612318489265905,0.13578523763807,4.50946288357219,6.49919637492547e-06,0.000351032809228596,"FBXL8"
80.0749219636499,0.67968787431589,0.151122758460023,4.49758779711322,6.87287826771737e-06,0.000370595250405596,"AC092803.1"
103.606888675327,0.555302782664286,0.123526877800855,4.49540045494812,6.94391382137221e-06,0.000373177501950245,"MAN1B1-DT"
30.3414983754884,0.544527412232618,0.121124519150772,4.49560019763469,6.93739800611911e-06,0.000373177501950245,"VPS13B-DT"
68.6328966990493,-1.33251970730167,0.296529563550288,-4.49371621280415,6.99908881644879e-06,0.000375516836749403,"LINC02038"
115.897022395402,0.564630339855028,0.125670557758685,4.49294050989445,7.02464129001055e-06,0.000375637741950896,"AC012360.3"
3.0760888866279,-3.57289046747475,0.795219562209882,-4.49296098494589,7.02396567517871e-06,0.000375637741950896,"SKOR2"
71.2298078161699,-1.19322763106992,0.265799369354502,-4.4892041466001,7.14897607226144e-06,0.000381147690402814,"ADCY2"
37.0565067348467,-2.11712049072043,0.471646940410141,-4.4887824118596,7.16314158424889e-06,0.000381147690402814,"SP3P"
15.5255097906088,1.05675866567638,0.235408428604505,4.48904345498933,7.15437032869777e-06,0.000381147690402814,"AC026412.2"
16.8122053706817,0.938192818734164,0.209068598084559,4.48748796964097,7.20678802244402e-06,0.000382765876941635,"AGAP1-IT1"
4.13299559377302,0.900055024121412,0.200583779862413,4.48717750128545,7.21729425276831e-06,0.000382765876941635,"AC025162.2"
521.218584107346,0.60891772602579,0.135794564156437,4.48410972713393,7.32189802904225e-06,0.000387675865265135,"WASH8P"
71.0857794929322,0.659764684255904,0.147180524180338,4.48269013804779,7.37079183814181e-06,0.000389624889870299,"PTOV1-AS2"
1008.83066799024,0.359510969844516,0.0802092025334417,4.48216611671989,7.38891907437986e-06,0.000389943855242846,"WDR45"
3417.45341548058,-0.440549504108438,0.098305266785749,-4.48144355346282,7.41398431425558e-06,0.000390627327145704,"BRPF3"
5.42723212334138,0.924733793909772,0.206365460074636,4.4810492684935,7.42769606621288e-06,0.000390711353433988,"JARID2-AS1"
332.063022960865,0.497866034798039,0.111125481206538,4.48021488314372,7.45679285816836e-06,0.000391603071191594,"NDUFA11"
7.39114559567799,-2.99488177939337,0.668630493607207,-4.47912831979323,7.49484704604644e-06,0.000392961533332955,"RNY1"
2.08565744081203,1.77078522643593,0.395818891142305,4.47372590359588,7.68682658757876e-06,0.000402372927461813,"AMY2A"
131.031671706111,0.609789502909487,0.136348089686326,4.47229957025675,7.73829181567575e-06,0.000404410404532357,"SNRPN"
4.03699500708385,1.1103567042792,0.248413380375355,4.46979427034664,7.82948702276737e-06,0.000408514254124812,"RNVU1-30"
167.35939902498,-2.16028133551549,0.483796361059081,-4.46526991394977,7.9967871239049e-06,0.000416569306640248,"ANKS4B"
114.506372217622,0.778657650110533,0.174411249819286,4.46449211801034,8.02589030142443e-06,0.000416738861142401,"PRKAG2-AS1"
5.4693119806958,0.716264994594219,0.160429669623273,4.46466664349669,8.01935119704275e-06,0.000416738861142401,"AC019294.2"
16.1250450943469,0.783452881023288,0.175526237215193,4.4634516950465,8.06497866415551e-06,0.000418095236375715,"ARL6IP4"
865.238439987427,0.617384636775088,0.138358089334729,4.46222291550626,8.11137792002569e-06,0.000419825651735519,"CHTF18"
158.654734002452,-0.729458209382439,0.163510465978415,-4.46123252733396,8.14896102180175e-06,0.000421094948955124,"CD300C"
5037.39348263488,0.433350807875933,0.097156037860774,4.46035899999269,8.18224760918451e-06,0.000422138518653047,"ARFGAP1"
7.50044532282148,0.826523067708937,0.185359888348228,4.45901794112102,8.23360297871457e-06,0.00042410946972628,"AC025449.2"
29.3971991108923,-2.46089505497139,0.552029938800239,-4.45790143251977,8.27659417221456e-06,0.000425121897217111,"CHAT"
32.2806903764131,0.614712248153836,0.137895170512489,4.45782289451653,8.2796263436919e-06,0.000425121897217111,"RNF31"
340.522398290399,-0.952910428222164,0.214113668136329,-4.45048854898619,8.56751621513047e-06,0.000439204388484709,"TNFRSF11B"
432.254406556458,0.508249958863264,0.114269162541209,4.44783130951865,8.67416067392276e-06,0.000443965572905777,"SMIM4"
15.2081101357906,0.754516538549168,0.169670813005399,4.44694361501737,8.71006883425099e-06,0.000445096940666281,"AC040162.3"
204.904557812234,1.36833166934442,0.307725559995428,4.44659738165638,8.72411280378692e-06,0.000445109204680553,"DNAH12"
40.8328664551763,-1.50320230425911,0.338248551966315,-4.44407609587877,8.82703607949716e-06,0.000449648938994291,"A2ML1"
2540.30433947798,0.307827131196592,0.0693158526610426,4.44093406311943,8.95692390375592e-06,0.000455545759111372,"EHMT1"
308.591821473246,-1.22795693229994,0.276555528144855,-4.44018219609323,8.98827488597967e-06,0.000455702710217633,"MFAP5"
5.77303708899083,0.920683730302485,0.207343737553147,4.44037394698981,8.98026940527883e-06,0.000455702710217633,"AC097358.2"
17.828648859382,0.699081023313202,0.157460551410138,4.43972167665224,9.00752915040869e-06,0.000455961974026575,"AL591848.2"
20.545770971981,-1.71020619052675,0.385273872631014,-4.43893633079203,9.04045531481649e-06,0.000456911413207301,"LINC02133"
1348.74270644219,-0.289336886282264,0.065186713425173,-4.4385868082518,9.05514623955448e-06,0.000456937700304279,"UEVLD"
4635.26488346568,-0.516074794132109,0.116308629907097,-4.43711523851954,9.11724895502524e-06,0.000459352644616858,"PDLIM5"
3840.00133296927,-0.281403852044645,0.0634409587938005,-4.43568094484954,9.17817003798965e-06,0.00046170061290948,"CHMP3"
7.62651442147329,0.806787816481753,0.181918731616991,4.43488039582615,9.21234197951561e-06,0.000462697768114456,"IBA57-DT"
64.6389765923302,-1.06823684157103,0.240947950441555,-4.43347552703147,9.27260372848723e-06,0.000464278116809116,"LDHAP7"
4.74446066076969,0.719867863345615,0.162360117428728,4.43377274386131,9.25982330676462e-06,0.000464278116809116,"AL596094.1"
34.140561698899,0.53215494333101,0.12016036024859,4.4287062907441,9.48000174435293e-06,0.000473192966326099,"MTCP1"
15.7732629667055,1.1242666496405,0.253853983257617,4.42879262800288,9.47620814871792e-06,0.000473192966326099,"LINC01451"
3.99629744218646,1.13994080081035,0.257467871119621,4.42750699671077,9.53284812225356e-06,0.000475095344207212,"MIR210"
104.918598493331,-1.07751576639769,0.24362259715429,-4.42288925158813,9.73896698656954e-06,0.000484618812472122,"KCNK17"
159.788697567434,0.777576691714866,0.175850534846888,4.42180453071637,9.78799867516431e-06,0.000486308193036476,"LINC02615"
1370.0837619662,0.537832288589685,0.121661637477829,4.42072209234976,9.8371621869984e-06,0.000487998914953482,"ATP6V0E2"
2156.05576723909,-0.401463727287063,0.0908892668287489,-4.4170642067505,1.00050517626932e-05,0.000495236281835424,"SRPK1"
1300.70563625759,0.449483658331784,0.101766513592605,4.41681298163728,1.00166823690818e-05,0.000495236281835424,"STK36"
25.1096681505705,1.31790503255839,0.298401851576995,4.41654442019551,1.00291298507841e-05,0.000495236281835424,"AC103563.3"
127.895777316634,0.375833665469536,0.0851239161568801,4.41513598571861,1.00946512747648e-05,0.000497709526536376,"VPS33B"
41.0151678051296,1.37309178464659,0.311056702956001,4.41428129211802,1.01346113704649e-05,0.000498916860520064,"LINC00923"
80.3248959225761,-0.990123758323041,0.224450109994119,-4.41133113433976,1.02737061015613e-05,0.000504993373848847,"KLHL4"
2062.78454503311,0.537208661264531,0.121853053877407,4.40865980925684,1.04012256016682e-05,0.000508934020524721,"SCAND1"
17.8855795831937,1.14791685472951,0.26037051881821,4.40878199244585,1.03953601739023e-05,0.000508934020524721,"ENHO"
5.88302424938391,0.850135315256867,0.192828952129586,4.40875348783492,1.03967282607399e-05,0.000508934020524721,"SOCAR"
221.600504656722,0.326382024227553,0.0740594691921682,4.40702624239263,1.04799495232696e-05,0.000511234451403673,"ANKRD39"
9.64303394106703,0.999939569385813,0.226883139133324,4.40728902643671,1.0467247296151e-05,0.000511234451403673,"AL445228.2"
6.40597353158547,0.808896911465759,0.183588128651801,4.4060414875732,1.05276808064496e-05,0.000512787111184239,"GLRX5P3"
37.4888362064172,-1.35358605344133,0.30737875821691,-4.40364214265626,1.06448482039669e-05,0.000517712112122042,"SLC30A2"
812.649085330879,-0.685260340927604,0.155647627140394,-4.40263917617901,1.06941942789608e-05,0.000519071926859932,"TLR3"
29.9491957538137,0.655762070597161,0.148962273309285,4.40220235653645,1.07157540723537e-05,0.000519071926859932,"LINC01311"
2.47561486320584,2.49803456551607,0.567465047127088,4.40209415216478,1.07211010478745e-05,0.000519071926859932,"ANKRD20A9P"
8.7730879885945,0.957222537420557,0.217562866350818,4.39975145334336,1.08374933331086e-05,0.000523537424668361,"AL592546.2"
5.47041938915302,0.89033691317906,0.202368382304263,4.39958506878031,1.08458055412766e-05,0.000523537424668361,"AL158151.4"
2.44998745031924,1.02082420853717,0.232080116539827,4.39858538403476,1.08958759030039e-05,0.000525168189076771,"RPL23AP95"
5219.23327060699,-0.388026871887403,0.0882305713648521,-4.397873275498,1.09316771968745e-05,0.000526107360019729,"EFR3A"
933.492457123786,-0.273077503004714,0.0621071182051181,-4.39687930943494,1.09818367314107e-05,0.000526424698258544,"RNF8"
2.87715764303834,1.14829952220554,0.26114561256295,4.39716183984803,1.09675567990227e-05,0.000526424698258544,"Z98752.4"
2.44441259929262,0.938537314022707,0.21346052129204,4.39677233214789,1.09872483153357e-05,0.000526424698258544,"AC008507.4"
594.548868265132,-1.0681426226191,0.24299345822177,-4.39576699074859,1.1038229349971e-05,0.000528082648946312,"CRISPLD1"
28.8882279765074,-0.6593363529041,0.150060704701425,-4.39379752491486,1.11387566139312e-05,0.000532102528912908,"DYNC1I2P1"
1502.08410349293,-1.16145481204432,0.264376339841254,-4.39318742646078,1.11700747227735e-05,0.000532809259520462,"ARSL"
40.5181271741045,0.532217551021111,0.121200109412233,4.39122995517193,1.12711258920759e-05,0.000536835235435727,"AC008915.2"
67.4808419793132,0.539654697208414,0.122926393068077,4.39006370999232,1.13317455832318e-05,0.000538926454765942,"AC026471.4"
1728.83016657554,-0.478982223534576,0.109224697124646,-4.38529230241733,1.15830132383832e-05,0.000550065186850761,"BTN3A3"
505.540266310426,0.453827528645381,0.10353786473897,4.38320347623095,1.16946789862848e-05,0.000554551358695226,"RALGDS"
7.40979526834423,-2.37425999198824,0.541747769161653,-4.38259302047957,1.17275066476073e-05,0.000554809019086583,"TNMD"
22.8832450938723,-1.49756124798176,0.341716824994755,-4.38246272481535,1.1734524764058e-05,0.000554809019086583,"ELANE"
47.0041522575955,0.748001708470122,0.170712475790713,4.38164642042414,1.17785846876353e-05,0.000556076812961638,"AL163051.1"
8.77141762946001,-0.82323010677002,0.187909177686088,-4.3809999964199,1.18135873230637e-05,0.000556913922854078,"DENND10P1"
1348.88724786195,0.382103097550377,0.0872321920501197,4.38029915986564,1.18516484562228e-05,0.000557892561271391,"E4F1"
8536.63049770947,-0.297112086897446,0.0678845764440936,-4.37672447057444,1.20476111460613e-05,0.000566290410211,"EIF5"
6.40311920745644,0.942135951161271,0.21531089640305,4.37570028688954,1.2104323864523e-05,0.000568127981093952,"AC008264.2"
3.50493360889412,0.911218045948513,0.208301549515078,4.37451400659194,1.21703309180282e-05,0.000570395814610201,"AC233280.36"
699.710195444246,0.516990991945166,0.118263660986032,4.37151182057714,1.23389168724783e-05,0.000577457727943485,"CCDC24"
48.3706331719536,0.641442373403043,0.146764555829183,4.37055370609786,1.23931866874584e-05,0.000579156963387098,"LINC02021"
815.920415025553,0.524004936188374,0.119908630895739,4.37003518657466,1.24226517439479e-05,0.000579693785070331,"ME3"
4925.55587549795,-0.379746101260008,0.0870490359584086,-4.36243890674961,1.28620509237313e-05,0.000599330682132535,"TMED7"
86.5790933326148,-1.12645756552794,0.258274668666859,-4.36147134112067,1.29190720385148e-05,0.000600801416692158,"NOG"
61.5129297995688,0.839989719320802,0.192603261002126,4.36124349582809,1.29325345858263e-05,0.000600801416692158,"AC024560.2"
6.02273390510444,-1.44491934367441,0.331330831466219,-4.36095650163402,1.29495110746178e-05,0.000600801416692158,"AC241377.3"
4.6680741344623,-1.19948528792407,0.275150713093642,-4.35937553800143,1.30434112051223e-05,0.000604288497570644,"AL450124.1"
100.27638805692,0.627442392887687,0.143953581043342,4.35864386519689,1.30870879132081e-05,0.000605442108696407,"ARHGAP5-AS1"
744.946868181722,-1.87863607794427,0.431129898357854,-4.35747111276642,1.31573857613321e-05,0.000606260118142078,"TM4SF4"
28.5422281548251,1.26819343398489,0.29100509807229,4.35797668970683,1.31270360941438e-05,0.000606260118142078,"LINC01882"
10.7916332169079,0.768904733208329,0.176459197920824,4.35740807092036,1.31611748394931e-05,0.000606260118142078,"RASA4DP"
12.3187122821403,0.772428597419321,0.177321613618176,4.35608824924512,1.32407410791653e-05,0.000609055201280578,"AC090970.2"
73.7510490804121,0.636524380775503,0.146143880014173,4.35546381219502,1.32785453593062e-05,0.000609090701358739,"RELL2"
13.6698830654045,-1.93580031809629,0.444454568700576,-4.35545150037689,1.3279291767877e-05,0.000609090701358739,"MAGEA8"
75.6693564150291,-0.780868495214108,0.179400234031522,-4.35266151925367,1.34494716170644e-05,0.000616020187915117,"HSP90AB3P"
41.6271091763656,0.819352281876766,0.188258322942496,4.35227653720808,1.34731169892059e-05,0.000616227882719071,"NPIPB11"
23.2474092628637,0.479766081942315,0.11026520267416,4.35101981683244,1.35505803382165e-05,0.000618893007090358,"AL357874.3"
9.81464685799922,0.510974360799161,0.117458737918936,4.35024562541963,1.35985122252684e-05,0.000620203715281157,"EMC1-AS1"
52.459887062612,-1.52633424671307,0.350946422244817,-4.34919449228155,1.36638490949264e-05,0.000621425689796759,"RIMS4"
27.9931793338953,0.660103646827826,0.151768223429777,4.34941934424934,1.3649847504932e-05,0.000621425689796759,"BOLA2B"
11.4950447909795,0.717845088923679,0.165173680987359,4.34600164283205,1.3864153071019e-05,0.000629647346161984,"AL160314.2"
7.5522315853339,0.801354456931138,0.184427328317909,4.34509605620808,1.3921473097941e-05,0.000631361322142206,"AL513218.1"
68.6987789438956,-0.679829868535532,0.156485962942659,-4.34435048199588,1.39688345606016e-05,0.000632619480908144,"RPS23P8"
3815.24565647152,0.424292904828196,0.0976783126857422,4.34377799085517,1.40053054497893e-05,0.00063338159078325,"FASTK"
78.522028642942,-0.983456923108089,0.22654212762135,-4.3411657400511,1.41728761843777e-05,0.000640062174461147,"RNF5P1"
45.6464757899711,0.637134244496936,0.146780421146644,4.34073045655316,1.42009839644619e-05,0.000640434584523181,"TIPARP-AS1"
7.59450625365877,0.816734042206055,0.188251812039233,4.33851888785986,1.43446158636758e-05,0.000645840878521978,"AL121601.1"
1.73988733949533,-1.57800381080612,0.363740411792255,-4.33826916022567,1.43609213800669e-05,0.000645840878521978,"AC097504.2"
179.418758652515,-0.99251579792638,0.228801914280924,-4.33788240384985,1.4386208831123e-05,0.000646077024734765,"PCDHAC1"
43.317293164444,0.611544107579918,0.140991015542584,4.33746863391598,1.44133095350832e-05,0.000646393833044171,"LINC01144"
11.0803543525381,1.31995656581909,0.304346777454827,4.33701508804379,1.44430713744457e-05,0.000646828939540281,"FLJ42969"
6.27486437506007,0.851864865914229,0.196456745962311,4.33614463958216,1.45003547575123e-05,0.000648493674280142,"SCAANT1"
112.087091343794,0.946074279966023,0.218328928936462,4.33325205493657,1.4692273289584e-05,0.000656166692829137,"COL9A3"
49019.6562215371,-0.40745700830372,0.0940373803400367,-4.33292597933255,1.47140591914792e-05,0.000656230758823302,"HSPA8"
219.317855557071,0.459916228975248,0.106183118890914,4.3313497830831,1.48198037373687e-05,0.000658215663238917,"CD99P1"
16.2556120512336,0.772519058390776,0.178335977241737,4.33181834837295,1.47882929708747e-05,0.000658215663238917,"LINC01431"
13.889972903388,0.925715211359992,0.213716838271674,4.33150339882548,1.48094661129874e-05,0.000658215663238917,"AL031283.1"
6380.40982242016,-0.428283757083921,0.098917628776921,-4.32970100860167,1.49311927160137e-05,0.00066225076908922,"CD2AP"
12.4634397769406,0.800502464435135,0.184936325299358,4.32853017458499,1.5010776921182e-05,0.000664866073933396,"IMPDH1P8"
2.15946189728737,0.948385957604112,0.219119421015081,4.32816932981418,1.50353857703855e-05,0.000665042543437695,"TEX53"
394.3121311582,0.433538277158724,0.100201871867427,4.32664848549257,1.51395274881171e-05,0.000668262683205579,"NBR2"
57.5566520824225,0.516301535029401,0.11934081313318,4.32627800560758,1.51650005391694e-05,0.000668262683205579,"DDTL"
5.43849205724668,0.802982187449688,0.185609117676711,4.32620012152798,1.51703608034264e-05,0.000668262683205579,"AC114744.1"
5.84003481510956,0.828441430434016,0.191536645498132,4.32523723217287,1.52367797319573e-05,0.000669359621875974,"AC022306.1"
2.9957428468679,0.795870065107678,0.183996886403841,4.32545398274231,1.52218044062799e-05,0.000669359621875974,"AC092053.2"
2917.72710298738,-0.311830710142787,0.0721163275145513,-4.3239959783014,1.53228090379857e-05,0.000669589676545723,"CDC5L"
2719.85189223106,0.497992216319752,0.115186212152745,4.32336654719906,1.53666106572751e-05,0.000669589676545723,"FHOD1"
1272.6984888054,0.5310383760418,0.122818362472856,4.32377020300336,1.53385068559781e-05,0.000669589676545723,"UBXN11"
1183.93757447884,0.358007039393954,0.0828024126582778,4.32363053080874,1.53482257295051e-05,0.000669589676545723,"DDX51"
68.7381324503348,0.894008998230563,0.206752596517796,4.32405209553734,1.53189096680155e-05,0.000669589676545723,"TUBB3"
11.5071402913471,0.705832675323604,0.163255994182826,4.3234717282917,1.5359282889252e-05,0.000669589676545723,"RFPL3S"
13.7766383896882,1.07677058578777,0.249147310899802,4.32182302870933,1.5474528762489e-05,0.000673382159172007,"AL031432.2"
3619.77068537539,-0.273151135515841,0.063229156833166,-4.32001863059106,1.56016028494323e-05,0.000675522660977219,"CRK"
135.888408419541,1.53035508547149,0.354265505870231,4.31979704519149,1.56172763302588e-05,0.000675522660977219,"ATP12A"
115.305632808765,-0.689184354571441,0.15954674895719,-4.31963897149898,1.56284665867268e-05,0.000675522660977219,"KANSL1-AS1"
16.9012503455101,-1.70286823297572,0.394160206579412,-4.32024391237638,1.55856832843662e-05,0.000675522660977219,"KRT16P6"
27.1289459068158,-1.07649121995996,0.249157728029669,-4.32052109510235,1.55661173806935e-05,0.000675522660977219,"LINC02535"
380.669363819093,1.36170732234135,0.315435258043895,4.31691539742794,1.58224767902782e-05,0.000682992990766428,"IGKV6-21"
33.7127261565055,0.577113167983038,0.133708292541021,4.31621073768468,1.58730448924523e-05,0.000684259802883854,"AL133351.4"
288.877096553445,-0.536219927004205,0.124243100240872,-4.31589300302896,1.58958966663167e-05,0.000684330024039227,"BX890604.1"
19.1387414986871,0.767796907723858,0.177918221636245,4.31544841592236,1.59279244330279e-05,0.000684794564457312,"AL513320.1"
55.6220398874838,0.835754106437969,0.193769695553215,4.31313113256374,1.60958583501372e-05,0.000691093145805824,"ACSM1"
93.0272883935051,-1.40846838681872,0.326598081551671,-4.31254335643084,1.61387221558427e-05,0.000692012095631844,"PENK"
3.26152158497377,0.879173330792534,0.203890976180636,4.31197764247122,1.61800798067432e-05,0.000692864108059009,"THA1P"
14.0565500080631,0.827176859787375,0.19186592861742,4.31122328882457,1.62353855268626e-05,0.000694310353201175,"AC087239.1"
6.61578670151935,0.545020771562618,0.126431614462326,4.31079500076322,1.62668657700047e-05,0.000694735214243448,"AP003392.5"
36.2542284759461,0.676902014993091,0.157128048980899,4.30796423288739,1.64764020167813e-05,0.000702753416707824,"SNORA33"
2707.2219539478,-0.386134925025466,0.0896572876498136,-4.30678793823927,1.65642269304629e-05,0.000704641385054643,"SCAMP1"
3.11667790479212,0.763558857983197,0.17729203577077,4.30678600233594,1.65643718366078e-05,0.000704641385054643,"MT1P1"
61.4685505051499,0.803387510726026,0.186607615570271,4.3052236012495,1.66817154044368e-05,0.00070869817288019,"STX1B"
20.6150645859839,0.682265331934746,0.158493612273306,4.30468661890454,1.67222278856156e-05,0.000709484523910099,"AL118558.4"
87.359842719511,0.577850375749232,0.134248992023465,4.30431817058435,1.67500795868575e-05,0.000709732347277556,"PJVK"
34.0165941037711,-0.957588625985372,0.222546381918296,-4.30287213717513,1.68598157903586e-05,0.000713167264113674,"PCDHGA3"
29.1611456044594,0.810367253412436,0.188340652021279,4.30266777095409,1.68753798269106e-05,0.000713167264113674,"AC018926.2"
81.2356400573759,0.524324479172758,0.121909512814645,4.30093162598358,1.70081537960211e-05,0.000716899240722485,"RPGRIP1"
14.0066490505822,0.67945678059707,0.157974236397034,4.3010607051735,1.69982481388868e-05,0.000716899240722485,"AC006077.2"
46.6461213443301,0.654985144826053,0.152390020271933,4.29808424237534,1.7228068863454e-05,0.000725220731725947,"AL355353.1"
9.10807975287385,-0.889952174418306,0.207120089721143,-4.29679310981613,1.73286787589197e-05,0.000728504884721466,"AC133134.1"
536.379937514179,0.361090940283755,0.0841094693111911,4.2931068670494,1.76190148250047e-05,0.000739746266969109,"PPCDC"
9.66975456321163,0.642164008314765,0.149625428540947,4.29181065395598,1.77222042449872e-05,0.000743111151989092,"AL132639.2"
557.316094059386,0.427191791907269,0.0995944108409426,4.28931491536725,1.79225097912023e-05,0.000748589803390307,"TTC12"
5.03655891910105,1.35969382913167,0.316985786857612,4.2894473049116,1.79118303826262e-05,0.000748589803390307,"AL132655.2"
2.33404483765998,1.16558423385575,0.2717270825691,4.28954016226684,1.79043435173522e-05,0.000748589803390307,"KCNJ9"
3.80306342619363,0.895836914562722,0.208886881166246,4.28862219379759,1.79784882406918e-05,0.000749956472601689,"AL049757.1"
309741.523071812,1.08554978825747,0.253213980369129,4.2870847283984,1.81033256895105e-05,0.000754188290514556,"IGHG1"
223.969748681299,0.408470318530793,0.095329066264678,4.28484547825831,1.82866240942362e-05,0.000760841540540189,"ZNF487"
1299.89013163793,0.428207446490142,0.0999896415508574,4.28251806735745,1.84790122169883e-05,0.000767855346568024,"COX17"
57.1051310805341,1.00711596814462,0.235239098762165,4.28124394900378,1.85851483289855e-05,0.000771271696097989,"GAPDHP35"
128.379182703521,0.540483346377075,0.126309125717495,4.27905223242484,1.87690817583914e-05,0.000777903652055693,"CAPN10-DT"
8.81441615687187,-1.75812594923652,0.411066104909967,-4.27699080083869,1.89436627739679e-05,0.00078413145846803,"LMLN2"
168.576474826498,0.764416303825102,0.178861666816761,4.27378497265278,1.92182382756512e-05,0.000793459786425574,"AC012236.1"
4.43149115547484,1.428879447554,0.334328351106603,4.27388058124449,1.92099949544785e-05,0.000793459786425574,"AL049874.3"
4356.87955410378,0.434408765040636,0.101667762898679,4.27282702653309,1.93010180729091e-05,0.000795858475397639,"FAM50A"
68.6669269008004,0.62938386056499,0.147356463372636,4.27116562219195,1.94453922129637e-05,0.000800787575871027,"LINC02175"
197.697725738156,0.325382034324665,0.0762046693792703,4.2698437900864,1.95609919834316e-05,0.000804520646053255,"MRPS18C"
27.793606472699,1.5949992900762,0.373604269119225,4.26922126408357,1.96156609168736e-05,0.000805741383776548,"MUCL1"
3.1026875769154,0.797227479335073,0.186754976571033,4.2688419552335,1.96490423338951e-05,0.000806085712540011,"AL161668.3"
2455.97100217339,-0.983576380320961,0.230460707046259,-4.26787018458438,1.97348109065236e-05,0.000808575575198034,"AKAP12"
1478.89187935941,-0.240342071396821,0.0563946705580965,-4.26178695643281,2.02798730656877e-05,0.000829853435283121,"CDC23"
2.62315102790102,1.14974293393479,0.269938733496725,4.25927364717648,2.05092266403541e-05,0.000838174921442609,"NPIPB9"
807.640255936278,0.583308323129529,0.136970447986414,4.25864361038951,2.05671070001891e-05,0.000839476411672275,"ABCA5"
1907.14800207736,0.556134144750078,0.130604246644483,4.25816280127497,2.0611382678313e-05,0.000840220018283443,"ABCA7"
1.37142503003712,-2.31889267747393,0.544694378285515,-4.25723629601777,2.06969566814753e-05,0.000842643141659306,"CHP1P1"
56.440805766655,0.498392274250072,0.117096399975788,4.25625616460562,2.07878518668559e-05,0.00084515489578583,"TOMM5"
50.16017822601,0.761005364528403,0.178807380714545,4.25600644384642,2.08110710886633e-05,0.00084515489578583,"AL121832.3"
371.419241519564,0.537591320655149,0.126357832134176,4.25451522533479,2.09502405008872e-05,0.000849736484215228,"PPP1R35"
4.26691479720653,-0.853443901421353,0.200656965597307,-4.25324831799811,2.10691715668473e-05,0.000853486730116825,"AC233699.1"
4.02079865773388,0.79916930808203,0.187916503301521,4.25278937209535,2.11124135464023e-05,0.000854165338524142,"NANOGNBP3"
22.5033213135199,-1.06641157148248,0.250833641441504,-4.25146948134218,2.12372453281313e-05,0.000858139067174928,"PCDHA5"
21.4805539249581,0.500138701107868,0.117674212743111,4.25019797837695,2.13581649803377e-05,0.000861944968449297,"GGCTP1"
64.6227077778425,-1.86936278789146,0.439876508884041,-4.24974453087754,2.1401446066709e-05,0.000862612035526289,"PRSS1"
216.194492358869,0.481358830993904,0.11327901531508,4.24932040285685,2.1442004198829e-05,0.000863167821961599,"RP9P"
13.1103163305188,0.770193917900542,0.181263361607294,4.24903251860221,2.14695754110742e-05,0.000863200073728287,"AP001160.4"
14.5562873260527,0.573667197970191,0.135026042911594,4.24856705862136,2.15142247892763e-05,0.000863918030299146,"AP001453.2"
72.1286840917351,0.808590914341266,0.190338637247084,4.24817013527111,2.15523695860624e-05,0.000864373329978335,"CNIH2"
108.197889831384,0.80006281450593,0.188560856127765,4.24299523737751,2.2055611822218e-05,0.000883457395288719,"EID3"
2326.42126429596,0.379342203114283,0.089441466013366,4.24123418390296,2.22294048311876e-05,0.000888212092666224,"MAGEF1"
1758.05615564843,1.23877204958891,0.292059055597968,4.24151220736034,2.22018811662462e-05,0.000888212092666224,"MTND4P12"
3.00054720497217,-1.48176172822127,0.349482851413747,-4.23986963087652,2.2364963863069e-05,0.000891419356940249,"AC090543.1"
1.67854983266697,1.69303006057758,0.399304007719723,4.2399525871174,2.23567003147362e-05,0.000891419356940249,"IGKV2OR2-2"
85.8889386853688,0.543719380061997,0.128270783274452,4.23884041386603,2.24677296803217e-05,0.000892819676327762,"AL590617.2"
2.8049706960681,-3.01161147835824,0.710472668981015,-4.238884351002,2.24633334533645e-05,0.000892819676327762,"CLEC2A"
8.83442793886297,-1.54424436040136,0.364321460406021,-4.23868623791848,2.24831625733646e-05,0.000892819676327762,"WT1-AS"
66.6537846980165,0.502923596259123,0.118711670960614,4.23651349685729,2.27017280764816e-05,0.000899814042338529,"LINC01002"
4.8340901019038,0.92809692197846,0.219077767188243,4.23638114396607,2.27151071627714e-05,0.000899814042338529,"AL023806.4"
458.02116437436,0.920819611215713,0.217429587619468,4.2350244108786,2.28526879328959e-05,0.000901939929493548,"CDC42EP5"
24.1199367145746,0.73818930663412,0.174301524408296,4.23512823046191,2.28421320552274e-05,0.000901939929493548,"AP002490.1"
17.5437677998504,-0.955184466950902,0.225519499470033,-4.23548504318061,2.2805888415544e-05,0.000901939929493548,"AL356534.1"
7.95844708320168,0.741839394875242,0.17521115839432,4.23397346192817,2.29598050600026e-05,0.000905059797261349,"A1BG"
11.2255823394123,0.787587050592572,0.186039146239875,4.23344799474124,2.30135418893828e-05,0.000906070400760864,"TTC9B"
87.867239346124,0.47237528791722,0.111605106118328,4.23255982048338,2.31046431281041e-05,0.000907441190823043,"ASH1L-AS1"
6.14088254251264,-1.53874858440137,0.363548617860866,-4.23257993237721,2.31025764316431e-05,0.000907441190823043,"DIPK1C"
10.0663300555124,-2.44071195338604,0.576812161346911,-4.23138088435367,2.32260984045027e-05,0.00091110163388466,"LINC02506"
21.5262758029676,0.72212515161589,0.17075271653048,4.22906976994997,2.34659570181866e-05,0.000919392204193714,"PROSER2-AS1"
2532.98354904356,-0.466377111451805,0.110332632458553,-4.22700973464948,2.36817425993246e-05,0.000926720619071871,"CTSO"
13.5239571717085,0.709876759663206,0.167966697265671,4.22629468352529,2.37570835544592e-05,0.000928542011167923,"AC026471.2"
5.90364042104085,-1.67619631095991,0.396832003688486,-4.22394437792303,2.40063321870463e-05,0.000937147919335723,"AC108718.1"
4618.16597090558,-0.251622818523511,0.0595792909507331,-4.22332683904515,2.40722334327271e-05,0.000938584240675073,"PSEN1"
42.0251194982434,0.922439178662688,0.218515126368837,4.22139736498461,2.42792499148231e-05,0.000945512576695013,"FAM238C"
415.348475261223,0.388395487735837,0.092051079617669,4.21934744653756,2.45010442507259e-05,0.000950705381305243,"POLD4"
176.893261709917,0.481162851764031,0.114030305960358,4.21960502264465,2.44730698631088e-05,0.000950705381305243,"WASH2P"
9.89935862520892,-1.46055717508348,0.346124887439612,-4.21974041187171,2.44583779265143e-05,0.000950705381305243,"SMIM33"
7.22673895218634,0.735444210895502,0.17445433825222,4.21568313097622,2.49023214906438e-05,0.000964902613457942,"Z80897.1"
4.79245762704954,-1.50464566083582,0.356934966404915,-4.21546164555061,2.49267755314147e-05,0.000964902613457942,"CU639417.5"
6418.04673218288,-0.243188024049713,0.0576962804156877,-4.21496883850401,2.49812679748192e-05,0.000965852501016842,"PDCD6IP"
397.269937037337,-1.030343046159,0.244513068509923,-4.21385675799649,2.51046536529322e-05,0.000968922853971442,"SUCNR1"
5.04288035358717,0.715540520152978,0.169812401238792,4.21371180745967,2.51207785988564e-05,0.000968922853971442,"LINC01960"
3490.43163777866,-0.434091566645356,0.10313318832862,-4.2090385614976,2.56459621690697e-05,0.000981227553591644,"PRKCI"
2652.49019600593,-1.03613071945574,0.246170008019995,-4.20900469472133,2.56498059898898e-05,0.000981227553591644,"ANPEP"
832.113535308444,0.420860400508686,0.0999730565505365,4.20973825378582,2.55666707801317e-05,0.000981227553591644,"TUBG2"
96.936336191459,0.82366590314734,0.19567808776309,4.20929043493395,2.56173921521453e-05,0.000981227553591644,"CCL3L3"
29.6385402428167,-1.14460748452563,0.271848432484551,-4.21046196244181,2.5484903126445e-05,0.000981227553591644,"BMS1P10"
3.83078346526642,-1.27675636692299,0.303341166053389,-4.20897823903756,2.56528090456739e-05,0.000981227553591644,"WDR45BP1"
2.39107851620187,1.49621275602394,0.355388811915447,4.21007275935269,2.5528845966256e-05,0.000981227553591644,"IGHV1OR15-1"
287.892848458416,-1.60121739507051,0.380584193202884,-4.20726195062158,2.58483457194109e-05,0.000986366754701071,"SPTSSB"
1.75584636878116,1.27381628735108,0.302751877816504,4.20745957560381,2.58257583050697e-05,0.000986366754701071,"POM121L4P"
148.853194331357,0.704139624203794,0.167396576898869,4.20641590914486,2.59452560300913e-05,0.000988894539823043,"SNHG9"
90.7435234773111,-1.5121130076633,0.359601796541448,-4.20496510920242,2.61122436083774e-05,0.000994084173733328,"ALPP"
1148.06555311887,0.500483493495562,0.119045663194109,4.20413041573385,2.62087798038854e-05,0.000995408839548037,"CHKA"
17.178667036776,0.785709742013861,0.186888451346223,4.20416422927216,2.62048625227063e-05,0.000995408839548037,"MSH5-SAPCD1"
30.7811551547742,0.586302785622068,0.139509189905599,4.20261049482688,2.63854381317876e-05,0.00100093935595234,"AC098487.1"
43.0133390905014,-0.741370681788686,0.176450396763502,-4.20158126809061,2.65057061600439e-05,0.00100432020579391,"CCR5AS"
3224.97503400268,-0.306825619617375,0.0730427850939982,-4.20062870306114,2.66174804291326e-05,0.00100654833546655,"SCYL2"
48.9407391535388,1.37357419632519,0.326998790447442,4.20054824803997,2.6626941546068e-05,0.00100654833546655,"IGKV1D-27"
62.7499229095714,0.348328614508389,0.0829393735887342,4.19979799022383,2.67153222888092e-05,0.0010087067531647,"AC116913.1"
18.2824526644841,-1.55842451913826,0.371174987814393,-4.19862482737535,2.68540808318333e-05,0.00101276004259938,"KCNK10"
7.68109989142617,-0.918776415697758,0.21891652463081,-4.19692582479655,2.70562497791781e-05,0.00101919249314205,"AP2B1P1"
49.054413986085,0.516581797574054,0.123094586926012,4.19662481084205,2.70922188375446e-05,0.00101935658858416,"AL359921.2"
25.7689075172141,-1.33345461158003,0.317855527514236,-4.19515942355387,2.72679727741891e-05,0.00102358065436988,"AC091806.1"
12.3496716937036,0.60750257129077,0.14480608897561,4.19528333089014,2.72530698606538e-05,0.00102358065436988,"LCMT1-AS1"
82.6481911619107,0.594928756749782,0.14185881736905,4.19380880077449,2.74309218587082e-05,0.00102850008759773,"ALKBH6"
79.0667947285949,-1.37874086089157,0.328788567716503,-4.19339659668575,2.74808373216867e-05,0.00102917491223901,"CLCA2"
1858.75504438821,0.460552352851298,0.109840435812522,4.19292175458389,2.75384449202021e-05,0.00103013591235721,"MVD"
9.03290493206998,0.681384026848647,0.162524751087845,4.19249389577812,2.75904508552297e-05,0.00103088538566267,"AC105137.2"
162.150586298391,0.456244056902404,0.108831229633276,4.19221631915572,2.76242400245835e-05,0.00103095326341747,"CNPY2"
1947.03796354178,-0.332872477040072,0.0794388944696346,-4.19029594082924,2.7859086026661e-05,0.00103819953967439,"BTBD7"
158.514128015611,0.4783693884973,0.114166501237406,4.19010290507673,2.78827973750356e-05,0.00103819953967439,"MTG1"
3.09796496944701,-2.22877120209397,0.532104522082569,-4.18859661889534,2.80684806119662e-05,0.00104390790926511,"LINC00165"
3.11611386295452,0.824657046986351,0.196985837075596,4.18637735194069,2.83441978698767e-05,0.00105294776533891,"AC011317.1"
1681.15531049811,0.429426177543573,0.102627573860742,4.18431578755113,2.86026277196188e-05,0.00106010260875762,"TAF1C"
370.498197665863,0.657531133621874,0.157151631823153,4.1840553991944,2.86354278873588e-05,0.00106010260875762,"FRG1CP"
193.672822634066,0.305694332782715,0.0730530557880651,4.18455230222768,2.85728657887236e-05,0.00106010260875762,"ZNF446"
487.597347206429,-0.534455853381143,0.127781878095442,-4.18256376684297,2.88240135334208e-05,0.00106342141462832,"F8A1"
22.9664753324332,0.665688869707375,0.159151044291943,4.1827489896092,2.88005319600146e-05,0.00106342141462832,"CCDC189"
8.42583177979812,0.855522623678378,0.20452554342229,4.18296223231127,2.8773520684516e-05,0.00106342141462832,"AP001628.1"
362.365695325159,-1.2182918163264,0.29133028577567,-4.18182343480936,2.89180508252493e-05,0.00106445496445224,"THBS4"
30.1330568955406,0.945609539410824,0.226119152472026,4.18190820668236,2.89072682992441e-05,0.00106445496445224,"AC099518.1"
5686.04187107289,0.426656755722042,0.102041643056882,4.18120233015269,2.89971686975686e-05,0.00106501931518915,"PSMB5"
2273.425632888,0.226719785312891,0.054226018943714,4.18101475507954,2.90211029067807e-05,0.00106501931518915,"SUPT7L"
2.8806499794441,-1.37606451949111,0.329129147423512,-4.18092572554942,2.90324694697244e-05,0.00106501931518915,"RPS3AP12"
2147.5853259773,-0.627916745935766,0.150243716307426,-4.17932118139926,2.92380513969231e-05,0.00106891266133082,"DDX60"
678.452697552129,0.374123995373701,0.089513336948138,4.17953355476469,2.92107618623949e-05,0.00106891266133082,"ZNF133"
77.2661571658025,1.07098486482934,0.2562310884284,4.17976160269332,2.9181485137124e-05,0.00106891266133082,"BDNF"
3.06049660414633,0.843357648900271,0.201860160661722,4.17793013805024,2.94173976669893e-05,0.00107425140178037,"AL353807.2"
6.67299351947391,-1.54814592346988,0.370938128658782,-4.17359609018244,2.99829117648264e-05,0.00109305038903663,"AC007849.1"
3.70715255928514,0.781611709950246,0.187281177876904,4.17346643592761,2.99999874181242e-05,0.00109305038903663,"AL049795.1"
1.62603396094858,-2.15017615226178,0.515276711993958,-4.17285722838371,3.00803447506822e-05,0.0010947412149952,"AL353705.3"
4.47871569349887,0.774350017617089,0.185725577048671,4.16932352518233,3.05505064412557e-05,0.00111059873754035,"AC073548.2"
988.984392970816,0.703936735726618,0.168932682561973,4.16696594792059,3.08680586470638e-05,0.00111542244522716,"KIF3C"
72.9449772722236,0.928988932443026,0.222908842935343,4.16757325644765,3.07859590463569e-05,0.00111542244522716,"TSNAXIP1"
10.9985835531684,1.03159557967761,0.247527414255592,4.1676013252108,3.07821695643366e-05,0.00111542244522716,"AC245100.6"
8.147563453428,-0.66438564936351,0.159421011924135,-4.16749110637736,3.0797052435848e-05,0.00111542244522716,"PLEKHA3P1"
5.87632578662897,0.685418888158514,0.164485200556407,4.16705506537934,3.08559982042111e-05,0.00111542244522716,"AC022400.7"
2.46010176612779,0.805566149587318,0.193329765277914,4.16679836355932,3.0890750305097e-05,0.00111542244522716,"AL441992.2"
83.43992059757,0.469900300032554,0.112788790027594,4.16619683496553,3.09723305489014e-05,0.0011171172243281,"AC004803.1"
833.639811399788,0.429138363757465,0.103037470694021,4.16487672753372,3.1152083816623e-05,0.00112164119496973,"MED27"
7.08071480154843,1.38796140109473,0.333262829172336,4.16476510309224,3.1167328599562e-05,0.00112164119496973,"NOP56P1"
12.8825682041132,0.635227864168418,0.152563440311002,4.16369651125787,3.13136276202534e-05,0.00112564985798782,"AC145423.2"
19.5066375095601,-0.928675057063346,0.223149089953458,-4.16167978662624,3.15915134612891e-05,0.00113369415119263,"SRP9P1"
1.78461509696179,1.32550344909447,0.318510991088955,4.16156266558564,3.16077234275756e-05,0.00113369415119263,"AL449423.1"
33.7448253679552,1.48650694060287,0.357227270889407,4.16123589025508,3.16529920846434e-05,0.00113405636641036,"GRK1"
9.10373893116241,2.56712535638631,0.61701634314472,4.16054677466493,3.17486582733406e-05,0.00113622140513193,"BPIFA4P"
132.413690005477,0.468639417700928,0.11266013012,4.15976279453748,3.18578280331803e-05,0.00113886437353648,"AL136295.7"
3.07356323184316,1.16518888407744,0.280165314075291,4.15893340659691,3.19737090665495e-05,0.00114174113936975,"HK2P1"
13.2054201800915,1.50824797473116,0.362791778681251,4.15733779914652,3.21977725898551e-05,0.00114847032871668,"AL160408.1"
6.39642120148857,0.91470343452371,0.220035410110321,4.15707378219304,3.22349907679148e-05,0.00114852737824466,"CASC4P1"
4319.51319808817,-0.349525516664083,0.0840984755365292,-4.15614569032541,3.23661474931467e-05,0.00114908222560487,"PARVA"
60.6352869177926,0.753906121668718,0.181399352393907,4.15605740439259,3.23786503189033e-05,0.00114908222560487,"AC105020.1"
37.799868305913,1.28166601662031,0.308392633096061,4.15595536038982,3.23931072437533e-05,0.00114908222560487,"FAM153A"
33.7548517128921,0.739468815687195,0.177901815161009,4.1566119773311,3.23001891812046e-05,0.00114908222560487,"AC018638.7"
16.2823756935054,0.658304814901139,0.158462526448679,4.1543248719712,3.2624937610808e-05,0.00115603419039616,"CASTOR1"
2.19512698653937,-2.67219929981877,0.64332725841095,-4.15371689118107,3.27117858936284e-05,0.00115783922737656,"AC036222.1"
61.4603002704139,0.409577753028755,0.0986337772957086,4.15251006560179,3.28848284981657e-05,0.00116263233702111,"MIR762HG"
11.6725471665596,0.782669754168008,0.188492006361507,4.15227027010861,3.29193153574282e-05,0.00116263233702111,"CASP12"
6840.62888944187,-0.72759496559945,0.175274859534406,-4.1511655894759,3.30786322764209e-05,0.00116519136573462,"CCDC80"
626.015659730702,0.640875159806746,0.154405630099427,4.15059450483811,3.3161280967723e-05,0.00116519136573462,"DNHD1"
15.6178321590272,0.664857813639979,0.160186729771448,4.15051742793294,3.3172450728621e-05,0.00116519136573462,"RPL10P15"
4.92761777527973,0.701677698165909,0.169040032604735,4.15095576683091,3.31089755300012e-05,0.00116519136573462,"ACTG1P24"
2.47677556239709,-0.951273491053778,0.229145844592538,-4.15138879234451,3.30463830555236e-05,0.00116519136573462,"AC104996.2"
2679.8555352736,-0.31033724307697,0.0747890730225064,-4.14949979368751,3.33202588176513e-05,0.00116533678539358,"C5orf24"
303.222017802721,-0.667257637642501,0.160779378178351,-4.15014441032555,3.32265578750941e-05,0.00116533678539358,"NOMO3"
9.37363381925983,0.967235492839343,0.233097233354732,4.14949366373382,3.33211510663012e-05,0.00116533678539358,"C6orf58"
10.3024731579346,0.643846130345595,0.15516171416735,4.14951674000696,3.33177923052563e-05,0.00116533678539358,"AC091167.1"
524.608473171107,0.254718239015563,0.0613989046944791,4.14857952732286,3.34544630284667e-05,0.00116873148467271,"DUS2"
96.1033492074203,-0.7058294135937,0.170157791176878,-4.14808754105179,3.35264207932122e-05,0.00116997774726962,"PCDHB7"
12287.0945642407,-0.273261043897636,0.0658882991613015,-4.14733795493285,3.36363377341907e-05,0.00117127830479372,"CAPRIN1"
31.8245273101049,-0.727035434518278,0.17530051112372,-4.147366313183,3.36321731473888e-05,0.00117127830479372,"FAM66B"
10.1757015743994,1.25544444655825,0.302759126546471,4.14667746230783,3.37334738947418e-05,0.00117339359842066,"FAM166A"
1.79308868078098,-2.12472579831132,0.512863567388833,-4.14286748643316,3.42990146801988e-05,0.00119177987970152,"AC018607.1"
20.5226920099953,-0.625800957786522,0.151090461132812,-4.14189587545457,3.44446720473329e-05,0.00119555269124462,"NBPF2P"
2.41584450132937,1.05934008363085,0.255778080556884,4.14163747465943,3.44835085356419e-05,0.00119561369110943,"MIR378D2HG"
20.685856619182,0.727321512863876,0.175742213678922,4.1385703391257,3.49476732268094e-05,0.00121040571772123,"CFAP58-DT"
97.2509741252673,0.438778882662507,0.106077609116798,4.13639491232673,3.52804813174038e-05,0.00122062137347606,"PRDX6-AS1"
9.93816695562665,0.794655607256519,0.192170554230951,4.13515801334215,3.54710483834089e-05,0.00122589920163239,"AC027682.4"
1956.74987889081,0.696924815511027,0.168609136728474,4.1333751481887,3.5747452217458e-05,0.00123149209054694,"ANO9"
6.89134267958431,0.684407862892979,0.165570732998204,4.13362827173328,3.57080853921574e-05,0.00123149209054694,"AF274853.1"
2.94724762636231,1.30785295838682,0.316408319509214,4.13343416638177,3.57382697803305e-05,0.00123149209054694,"AL021393.1"
35.9422639893353,-2.12944610985031,0.515265288756906,-4.13271795386736,3.58498543015351e-05,0.00123370176302348,"TMEM229A"
11.5922551653074,-1.35633319033113,0.328272580475658,-4.13172854207268,3.60045470244138e-05,0.00123770428443734,"SNORA53"
5.52081427684637,-1.65838877769209,0.401404347091852,-4.13146691037855,3.60455584972855e-05,0.00123779449813096,"RNU6-247P"
7.6325929893795,0.571759004065111,0.138423297853194,4.13051135851059,3.61957209864469e-05,0.0012416287480936,"FAM209B"
4.88122761874912,-1.71253625114722,0.414764845682029,-4.12893298208812,3.64450603832912e-05,0.00124885331781002,"AC012349.1"
1.90900234382889,1.50367183307033,0.364291570151562,4.12766024875276,3.66473035230927e-05,0.00125445042686001,"AC034105.5"
6.48340929173323,0.763922568470461,0.185179928131523,4.12529897909825,3.70253455570358e-05,0.00126604694325198,"CXorf58"
1010.27895495524,-0.359112151802814,0.0870682210942749,-4.12449166055636,3.71554453735792e-05,0.00126914972041426,"NAPEPLD"
6426.60259115338,0.48041601854061,0.116527187088389,4.12278053340636,3.743263064516e-05,0.0012766266299226,"CIB1"
102.802193518498,0.61900855762014,0.150157006053371,4.12240876326558,3.74931126852752e-05,0.0012766266299226,"DHPS"
5.98715306512577,0.891055013076099,0.216138439544975,4.1226124096759,3.7459970651032e-05,0.0012766266299226,"AP000553.5"
19.2676279741944,-1.64653369683897,0.399496702752378,-4.12152011642397,3.76380597976837e-05,0.00128021016685265,"AL513548.4"
23.0662346539121,-1.20520930343157,0.292459182909934,-4.12094874724016,3.77315365792555e-05,0.00128093233888303,"HTR1B"
15.3653897885497,-1.31988816328784,0.3202908679427,-4.12090476311666,3.77387415704411e-05,0.00128093233888303,"SULT1E1"
23.9994613311883,-1.19332820527387,0.289643211084048,-4.11999370124229,3.78882756547571e-05,0.00128346648308164,"KCNG1"
7.41158848301002,0.737927445978863,0.179110128648253,4.11996491515033,3.789300951756e-05,0.00128346648308164,"AC021087.1"
18.4943450531143,0.722072219874084,0.175324940299392,4.11847977042539,3.81380042091989e-05,0.00129040917704682,"C9orf163"
593.079793617885,0.296337532741755,0.0719684252015815,4.11760479559921,3.82830462198251e-05,0.00129260400561074,"METTL22"
2.76636131409817,1.15481409605686,0.280456075560819,4.11762909306782,3.82790114411493e-05,0.00129260400561074,"SLC25A47"
694.015155891481,0.442917831238228,0.107579808405984,4.11710931447979,3.83654127180367e-05,0.00129403005553671,"GSTM4"
2.91914846497916,0.7726414856785,0.18768370531978,4.11672118451656,3.84300511193002e-05,0.00129485579764037,"AP003465.1"
2087.09724853606,-1.21932279740785,0.296346992098745,-4.11451045537038,3.88001973159945e-05,0.00130460100360192,"S100A2"
19.6014644919691,0.643790429500137,0.156463201296592,4.11464436471402,3.87776807042246e-05,0.00130460100360192,"AGAP6"
3.89829510802124,0.779168639445261,0.189385417272701,4.11419554190551,3.88531983583173e-05,0.00130502227194161,"AP001885.2"
43.409539047649,-1.08909314395849,0.264753205978419,-4.11361645247561,3.89508405599181e-05,0.00130534255449251,"INSYN2B"
11.0030378273493,0.636182401669349,0.154653742270014,4.1135920303734,3.89549635660862e-05,0.00130534255449251,"AC010883.1"
7.19160069431281,-2.19824380546796,0.534407942214972,-4.11341904155999,3.89841798721133e-05,0.00130534255449251,"UBE2U"
5000.26332366705,-0.499197977080523,0.121422457775378,-4.111249156264,3.93524257139064e-05,0.00131630598251547,"REEP3"
4.97405271214089,1.20988018083232,0.29430958505854,4.11090987944434,3.94103011445254e-05,0.00131687581389142,"AC021549.1"
8717.02538019902,-0.433234653554085,0.105400254371558,-4.11037578739463,3.95015727799736e-05,0.00131855922804373,"CLIC4"
9180.01203763265,-1.6141695209268,0.392791941359668,-4.10947718361857,3.96555891355259e-05,0.00132233140814378,"SPINK1"
435.65733538085,0.385179222633625,0.0937546830538405,4.1083731509436,3.98455953047322e-05,0.00132729464938129,"ZNF414"
7.71918261964375,0.91081327108121,0.221739612898862,4.10758032438995,3.99825749553924e-05,0.00133048310571375,"SEPTIN5"
509.756880003449,0.614908557426665,0.149726157634042,4.10688798232314,4.01025589310566e-05,0.00133310001312569,"LINC02604"
110.099265248593,-1.31117928816482,0.319319808890635,-4.10616332484993,4.0228509169269e-05,0.0013353799241675,"CAMK2B"
1.48551569585244,1.32260651861729,0.322114226198429,4.10601709283878,4.0253970733162e-05,0.0013353799241675,"AC068831.4"
135.859623834798,-1.64698967328497,0.401201230388644,-4.10514611754687,4.04059399345715e-05,0.0013390437134535,"GDA"
68.9712426357088,0.491406238351614,0.119747222823977,4.1036963260013,4.06601100007037e-05,0.00134608341578305,"LAMTOR5-AS1"
1101.21713340404,0.536727121878957,0.130830421335165,4.10246421590248,4.0877309129953e-05,0.00134636244422404,"CENATAC"
4.51931482883097,-2.589885294734,0.631224750781723,-4.1029526987442,4.07910668893976e-05,0.00134636244422404,"SNORA74A"
22.9861937755434,0.541041500630194,0.131880877385045,4.1025015253011,4.08707160121746e-05,0.00134636244422404,"AC010864.1"
22.5092368730013,1.23841042317522,0.301845351100397,4.10279773619345,4.0818407000548e-05,0.00134636244422404,"IGHJ1"
9.0643733497015,0.8513691004134,0.207497042584062,4.10304209549633,4.07753024857744e-05,0.00134636244422404,"AKNAD1"
54.3981730418673,-1.24352968158206,0.303281436336779,-4.10024990847506,4.12704221850554e-05,0.00135792322791542,"EEF1GP1"
157.938995361934,0.68941478060871,0.168360780105257,4.09486568176803,4.22413207855784e-05,0.0013884519762803,"LINC01770"
38.6728430418211,0.523477541206599,0.127856448118389,4.09425999947914,4.23518850922194e-05,0.00139066856904136,"HNRNPA1P16"
1386.63831093761,0.499805214519867,0.122094316558629,4.09359934686118,4.24727970053804e-05,0.0013932200808123,"GGCT"
163.39192893508,-1.08207505907381,0.264367062372762,-4.09307819726825,4.25684082161139e-05,0.00139493732004938,"PTGER3"
81.2523290707069,-0.885379837605982,0.216336114478428,-4.09261227484173,4.26540601804731e-05,0.00139632504621254,"CEACAM4"
6.50793207791715,0.990205321353631,0.24200976512075,4.09159242338661,4.28421135972622e-05,0.00140105877580499,"AC009630.4"
123.850785771343,0.444632006298744,0.108677200654849,4.09130897391133,4.28945191974204e-05,0.00140135133892687,"LINC00476"
26.115875811397,0.577066714644411,0.141082130324129,4.09028920472514,4.30835627841641e-05,0.00140610271454997,"HAUS7"
43.1985330597618,-1.07259530140873,0.262345085158454,-4.08849016843936,4.34189945133809e-05,0.00141558190849219,"AC129507.2"
6.27456407382469,0.719886792935164,0.176086289138237,4.08826147940465,4.34618108050014e-05,0.00141558190849219,"AC010422.2"
9.98343878735797,0.976936258282395,0.239031652567021,4.08705812720128,4.36877689955043e-05,0.00142150566222002,"FAM237B"
11.6347597335508,-1.72029298050248,0.420943194581467,-4.08675802969786,4.37442928412476e-05,0.00142191000268753,"PICSAR"
234.787201830398,-0.684646377028371,0.167562898825971,-4.08590673606953,4.39050131010305e-05,0.00142569702662913,"ASPHD2"
2.14045216843624,1.2637261302709,0.309444767221704,4.08385038020531,4.42955572303297e-05,0.00143693183389535,"SPDYE2B"
18.9089183455523,0.637317912810006,0.156073549097315,4.08344601949576,4.43727402938178e-05,0.00143798895555192,"AL031186.1"
1587.68203020858,-0.309809217159415,0.0758740999476892,-4.08320121586958,4.44195295891922e-05,0.00143805997148946,"UBTD2"
5.13007546099526,-2.44383155874321,0.598719114782686,-4.08176638828416,4.46947103639798e-05,0.00144551748815098,"EEF1DP5"
276.266053712008,0.461804506523955,0.113145596257525,4.08150667634351,4.47446921508085e-05,0.00144568396633549,"AC074117.1"
27.123738560499,1.18692047910646,0.290894075828509,4.08024974632412,4.49873394640522e-05,0.00145206882984821,"LINC02600"
1446.60405865538,0.335097000381279,0.0821500095851664,4.0790865646081,4.52130002821018e-05,0.00145789319409637,"ING5"
395.547672755936,0.509158704033812,0.124851987740349,4.07809850086404,4.54055305259412e-05,0.00146263869311586,"ADCY4"
210.871991660865,-1.06877431199022,0.262144173021622,-4.07704775456546,4.5611127803182e-05,0.00146633182055195,"SCG2"
6.54268866332081,0.727978872022258,0.178551257514255,4.07714222883106,4.55926061660723e-05,0.00146633182055195,"AC004846.2"
67.3137483176623,1.26041120857812,0.309191019557764,4.07648065063753,4.57224583343887e-05,0.0014684468814665,"IGKV2D-24"
1.51897086462584,1.80042918775913,0.441713888006515,4.07600765256577,4.58155116106395e-05,0.00146997131530853,"OR7A5"
86.8856289353558,-1.88799070889139,0.463323176173769,-4.07488942056139,4.60362169491667e-05,0.00147558430966787,"LINC01559"
75.3161266070387,0.578481981230863,0.141993209501865,4.07401159013359,4.62101802578515e-05,0.00147737277083599,"PRR34-AS1"
34.4125716989354,0.524264631263525,0.12868817829286,4.07391446687853,4.62294658326411e-05,0.00147737277083599,"AL136295.6"
4.45410838379613,0.784478642080213,0.192542436426703,4.07431554642681,4.61498735394023e-05,0.00147737277083599,"AC012676.4"
22.3757988270073,0.499451234574593,0.122611536619661,4.0734440522011,4.63229832137716e-05,0.00147889563735452,"EMC6"
2.89395150735821,1.07875119139147,0.264856640534321,4.0729626005042,4.64188804647752e-05,0.00148049139523905,"AC127526.4"
2065.43258045326,0.408579696608743,0.10033899076837,4.07199328476344,4.66125235389244e-05,0.00148462288902433,"ZNF316"
11.6778315648365,-1.33196015248743,0.327113963295695,-4.07185354934973,4.66405019873359e-05,0.00148462288902433,"AC108751.5"
28.8124662547804,1.17582097849827,0.288789008507308,4.07155724026981,4.66998830087639e-05,0.0014850470686564,"TNNT3"
2.59946869816914,-1.33726468918874,0.328470302931518,-4.07118901542689,4.67737760145398e-05,0.00148593143604811,"LINC01068"
3.08258745429153,-1.29003107381328,0.316937161250779,-4.07030551015928,4.69515245888605e-05,0.00148901255373569,"PLCH1-AS1"
2.93793148086661,-1.39552949521562,0.342861048855949,-4.0702479907595,4.69631188447572e-05,0.00148901255373569,"AC078993.1"
1781.99185349371,0.319808920981819,0.0785938546070824,4.06913393649737,4.71882163331187e-05,0.00149467979927447,"ANAPC2"
731.454274106867,1.07013379410786,0.263099200942659,4.06741559941524,4.75374175592334e-05,0.0015027882639191,"PAX9"
16.8851995543449,-1.38079954234476,0.339460635480365,-4.06762787205301,4.7494147155019e-05,0.0015027882639191,"DSCAM"
1354.29930830804,0.387611258379782,0.0953025265063546,4.06716665957367,4.75882099557022e-05,0.00150292049953146,"TAZ"
4.12138335157511,-2.11359638334486,0.519748970893862,-4.06657155993962,4.77098396117055e-05,0.00150528745428517,"PNMA6B"
733.348161320012,0.7437436262208,0.182998109782975,4.064214800376,4.81944278579055e-05,0.00151909025051629,"RAC3"
493.979150293784,-1.33103265535765,0.327738073895758,-4.06126953617542,4.88065833801076e-05,0.00153595049631511,"ORM1"
76.0305897379671,0.875400285791259,0.215553006095224,4.06118337966735,4.88246009838109e-05,0.00153595049631511,"TNS1-AS1"
2022.82605963658,0.339560664375245,0.0836334265387882,4.06010704604768,4.90502228974347e-05,0.00154004326906308,"ANKZF1"
3.6790890906367,1.10210683014411,0.271435452860976,4.06029064563127,4.90116668166811e-05,0.00154004326906308,"NPIPB1P"
3418.55755692774,-0.311574710619632,0.0767513284499748,-4.05953508443455,4.91705197519585e-05,0.00154147887534751,"MYD88"
8.97151382692096,-1.29728178456651,0.319571990152042,-4.05943519627395,4.91915572253864e-05,0.00154147887534751,"ASB11"
277.75396353993,0.482434250973008,0.118863240273655,4.05873380081441,4.933951880231e-05,0.00154311618213432,"ZFAND2A-DT"
33.7695159757358,-1.33807667802964,0.329665471996513,-4.05889239757505,4.93060254513684e-05,0.00154311618213432,"USP32P1"
600.206641271184,0.270135021684063,0.0665801407782987,4.05729123618962,4.96451595133745e-05,0.00154966908858544,"DDX19A"
26.4022386042833,0.628619892310538,0.154928816906283,4.0574755869387,4.96060007569056e-05,0.00154966908858544,"DLGAP4-AS1"
17.6929998958443,0.714380173424161,0.176138541073186,4.0557856847885,4.99660589315098e-05,0.00155667204854737,"ARHGAP31-AS1"
16.1425875638483,1.01225379310685,0.249571486945782,4.05596731219043,4.99272420901337e-05,0.00155667204854737,"AC019257.1"
6.80514912237259,0.801582807197994,0.197664306407307,4.05527341666965,5.00756934510718e-05,0.00155858179085889,"AC012378.2"
123.439926152291,0.460822179075021,0.113673160268622,4.05392247374886,5.03659139395674e-05,0.00156610308098491,"CCDC157"
6.02258328210643,-0.76309137392707,0.188327189585471,-4.05194478612842,5.07936535008622e-05,0.00157788184695116,"ETF1P1"
2.37288956045428,0.975464870773366,0.240766541541037,4.05149679241086,5.0891023932426e-05,0.00157938504976042,"AC127455.1"
18.63597262482,0.731517124917418,0.180651446694088,4.04932890549257,5.13647138955279e-05,0.00159255307650125,"MIR25"
131.90255273435,0.623481031279802,0.153981250090884,4.04907111035795,5.1421320113339e-05,0.0015927766254127,"NPIPB4"
498.531982987342,0.40287588443276,0.099537558042006,4.04747607192394,5.17728726396184e-05,0.00160059087081927,"TFPT"
10.6972227597611,0.714334793895292,0.176483522746201,4.04760049425447,5.17453677847483e-05,0.00160059087081927,"RPL12P25"
16.6212507198715,0.619408335814089,0.153082048128795,4.04625064392237,5.20445075220721e-05,0.00160744745694369,"AC005332.1"
11.7921504826795,0.646453513696125,0.15978568647427,4.04575358381818,5.21550730639847e-05,0.00160932089085951,"ACTG1P17"
53.5749913534735,-0.751651043955897,0.18584197650278,-4.04457086660749,5.24190510989559e-05,0.00161591998344726,"RPL41P2"
1396.80432589697,0.364475889105012,0.0901334826369319,4.04373467486177,5.26064494376756e-05,0.00161905817625824,"TRMT1"
18.4161227552544,1.01574685491426,0.251194383935401,4.04366864816322,5.26212736461045e-05,0.00161905817625824,"AL121761.1"
7.41508082798917,-0.865135939504115,0.214009442843227,-4.04251292844995,5.28813959126575e-05,0.0016255105921865,"RPL21P120"
3.64666522829037,0.755389303558905,0.186898073606868,4.04171797483496,5.30610259585111e-05,0.00162947884003066,"AC008073.2"
906.662251088912,0.535909411772934,0.132612833989902,4.04115797580905,5.31879119167948e-05,0.0016309862561197,"KIAA0895L"
289.189618032514,1.24144063611293,0.307223999787206,4.04083221679555,5.32618554099563e-05,0.0016309862561197,"SIK1"
69.0370978717075,0.474090120507943,0.11732224960826,4.04092251973461,5.32413479445395e-05,0.0016309862561197,"AP002748.4"
17.5658042104251,-1.52858665759739,0.378349458134004,-4.04014496316788,5.34181736001441e-05,0.00163422106995887,"LINC02351"
8.64589094577711,0.649356384721927,0.160756637740523,4.03937525596955,5.35937621746624e-05,0.00163803873111089,"AL022341.1"
92.2125112525534,0.673606737570636,0.166798419463418,4.03844796454063,5.3806025769022e-05,0.00164296903496412,"AC012368.1"
101.036998871025,-1.6150263740144,0.399957104926356,-4.03799896069298,5.39090919324085e-05,0.00164455881680275,"C11orf86"
85.6319793313076,-1.56287501726039,0.387172112772929,-4.03664149792987,5.42218282516619e-05,0.00165253577691384,"AC022733.1"
9.36799753066904,0.671022975543507,0.166262844526333,4.03591660815853,5.43895337689248e-05,0.00165608169629743,"AC019254.1"
20.2643085078124,0.485264807575896,0.120247738651016,4.03554206523779,5.44763778883339e-05,0.00165716113680125,"GEMIN7"
2.53362592980796,-2.02392486398479,0.501571548133601,-4.0351668102308,5.45635188547e-05,0.00165824756406202,"RPL23AP11"
65.6398268421663,0.520870877573037,0.12909804057921,4.03469235656949,5.46738845829915e-05,0.00166003710770109,"FGFBP3"
9.81964306238403,0.871124032267486,0.215941303632005,4.03407786104694,5.48171407214799e-05,0.00166282098077528,"AC104667.1"
3.2982730990001,0.688053990361968,0.17057318135267,4.03377591310429,5.48876634851338e-05,0.00166339540326893,"AL139124.1"
66.8783018932734,-1.41914016472569,0.351855328009173,-4.03330588385661,5.49976142747876e-05,0.00166516250919298,"MYT1"
104.129263556591,-0.946756452286647,0.23476758389145,-4.03273925894471,5.5130438435507e-05,0.00166605528336731,"PCDHA11"
25.2999711433456,0.6612900047339,0.163980186549624,4.03274333715787,5.51294813651011e-05,0.00166605528336731,"RASL10A"
58.2751118484338,-1.09496826051246,0.271544351026415,-4.0323735565611,5.52163250734782e-05,0.00166708839138044,"AL355916.1"
213.420123424133,-0.968222441851218,0.240161071807177,-4.03155446703116,5.54091515792245e-05,0.00167049959919169,"ADD2"
4.80732802861389,1.16765092802539,0.289635208587003,4.03145368175998,5.54329220386141e-05,0.00167049959919169,"LYNX1-SLURP2"
60.9039321348197,0.69969689133759,0.173581207988629,4.03094839265912,5.55522414384547e-05,0.00167097203841695,"AP002807.1"
1.9937543562147,0.985550544700515,0.244491426928851,4.03102291593774,5.55346281648723e-05,0.00167097203841695,"SNAP23P1"
56.329690467905,0.904738603745141,0.224530513108537,4.02946838369266,5.59031335903119e-05,0.0016799594991795,"CFAP99"
12.3007257994146,0.695867430206928,0.172725456324706,4.02874854126174,5.6074557431996e-05,0.00168354199664312,"Metazoa_SRP"
11.7899702094464,-1.50675782262316,0.374227002036173,-4.02632042697313,5.6656470388488e-05,0.00169878919634782,"AL049767.1"
11.1799480068572,0.733934026955139,0.182289940961075,4.02619049128913,5.6687770980625e-05,0.00169878919634782,"AL355312.2"
1.96887697881781,1.00334454097884,0.249282612905664,4.02492788920875,5.69927770124369e-05,0.00170634363488025,"AC026100.1"
1526.93258925984,-0.240548687629155,0.0597708781202162,-4.02451319429076,5.7093293264668e-05,0.00170776738526829,"VTI1B"
3837.27102044533,-0.385839256184594,0.095890983343354,-4.02372822482205,5.72840187982338e-05,0.00171188432451256,"PTPRK"
3.42271165262551,-2.41669675392482,0.600753078303663,-4.02277881080329,5.75155061033103e-05,0.00171721064287152,"G6PC"
52.0923044676992,0.778638649246269,0.193625614137291,4.02136180543846,5.78626507145027e-05,0.0017259770326449,"LINC01572"
8.33069641513886,0.604620634891123,0.15041667555491,4.01963833238958,5.82875499931818e-05,0.00173704440806853,"RCCD1-AS1"
11.7653476826428,-1.27036490219276,0.316097094473559,-4.01890724211964,5.84686816830524e-05,0.00174083346340722,"GGTLC2"
15.4778591541613,1.30576726805051,0.325034611403612,4.01731760938246,5.88643633725418e-05,0.00174938377598858,"IGKV2-26"
14.9738938050983,0.732490418853544,0.18233160246224,4.01735304775396,5.88555146993154e-05,0.00174938377598858,"AC092171.4"
1359.00006204896,-0.295461295206938,0.0735675947331826,-4.01618805506048,5.9147064853105e-05,0.00175293851671725,"AIDA"
33.7911558911896,0.526042520589511,0.130976503586844,4.01631213373105,5.91159480697853e-05,0.00175293851671725,"NUDT3"
16.1405686487224,1.04197959971413,0.259430580792706,4.01641007983829,5.90913958304936e-05,0.00175293851671725,"AC004034.1"
2029.39239681231,-0.294900055719971,0.0734702949451287,-4.0138678623819,5.97317936095904e-05,0.00176864250224173,"USP38"
34.8583354144978,0.696361989470336,0.173535085000685,4.01280230719678,6.00021623229707e-05,0.00177501809550843,"AC006254.1"
18.6749137045786,-2.96303955529865,0.738468267241798,-4.01241283713611,6.01012734042223e-05,0.00177632040414221,"TAC1"
14.5635332429498,-1.8500028561193,0.461100581411752,-4.01214600609512,6.01692651658537e-05,0.00177670142424263,"SPDYC"
530.245645929798,0.626189305679481,0.156117713618721,4.01100740694163,6.04602132593856e-05,0.00178365926491207,"CCDC40"
249.473120697667,-0.902417811419635,0.225086128242777,-4.00921113382114,6.09219279199673e-05,0.00179563762868313,"LINGO1"
1632.10348637147,0.281587181613377,0.0702575236039807,4.00792921766777,6.1253471334028e-05,0.00180211513062567,"ACAD9"
14.2550327319484,-1.18662036695189,0.296061356887526,-4.00802178111576,6.12294744386323e-05,0.00180211513062567,"UNC13C"
168.878659958159,0.450924788737763,0.112573474943166,4.00560424172229,6.18591456903441e-05,0.00181827543553796,"FLJ37453"
7.69108719159183,1.1191694748344,0.279549800453913,4.00347084139275,6.24198976688049e-05,0.00183308706769637,"TDH"
19.5611301796027,-1.22945945355428,0.30718614182963,-4.00232720861528,6.27224727849699e-05,0.00184029675609768,"PCDHB17P"
67.0851773578921,0.686393524325687,0.171526730527185,4.00167088952297,6.28967440523849e-05,0.00184373228360832,"AC004890.2"
126.920951991177,0.847164836270493,0.211726645586665,4.00121975164305,6.30167996249194e-05,0.00184553589580635,"C2orf50"
3.58396793123539,1.18343097083757,0.295783071278473,4.00100981345007,6.30727417329385e-05,0.00184553589580635,"AC027808.2"
10.3657190758903,0.603008905940098,0.150737352003781,4.00039471255255,6.32369180869909e-05,0.00184866221551679,"AL031848.2"
113.167548011036,-0.330633793110178,0.082672376267015,-3.99932611156957,6.35231002556442e-05,0.00185534634759352,"RPS18P9"
3420.29968946245,-0.332476963986927,0.0831505294224776,-3.99849485380487,6.37465668119402e-05,0.00186018827769322,"EIF1AX"
1.86301262259114,-1.65790743489517,0.414740342769354,-3.99745880476635,6.40261290624941e-05,0.00186665690019903,"RNU6-767P"
7.21023365846203,-1.07892310761617,0.269951939158673,-3.99672293882652,6.4225395836671e-05,0.00187077496725696,"IGDCC3"
196.000919762883,-0.519302911072704,0.129958378021073,-3.99591714655364,6.44442714018685e-05,0.00187453396620232,"MEIS3P1"
78.4861075774519,0.645475257038263,0.161537622131133,3.99581997384039,6.44707138631842e-05,0.00187453396620232,"AC132872.5"
15.1230723902769,0.506614356692401,0.126807431650868,3.99514720940988,6.46540671613054e-05,0.00187817152758225,"Z97633.1"
694.975510382264,-0.29367252823005,0.0735501476443307,-3.99282037678801,6.52920282305921e-05,0.00189499680494639,"ZBTB9"
107.375344783365,1.01967883958257,0.255429099208216,3.99202300263904,6.55120162006127e-05,0.00189967172876687,"IGHJ3"
1.15634317156399,-1.99740755987269,0.500535010481218,-3.99054515278035,6.59215971255954e-05,0.00190983099668897,"SCARNA18"
6642.68749330734,-0.310609084560768,0.0778479976873868,-3.98994314289338,6.60891357370284e-05,0.00191125038730088,"MAPK1"
12.4262696783115,-0.71864490921247,0.180113475995712,-3.98995636078656,6.60854528908503e-05,0.00191125038730088,"AC104653.1"
214.846401297496,0.561007654315412,0.140749532647317,3.98585802569701,6.72367086153401e-05,0.00194095583643836,"MTMR9LP"
4.9002559773186,0.772866562662939,0.193896281796947,3.98597928490606,6.72023751463772e-05,0.00194095583643836,"AL031719.1"
657.508765369028,0.851502238933916,0.213672991809506,3.98507191630961,6.74596914389902e-05,0.00194565093957982,"BHLHA15"
25.9151894989546,0.693144900386169,0.173974115394427,3.98418407712377,6.77123717023827e-05,0.00195119340977956,"AC010997.4"
50.2240398919774,1.16579001885685,0.292665765465887,3.98334946009505,6.79507213006081e-05,0.00195631340030188,"IL17REL"
2.03438390731544,0.843980107237359,0.21193230097992,3.9823099326295,6.82486993813594e-05,0.0019631394393862,"AL138831.2"
1036.62865704308,-0.298328099076023,0.074920095628361,-3.98195032419434,6.83520678102909e-05,0.0019643604514642,"FUT11"
2362.56602874117,-0.355816766830646,0.0893690104332848,-3.98143344214679,6.85009036074896e-05,0.00196688480571995,"CERT1"
5651.7652432422,-0.213481193644074,0.0536360316305196,-3.98018248469003,6.88623860153437e-05,0.00197426487597649,"YY1"
46.1957857202184,1.30445641185421,0.327742955757724,3.9801203624297,6.88803841052429e-05,0.00197426487597649,"LHFPL3"
9.00275276459819,0.607711474902953,0.152838793645388,3.97615985057398,7.0037056821871e-05,0.00200563489984124,"RB1-DT"
11.2807599953905,0.592051437524493,0.148934527087391,3.97524636565361,7.03064370064427e-05,0.00201156260982497,"PIK3IP1-DT"
3.25560796953115,-1.29921899046543,0.326898165950945,-3.9743844591052,7.05615055877874e-05,0.00201707069829628,"KNOP1P2"
3574.20090966844,-0.607791296455141,0.152945359930194,-3.97391131533866,7.07018974653884e-05,0.00201929378544858,"FMOD"
1293.2494803446,1.07116036362408,0.269596415541302,3.97319957490303,7.09135838981532e-05,0.00202354735645659,"IGKV1-27"
69.8486841746126,0.576524163972363,0.145186999568311,3.97090762731208,7.15993382440072e-05,0.00203950588487457,"AARSD1"
4.67888952266484,0.711858910879466,0.179262381785485,3.97104458720914,7.15581840238875e-05,0.00203950588487457,"AC004895.1"
11.2256209108753,0.929549557608215,0.234178951689839,3.96939840622128,7.2054319763624e-05,0.00204884615588894,"AC243829.1"
4.79952598782291,0.686634724624887,0.172974251149466,3.96957766871077,7.20001351243679e-05,0.00204884615588894,"Z99716.2"
5.75763749508473,-1.56159602848393,0.393461859919889,-3.9688625189793,7.22165294012041e-05,0.00205164933087386,"TMEM14EP"
1754.68789243974,-0.346905469207957,0.0874279616478901,-3.96790068839868,7.25085360413146e-05,0.00205813181747552,"UBXN2B"
23.4331748673018,0.581224863688169,0.146532152489969,3.96653467386932,7.29251706852116e-05,0.00206631997253484,"AL096701.4"
2.2483870863125,0.927084178567858,0.233720379466547,3.96663817115081,7.28935248878214e-05,0.00206631997253484,"SPIN2P1"
43.361856482178,0.859301410428444,0.216708692573804,3.9652373895237,7.33229380582431e-05,0.00207576658269363,"KCNE1"
110.062385793466,-1.94720239326544,0.491109599892062,-3.96490395156886,7.34255062731918e-05,0.00207684688577111,"LINC02866"
19.7234058765466,-1.27093287043114,0.320573807365776,-3.96455618403348,7.35326269479038e-05,0.00207805394911057,"ASTN1"
32.9661420810571,-0.679293182615271,0.171406884252771,-3.96304492422562,7.39998500142193e-05,0.00208942658818608,"YWHAZP3"
2436.71437471405,0.411262252189778,0.103813848470548,3.96153555858644,7.44692888796854e-05,0.00210084183720512,"PHF8"
4.60699347296237,0.83880353241918,0.211815861242499,3.96006006112483,7.49309153634798e-05,0.00211201692823025,"U47924.1"
6128.34136834298,1.08165047223968,0.273271800236889,3.95814888803763,7.55328714842849e-05,0.00212712440262949,"IGLV3-19"
12.6424109932648,0.625096841553617,0.15798248592104,3.9567477237068,7.59770939179424e-05,0.00213776735897387,"CETN4P"
22.5375135371991,0.772882593484437,0.195380814880796,3.95577525846629,7.62868534654199e-05,0.00214461167392543,"SMIM2-AS1"
8149.5071242464,1.03572551487976,0.262008428589411,3.95302365063542,7.71698062313879e-05,0.00216754390412117,"IGLV3-1"
70.761565748995,0.720783541083632,0.182463953847868,3.95027908736757,7.80601178037924e-05,0.00219064273157814,"BEST4"
4688.3237906045,-0.876682276533395,0.221957605116735,-3.94977354379147,7.82251671296207e-05,0.0021933656644301,"THBS2"
1.79195055261783,2.5278612892048,0.64014124784925,3.94891174049153,7.85072886156947e-05,0.00219936361547617,"AC096645.1"
934.086118177074,0.357921654553715,0.0906470320344633,3.94852039300786,7.86357181781453e-05,0.00220050705936636,"ZMYND19"
3.95965783460928,1.00401382350469,0.254294449523154,3.94823333890057,7.87300477528237e-05,0.00220050705936636,"AL451069.2"
2.50095308381037,-1.21069999446763,0.306648857671695,-3.9481640455476,7.87528344397202e-05,0.00220050705936636,"RPL10P2"
92.2014844613297,0.436989855416424,0.110691398467465,3.94782125320123,7.88656513089356e-05,0.0022017514514776,"ARPC1B"
15334.6578459828,-0.226463109864934,0.0573774619262948,-3.94690009390518,7.91695727588274e-05,0.00220832428512837,"YWHAB"
6.49156263984898,0.619983257053037,0.157094015727171,3.94657463037789,7.92772185894138e-05,0.00220941565550186,"AP001160.1"
1.65059908243812,0.942302921438414,0.238780908790696,3.94630762656319,7.93656323946192e-05,0.00220996961706779,"CROCCP5"
38.6789709033673,0.512008766808516,0.129774880007985,3.94536112672199,7.96798013165254e-05,0.00221673570879644,"AC136475.2"
29.8813670084585,-1.17246363761788,0.297190254124647,-3.94516179903438,7.9746113264192e-05,0.00221673570879644,"C1QL1"
2045.12053111481,0.402133975404153,0.101957110439814,3.94414841367573,8.00840519379746e-05,0.0022242121057192,"MAN2C1"
985.57397910973,0.458222446901187,0.116249238067733,3.94172430303761,8.08979327347415e-05,0.00224365670257658,"REX1BD"
84.2458773552818,0.550582892973908,0.139683388453521,3.94164903264151,8.09233290462571e-05,0.00224365670257658,"TMEM86B"
35.8491704187194,0.65069741540713,0.165124623939934,3.94064434413992,8.12630344395348e-05,0.00225113964390275,"AL137077.2"
4441.56881129591,-0.353739051436942,0.0897918963819641,-3.93954316247179,8.16369142538655e-05,0.00225955562241707,"SPTLC2"
2674.94405085251,0.391979059040357,0.0995119689262257,3.9390142037181,8.18170870344321e-05,0.00226260031854654,"FAM3A"
7116.96885783296,-0.305478631550158,0.0775605555266698,-3.93858230483041,8.19644781494311e-05,0.00226279503247295,"LRRFIP1"
3.70582608554756,0.707252479308709,0.179569280842707,3.93860506646581,8.19567041848443e-05,0.00226279503247295,"AL133297.1"
45.9281009964239,-0.942357664504792,0.23934907957082,-3.93716853306704,8.24487033787432e-05,0.00227421594563522,"EIF3CL"
9.78226222261067,-1.01185212807532,0.257013941089995,-3.93695425152449,8.25223316093686e-05,0.00227430135277273,"AC103810.2"
112.793353921987,0.448100406212636,0.113852265170212,3.93580580538047,8.29180037684651e-05,0.00228148606474028,"RAB24"
2.80047992000901,1.47056124827927,0.373638433666885,3.93578688853604,8.29245361412811e-05,0.00228148606474028,"H2BC16P"
145.99332107659,0.552089274021623,0.140298204671511,3.93511289267219,8.31575983140782e-05,0.00228460358646267,"AC244033.2"
80.2591439291136,-1.14561586865523,0.29115443838058,-3.93473606319457,8.32881724895377e-05,0.00228460358646267,"IL13RA2"
8.78715840529097,-1.04353423576989,0.26521716214611,-3.93464068209505,8.33212534557328e-05,0.00228460358646267,"RN7SL128P"
1.60595098813518,1.73454022290017,0.440797379690354,3.93500574826155,8.31947049404513e-05,0.00228460358646267,"PHBP4"
1144.50203965808,-0.463192887986859,0.117732112431502,-3.93429522685538,8.34411714392501e-05,0.00228594781058506,"PRSS16"
5.75805882151589,0.718780991847861,0.182715350074807,3.93388399799786,8.35841340852731e-05,0.00228792054633245,"LINC01678"
87.5029912105099,0.425194530251213,0.108104626982716,3.93317605470481,8.38307911550299e-05,0.0022912026962043,"SARS2"
46.6859406356594,0.613041796343566,0.155866060817812,3.93313203096944,8.38461523188423e-05,0.0022912026962043,"GOLGA2P7"
2.61233290544804,-1.89689983733679,0.482331926702361,-3.93276856107295,8.39730792363765e-05,0.00229272814561978,"AC139792.1"
1399.79159430657,0.497790405045201,0.126598016047658,3.93205534009164,8.42226702574201e-05,0.00229759729479739,"ATAD3B"
2.81739207044873,-1.08026042206847,0.274823783412482,-3.9307384850572,8.46853456683224e-05,0.00230826624773885,"AC007537.1"
1.37003661134243,1.47854828839645,0.37620643061308,3.93015155532285,8.4892335612874e-05,0.00231195385290297,"GAS2L1P2"
78.3835555371577,1.41663810733168,0.360627549553151,3.92825814080764,8.55633414351667e-05,0.00232826155660502,"SYT5"
1315.01387275623,-0.28204672645345,0.0718224022731287,-3.92700212645176,8.60112210225445e-05,0.00233514933489914,"ZNF561"
68.9161096620823,-1.27557189353527,0.324825986203751,-3.92693918501689,8.60337233636277e-05,0.00233514933489914,"EFNA2"
2.2662824652866,1.19733726350625,0.304887698689644,3.92714192357448,8.59612617141743e-05,0.00233514933489914,"AC026956.2"
44.4982269943773,0.699799466226013,0.178216628173785,3.92667885930158,8.61268521203918e-05,0.00233545838414553,"HELLPAR"
3.07783386938418,-1.21751119514485,0.310075230825632,-3.92650258423739,8.61899667276533e-05,0.00233545838414553,"AC112512.1"
8987.69242975969,-0.664624554648106,0.169358797797207,-3.92435800969688,8.69613317037316e-05,0.00235438131048432,"APOL1"
4909.06186008448,-0.507072534335619,0.129231593602267,-3.92375053345101,8.71810126517809e-05,0.00235834878603748,"ARSD"
3.4662957989447,1.46185341596424,0.37262184955574,3.92315538583457,8.73967436051704e-05,0.00236220284790337,"AL355501.1"
6.96998113564104,0.668607702032973,0.170495334920462,3.92156009632103,8.79774996841979e-05,0.00237590827245977,"AC027682.1"
66114.4461274984,-0.329399565492946,0.0840031930452647,-3.92127434150569,8.80819113725933e-05,0.00237673743281111,"HSP90AB1"
45.4569612336025,-2.2514227130383,0.574382950553518,-3.91972413329585,8.86503837706834e-05,0.00239007660926897,"CALML5"
1758.6585986143,-0.379384942568031,0.0968147575038486,-3.91866852068446,8.9039466199337e-05,0.00239085465706804,"MARVELD2"
83.3601634193647,0.385372520353592,0.0983348937948125,3.91898038917617,8.89243487358974e-05,0.00239085465706804,"AC012063.1"
41.1737271345721,0.622759901351534,0.158901722226656,3.91915136365378,8.88612980107425e-05,0.00239085465706804,"AL035252.3"
19.1323280791413,-1.6059565661096,0.409767145966544,-3.91919308787319,8.8845917668426e-05,0.00239085465706804,"CIDEC"
9.38784904986203,-2.10885707687,0.538160443216591,-3.91864006998607,8.9049974977166e-05,0.00239085465706804,"SSTR5-AS1"
50.8004682459213,1.02740922975166,0.262244981603406,3.91774600783559,8.93808105031675e-05,0.00239574749349512,"CLCNKA"
19.6009017936707,0.63563122582713,0.162238050176929,3.91789241262418,8.93265560233069e-05,0.00239574749349512,"SNORD99"
1300.55086716262,-0.344010902321356,0.0878242135563796,-3.91703937206924,8.96431125872725e-05,0.00239879017873577,"TRIM21"
177.99006072123,-1.53163964425452,0.391003812830952,-3.91719874331945,8.95838908017458e-05,0.00239879017873577,"KRT23"
7.87519674055749,0.784133966053687,0.200207524729861,3.91660586739541,8.98043885415035e-05,0.00240111319114493,"AC233280.1"
804.788346286645,0.348788765211343,0.0890945094483151,3.91481772974663,9.04725276035965e-05,0.00241697320014745,"MAP11"
9319.42374629034,-0.768222194517515,0.196286664393748,-3.91377680643894,9.08636288292252e-05,0.00242347964207323,"EGFR"
57.7659263394134,0.794398523437777,0.202975298205839,3.91376946091326,9.08663943949925e-05,0.00242347964207323,"AL024508.1"
3.59688222500145,0.785942787521968,0.200847639165523,3.91312932921385,9.11077074375544e-05,0.00242790745977185,"AC007279.1"
538.846373504191,0.572201244558003,0.146258458899443,3.91226086247366,9.14360646928949e-05,0.00243464566971296,"EME2"
8.1342373337751,0.64845607739281,0.165761082815369,3.91199228660376,9.15378362072477e-05,0.00243534449546428,"AC137894.4"
41.2737365917363,-1.37498674862205,0.35151869841949,-3.9115607642049,9.17015771666783e-05,0.00243768949360226,"LINC00707"
3100.21922005097,-0.529505301262894,0.135492040810812,-3.90801775583442,9.30564689117661e-05,0.00247166873151557,"SGMS2"
3.58391547269322,0.81951719050915,0.209726489991472,3.90755211963197,9.32359333626796e-05,0.00247439726031243,"LINC01990"
8.33326575338121,-1.89519440207487,0.485246088287001,-3.90563561009883,9.3978037184887e-05,0.00248999326953713,"HTR3B"
4.04570018054933,0.750993887553057,0.192280591697975,3.90571862152723,9.39457785629687e-05,0.00248999326953713,"Z84492.1"
93.1828072226342,0.421506175026986,0.107947351777558,3.90473844968021,9.43273459413731e-05,0.00249719644489292,"RNF32"
40427.1076349869,-0.324662976903585,0.0831610723592453,-3.90402585840984,9.46056661354065e-05,0.00250251001192468,"CANX"
12.2303154172195,0.642990459782696,0.164721555249068,3.90349920391692,9.48118622778168e-05,0.00250590860585918,"AC087392.3"
1474.72805276623,0.291464951005159,0.0746779676695463,3.90295772770498,9.50243038524433e-05,0.00250946656652091,"ZNF335"
2.09498160112513,0.977807643397694,0.250546924837544,3.90269265540461,9.51284655369312e-05,0.002510161514925,"AC012254.1"
7.06948063141652,0.693015230533078,0.17759911049259,3.90213232831476,9.53490042362076e-05,0.00251392366442887,"AC012676.3"
842.536979296754,0.398278246625441,0.102095633930478,3.90103113416829,9.57838298660627e-05,0.0025192084780026,"ZNF783"
103.751932633282,-0.735805150707397,0.188605677405564,-3.90128844915508,9.56820572501031e-05,0.0025192084780026,"KCTD14"
13.6975765471745,1.29571525537202,0.332138022555621,3.90113497214862,9.57427478178955e-05,0.0025192084780026,"GRM7"
9.57159986348485,-0.913736713602804,0.23429081911345,-3.90001075185258,9.61884162960827e-05,0.00252778768008736,"AC104563.1"
4.60565107475917,1.00010291638202,0.256661809222839,3.89657861218343,9.75611498645367e-05,0.00256177465584852,"MIR126"
840.013253336778,0.405444457865478,0.104071147986343,3.89583919953189,9.78593003927587e-05,0.00256751272674085,"SELENOO"
8.10180938471385,0.581304012667841,0.149231058068513,3.89532862791176,9.80656780932951e-05,0.0025708356017222,"AC022558.3"
30.1160541335232,0.6985562213744,0.17937703967483,3.89434580167409,9.84641027323906e-05,0.00257499999400319,"AC024361.1"
23.4483905118862,-0.744970770474307,0.191290471913626,-3.89444786779911,9.84226554851857e-05,0.00257499999400319,"EEF1A1P8"
3.51664143601185,1.12414997986385,0.288640839765117,3.89463244625616,9.83477432640183e-05,0.00257499999400319,"AC061975.1"
14.6789608237017,1.32784864328995,0.340987516581263,3.89412684840474,9.85530713771945e-05,0.00257523807662694,"AC129926.1"
30.6022165717269,0.619345872472669,0.159158913224917,3.89136781549541,9.96806897157243e-05,0.00260259420233484,"PDZK1P1"
316.693918883008,0.675617242458194,0.173643775534261,3.89082326953258,9.99046803393754e-05,0.00260633205302845,"SPTBN5"
12.1755759018185,-2.35513782665194,0.605722161053821,-3.88814868941649,0.000101011742657932,0.00263308297656025,"RFX6"
3.15440083488913,1.05586144201017,0.271669424169545,3.88656708511749,0.000101671838285841,0.00264814897053873,"AC023302.2"
8.0429164784845,0.769211490335976,0.197943531976566,3.88601477732064,0.000101903306138483,0.00265203559841436,"AC243965.2"
1848.91346066167,0.496160640011607,0.127708588149167,3.88510003283475,0.000102287762781138,0.00265775093543738,"FKBP11"
3.18608396146329,1.01071457944403,0.260148205714025,3.88514914669482,0.000102267086056246,0.00265775093543738,"AC132938.1"
1229.2715786342,-1.07408676796405,0.276514281632548,-3.88438080529732,0.00010259100683503,0.00266158288725185,"MEG3"
568.842824344589,0.631574537302886,0.162609023871775,3.88400669449263,0.000102749076442224,0.00266158288725185,"MIR34AHG"
65.2872614964259,0.496028037618907,0.127700531557647,3.88430675713348,0.000102622275496605,0.00266158288725185,"INE1"
18.8764634398002,0.776834124600165,0.200010430494971,3.88396806445401,0.000102765411525153,0.00266158288725185,"LINC02731"
51.3954076631162,0.622389365153603,0.160286613231754,3.882977827061,0.000103184980589279,0.00266643393647587,"AC245100.7"
5.08537204400534,-1.09380610998383,0.281695299348992,-3.88294058335958,0.000103200792455323,0.00266643393647587,"AL035446.2"
1.86891409673482,-2.46818081448648,0.635604891173138,-3.88319984437337,0.000103090770256562,0.00266643393647587,"Z84468.1"
4.54399295488485,0.705440916284445,0.181758495188109,3.88119914590158,0.000103942680733817,0.0026834521539327,"AC121493.1"
23.590859377336,0.465351614593328,0.119940472603664,3.87985476871561,0.000104518852820609,0.00269616832736043,"CDKL3"
11.3379262159673,0.882941124067328,0.227613551913264,3.87912370175475,0.000104833436758402,0.00270212163730989,"PTGES2-AS1"
3.26529579306633,0.914430290562562,0.235866636623049,3.87689545098301,0.000105797792104385,0.00272480016486094,"DEFB109D"
2.68551938366574,-1.42504827093629,0.367640795644538,-3.87619733125083,0.000106101646575723,0.00273044500705042,"TRGJP2"
8.56850516779818,-2.18200524733962,0.563262819412308,-3.87386699803168,0.000107121889978551,0.00275450186790939,"ADGRG7"
3601.31884645686,-0.279598175111564,0.0722038074534502,-3.87234669434601,0.000107792476235922,0.00276953657069904,"STK38"
263.873743049922,0.443326270963071,0.114522536957745,3.87108321855151,0.000108352790758797,0.00278171635192468,"AL050341.2"
25.2608473665263,-0.941864194644172,0.243358143455799,-3.87028016103863,0.000108710350431225,0.00278867561627275,"SPSB4"
372.462091155249,-0.266741229842022,0.0689450723168979,-3.86889477200019,0.000109329810187082,0.00280011098449758,"ZKSCAN4"
21.3726901118826,-0.65505599006207,0.169306351282306,-3.869057392713,0.000109256924188818,0.00280011098449758,"PKDREJ"
3826.25818704878,-0.322491021011796,0.0834106519525503,-3.86630500376919,0.000110496734816447,0.0028213447134746,"MAT2B"
77.3524156335449,0.453884073891467,0.117392449566233,3.86638216996558,0.000110461795279409,0.0028213447134746,"CBWD6"
4.4471152338312,0.78354995058343,0.20266258828806,3.86627821741677,0.000110508865657262,0.0028213447134746,"PPIAP65"
2.09226868573809,1.11057257253049,0.28722094567908,3.86661414927365,0.000110356821759523,0.0028213447134746,"Z98742.3"
53.9514388609161,-1.12072718994098,0.289978589073103,-3.86486186281306,0.000111152088282613,0.00283552142932979,"PI16"
161.160911041267,-1.87625236670548,0.485622121421849,-3.86360563891121,0.000111725543128245,0.00284789734242708,"KLK6"
2.27592375574265,-2.40074830787597,0.621590542109603,-3.86226646841845,0.00011233993512481,0.0028612963729064,"AC091179.1"
7888.76571316925,-0.615798753117538,0.159499626211794,-3.86081627739893,0.0001130088553595,0.00287606198979249,"ANTXR1"
25.9924254300878,0.579122396250375,0.150083024041586,3.85868022015541,0.000114000986499005,0.00289902350919591,"DUTP6"
866.376135871233,0.355378169117261,0.0921141070955024,3.85802110363846,0.000114308780148794,0.00290455998100698,"HDAC4"
1.74286013520776,1.21687224696697,0.31554226463438,3.85644771985448,0.000115046689184938,0.0029210082620223,"VN1R51P"
1897.18165728921,0.33135420320957,0.085933614761773,3.85593232785747,0.000115289380687542,0.00292486709698645,"ULK3"
6636.75477434623,-0.740796721333216,0.19214187105082,-3.85546740687918,0.000115508720190138,0.00292812789507155,"MXRA5"
6815.55561772214,-0.338702634780324,0.0878559801819597,-3.85520295919336,0.000115633656330106,0.002928992339642,"DEK"
401.247047783776,-0.532569977138148,0.138180196025312,-3.85417007977461,0.000116122853781348,0.00293907489810012,"PCDH18"
1935.57426642728,0.305822220370318,0.0793701420518547,3.853114187077,0.000116624967974636,0.00294024401277727,"ODF2"
1760.80787227581,0.28402068761911,0.0737022785560862,3.85362153224307,0.000116383452459281,0.00294024401277727,"AMPD2"
625.855572552017,-0.598411542086825,0.155295122752277,-3.85338271724988,0.00011649707862498,0.00294024401277727,"EEF1A1P6"
336.694192377256,0.406013353980276,0.10537047351031,3.85319853327365,0.000116584783260407,0.00294024401277727,"SEC61A2"
58.0690420507692,-1.28726347289551,0.334072561824182,-3.85324513293308,0.000116562587575136,0.00294024401277727,"IGF2"
22.7677900074994,0.601312354579224,0.156121120676148,3.85157595573864,0.000117360116511737,0.0029564663725945,"AC099568.2"
6.48112072510171,-0.831066043258611,0.215850553938803,-3.85019184845007,0.000118025339476854,0.00297090325638653,"AC005019.1"
1493.71242874672,-0.285652156569736,0.0741969606570865,-3.84991722086737,0.000118157751698132,0.0029719163053871,"AGPAT1"
8115.62123743335,-1.33736677174322,0.347455886452346,-3.84902608903314,0.000118588378037068,0.00297909939668037,"CXCL14"
4.58365849810118,0.875214401867245,0.227390785633583,3.84894400812512,0.000118628116772758,0.00297909939668037,"DTX2P1"
26.2689463670914,0.483504464562004,0.125704953480876,3.84634376906685,0.000119893518262279,0.00300853423841804,"ACTG1P14"
6.2002525706296,1.60287723436349,0.416897941735636,3.84477128308758,0.000120664929856749,0.00302520132370284,"AL035425.3"
1.74762553555478,-1.25147024317444,0.325513103781959,-3.84460787794498,0.0001207453590822,0.00302520132370284,"RPS20P24"
8.25116613610014,-2.54426563183284,0.661827825811515,-3.84430139169977,0.000120896350218954,0.00302663261864143,"LINC00393"
124.079165461809,0.319703447108467,0.0831768960465873,3.84365686030651,0.000121214461077842,0.00303129680233204,"FAM228B"
2.02150273977325,-1.19538943026913,0.311012362574758,-3.84354313241102,0.000121270673748126,0.00303129680233204,"AL355922.1"
24.7003669003223,0.514541545936261,0.133923565676431,3.84205381134662,0.000122009077514994,0.00304562444896094,"LINC02062"
24.2904413085271,0.962604695152307,0.250549514604382,3.84197389754381,0.000122048818272163,0.00304562444896094,"C4orf50"
13.5181928140799,0.719513700144196,0.187284774666087,3.8418163004816,0.000122127226314359,0.00304562444896094,"AC011444.1"
38.8276581031374,-0.841303910862232,0.219025460988647,-3.84112379932779,0.00012247232417584,0.00305187024192423,"CHST13"
62.994333756239,0.470370834009038,0.122500492435342,3.8397464749565,0.000123161428054223,0.00306667200587523,"MBLAC1"
654.008566557676,-0.306741428936658,0.0799024026491114,-3.83895125511685,0.000123560955730042,0.00307424615549011,"WDR89"
5.20565703456229,1.95535675253375,0.509411906070184,3.83845907257683,0.000123808845720652,0.00307803872803579,"AF131216.3"
4317.28375928032,-0.359794588730624,0.0937587465085786,-3.83745092728713,0.000124318067069407,0.00308831746737522,"ZDHHC3"
4.94563497942149,0.749654240191545,0.195370660471615,3.83708709578971,0.000124502325283231,0.00309051384046018,"AC004877.1"
3.79548382556288,-1.13839606208039,0.29670058316258,-3.8368514478335,0.000124621803771658,0.00309110004816701,"RNU6-1280P"
139.779638852696,-2.57355900733181,0.670818164214404,-3.83644800427506,0.000124826609130111,0.00309147709291626,"INSL4"
137.878636563372,0.555918605169079,0.144904666070099,3.83644378228751,0.000124828754069685,0.00309147709291626,"TMEM9B-AS1"
498.579990920546,1.08687122809352,0.283414051189412,3.83492358100177,0.000125603340016044,0.00310350934775275,"PPARGC1A"
13.4809732177979,-1.1782355226646,0.307221027308999,-3.8351395833318,0.000125493005199497,0.00310350934775275,"AC058791.1"
13.6340199185988,0.855669988827512,0.223121593209016,3.83499407888297,0.000125567319380963,0.00310350934775275,"AP003390.1"
12.5167999767975,0.929398605719895,0.242424064691937,3.83377205930829,0.000126193086430695,0.00311478004226431,"AC100810.3"
2.04463399128963,0.940242206076395,0.245259931643,3.8336559901069,0.000126252675305922,0.00311478004226431,"AC022296.4"
163.971613899397,0.362786590235761,0.0946916286476662,3.83124248063826,0.000127497774968426,0.00314309308398845,"NDUFB8"
2190.82748607114,0.34643260669032,0.0904844200671176,3.82864372046978,0.000128851378296956,0.00317403567088262,"PTGES2"
200.371474433042,-0.619244126809039,0.161760328008949,-3.82815820436998,0.000129105763469159,0.00317787430768171,"CHSY3"
14.8835411066599,-0.802342431496578,0.209614418292268,-3.82770630967696,0.000129342957981804,0.00317885951228908,"EEF1A1P1"
6.95176049076072,0.750846056673636,0.196152449273661,3.82786990146679,0.000129257043080257,0.00317885951228908,"PPIAP21"
991.075652913243,0.33639069224953,0.0879075412956445,3.82664202970032,0.000129903210316037,0.00318776941905679,"CCDC130"
28.4698583895559,0.528550233243368,0.138120215785223,3.82674056971691,0.000129851241517741,0.00318776941905679,"GDF9"
8.14455237532679,1.03582171314073,0.270743456328217,3.82584209859914,0.000130325810154826,0.00319570779349229,"AC010536.2"
22.7934629201841,0.503614731925562,0.131648133027934,3.82546049337975,0.000130527866522621,0.00319823028573094,"AC145285.6"
3.3224331264919,-0.970822892058877,0.253867617188939,-3.82413047717051,0.000131234407419701,0.0032131005825727,"RPS27P23"
12.7140072305295,0.573076521380343,0.14990220542167,3.82300260205176,0.000131836387781045,0.00322539023065234,"AC007000.1"
17.3181298955264,-0.763790274886059,0.199813953988746,-3.82250718550457,0.000132101627891986,0.00322942910642689,"CYP4F22"
323.846898979636,-0.761072052394297,0.199132874707213,-3.82193072597034,0.000132410890378458,0.00323042663515592,"TAFA5"
34.430998638574,0.591885685968205,0.1548567301862,3.82215022399428,0.000132293052415278,0.00323042663515592,"AC021087.3"
14.4003996701935,0.549978828242361,0.143903033757319,3.82187097715992,0.000132442983770387,0.00323042663515592,"DNAJC19P5"
1.77904397089058,1.0933812378667,0.286229552773192,3.81994531058468,0.000133481267080799,0.00325329059487557,"U82671.1"
11.7467047940754,0.95314411093221,0.249571883197994,3.81911655559391,0.000133930472642589,0.00326177348214523,"DCT"
24.0986949926718,-0.593916573251256,0.155546293988728,-3.81826244792624,0.000134394910072104,0.00326568490977768,"RN7SL138P"
10.877879898356,1.02136027923326,0.267491676100196,3.81828808329228,0.000134380948289137,0.00326568490977768,"TMEM88B"
3.64228799414035,1.2766452155317,0.334324012892276,3.81858665935268,0.000134218435499118,0.00326568490977768,"MT1JP"
163.328672838549,-1.26143709077934,0.330477223787747,-3.81701672605891,0.000135075016467638,0.00327727156207599,"MEGF11"
87.9611985664793,-0.560712472962838,0.14689538550093,-3.81708704497928,0.000135036539405278,0.00327727156207599,"ENOX1"
261.386377632841,-0.626421306854961,0.164130878011778,-3.81659633119132,0.00013530526341527,0.00328038963821456,"NIPAL1"
7.45797634027331,0.795515915617716,0.208453541662103,3.81627440471711,0.000135481829937976,0.00328220255924119,"AC091925.1"
5.42214824142793,0.803048080060488,0.2104701195733,3.81549685859713,0.000135909185195266,0.00329008384130732,"AL161729.4"
7200.45304856461,-0.376769685124819,0.0987632002846476,-3.81487926716554,0.000136249530698997,0.00329584855017942,"VCL"
212.620764738237,0.806171811637134,0.211404764240403,3.8134041800514,0.000137065681332797,0.00331310006790335,"RYR2"
39.3839377832641,-1.00746235525619,0.264202561984901,-3.81321947708352,0.00013716819943095,0.00331310006790335,"MTTP"
15.0271255332885,0.704912020275326,0.184880251911063,3.81280322256606,0.000137399503495363,0.00331620283698203,"AL132780.5"
2.29621885415994,1.95437399887981,0.512643857151743,3.81234256807123,0.000137655908001123,0.00331990632273464,"KHDC1L"
445.283930287659,0.700532085464563,0.183765562915954,3.81209664285661,0.000137792976704468,0.00332072835114767,"NDRG4"
83.5438194806349,-1.71449439959103,0.449790556749333,-3.8117616607645,0.000137979888931851,0.0033227494537771,"CCDC198"
41.2914233791352,0.533174331728607,0.139887769016368,3.81144352703359,0.000138157621260759,0.003323378977665,"AC092338.3"
8.62080785841164,0.610985872044161,0.160307113517778,3.81134597608735,0.000138212163406692,0.003323378977665,"AL109811.1"
2.57963193215088,-1.94585351596549,0.510713574373671,-3.81006813525928,0.000138928498305748,0.00333066871960508,"H2BC3"
19.5083740978262,0.849767534094813,0.223028864154187,3.81012357892538,0.00013889734513007,0.00333066871960508,"ZNF883"
11.9607169826172,-0.807601747273461,0.21193696906444,-3.81057514806635,0.000138643858418316,0.00333066871960508,"AL355032.1"
2.90580490295815,-2.2232665151117,0.583513845902178,-3.8101349791868,0.000138890940266392,0.00333066871960508,"PRSS41"
3319.95186432948,-0.464720836669902,0.122023866811053,-3.80844214181064,0.000139845058112183,0.00334883584421822,"GALNT7"
753.754595347618,0.369911328468322,0.0971408697366888,3.80798864032212,0.000140101707360843,0.00334883584421822,"LZTR1"
8.24283404512364,-1.25377691294596,0.32924007484584,-3.80809326912289,0.000140042455639501,0.00334883584421822,"H4C3"
4.84844859517402,0.681301874249521,0.178904504739338,3.80818736365623,0.000139989189675804,0.00334883584421822,"AL590666.1"
3.57801175255219,0.970531744711191,0.254881675578749,3.80777371502854,0.000140223494519103,0.00334926413390257,"LINC00304"
1902.1983240049,0.500211809617298,0.131414054898273,3.80637984273835,0.000141015754179207,0.00336569429571321,"NFATC4"
77.7757069845939,0.556148676657164,0.146140484212316,3.80557570788652,0.000141474730150173,0.00337415138586711,"FAM124B"
3137.17530028184,0.414190568267546,0.108878454576452,3.80415546747783,0.000142288799392779,0.00338855416279184,"KAT2A"
2963.15465583326,0.352206640933799,0.0925840296533029,3.80418353200545,0.000142272670414425,0.00338855416279184,"BRAT1"
2.92921792803827,1.1843878123807,0.311372506688065,3.80376490197712,0.00014251344029995,0.003391399175256,"TGFB2-AS1"
428.318141071467,0.52312229895217,0.137561611487602,3.80282182867069,0.000143057243942792,0.00340182952133873,"TAMALIN"
47.5376517365992,0.421088044049634,0.110749945003183,3.80215127003028,0.000143445095761502,0.00340853877142936,"NPEPPSP1"
12.2130664325487,-2.45687452101031,0.646412216016219,-3.80078603116725,0.000144237813885946,0.00342485147919906,"ISX"
129.469753962772,1.28498408100788,0.338186036044711,3.79963672077222,0.000144908350829763,0.00343824118653842,"IGKV6D-21"
1.82681384836282,0.990112633628194,0.260612651066531,3.79917333090415,0.000145179533734593,0.0034421426950529,"AC011199.1"
78.5426878592413,-1.92145773355137,0.505882797754463,-3.79822706381878,0.00014573478885978,0.00345023367605256,"PADI3"
57.7554963357871,0.493396547947108,0.129896853319824,3.79837182608494,0.000145649715201059,0.00345023367605256,"STKLD1"
18.6349279141787,-0.666684521453431,0.17558073301856,-3.79702550497359,0.000146442727246992,0.00346445028619169,"HMGN2P41"
527.905547288385,0.507385889749762,0.133669254562653,3.79583092170191,0.000147149764821768,0.00347862475562896,"IFRD1"
7.87276904193517,-0.867864910188353,0.22866219156754,-3.79540187312519,0.000147404489242046,0.00348209359385332,"YBX1P6"
165.3072801434,0.569460273689644,0.150089249354963,3.79414432503998,0.000148153484395298,0.00349704770334545,"STAG3L5P"
11.4012920481692,0.639977943702865,0.168682686248594,3.79397529133314,0.000148254433570266,0.00349704770334545,"AL139274.2"
18.1159293849562,1.02598200306239,0.270463978307179,3.79341459622077,0.000148589752036131,0.00350239514210894,"AL031777.1"
2253.75292267157,-0.248235990010217,0.0654597581128868,-3.79219228983597,0.000149323217573919,0.00351711260092842,"APPBP2"
4871.5136203805,0.279399852856564,0.0737078237348824,3.79064037844245,0.000150259379974606,0.00353657934838041,"SRRT"
1319.63856596453,0.37194845154869,0.098132371151269,3.79027274267468,0.00015048195766688,0.00353923466445553,"QTRT1"
874.168842661848,0.508611500841814,0.134224334820834,3.78926445432357,0.000151093999691367,0.00355103937321291,"ZFAND2A"
15.7057951282439,-0.55917392020391,0.14757836948052,-3.78899646453758,0.000151257066178612,0.00355228266491576,"AC108463.1"
69.7758821012013,0.42564294199144,0.112353464013223,3.78842740390581,0.000151603877896585,0.0035552487583821,"AL592148.3"
17.016214514529,0.797227352442852,0.210430856277256,3.78854777548619,0.000151530455553761,0.0035552487583821,"AL133467.1"
4369.48727638042,-0.541789705466863,0.143061240872789,-3.78711733633448,0.000152405140800576,0.00356705554257223,"DAPK1"
2339.00172025385,-0.574371788923867,0.151672388258278,-3.78692387928769,0.000152523800165947,0.00356705554257223,"IFIT3"
171.522906780469,0.505954081494079,0.133603447101706,3.78698373784412,0.000152487075863039,0.00356705554257223,"AC132872.1"
91.9692242060866,-0.992357323944671,0.262057559056945,-3.78679144961826,0.000152605077741774,0.00356705554257223,"GLTPD2"
53.1757377479701,0.418078650724437,0.11040708619752,3.7867012446691,0.000152660463598998,0.00356705554257223,"STARD5"
15.366096860857,0.649097474157703,0.171535659817303,3.78403811107869,0.000154304179606832,0.00360039626123532,"AC009159.3"
10.8346078869712,1.0246937760308,0.270794474116386,3.78402764448727,0.000154310672446184,0.00360039626123532,"HES7"
5.30057577527086,0.612639746380695,0.161948033329514,3.7829403283593,0.000154986580272683,0.0036135519023085,"AL021937.1"
941.010545208657,0.36133475801276,0.0955318575566302,3.78234828940247,0.000155355779930247,0.00361692933130022,"SNAPC4"
4.97659966720768,0.724396950865789,0.19151319983734,3.78249097963507,0.00015526672166093,0.00361692933130022,"AL512652.1"
10.4251106060913,0.801199766985874,0.211843119688404,3.78204290120133,0.000155546545630613,0.00361875783828218,"TMDD1"
1168.75979052474,-0.309201907235562,0.0817638703010483,-3.78164470562737,0.000155795616136853,0.00362193917976411,"MED20"
5.07996984582665,0.860264743491028,0.227547768045759,3.78058967960535,0.000156457348799754,0.00363470260234011,"AL035420.3"
2227.23165879019,0.407462664298958,0.107797717065193,3.7798821291599,0.000156902619042597,0.00364242257093488,"TMUB1"
13.3370926069017,0.653801862771386,0.172989894623583,3.77942228471799,0.000157192643977939,0.00364653007558895,"STIMATE-MUSTN1"
3644.18425342875,0.459706948437219,0.121723650635172,3.77664444040578,0.000158955394435753,0.00368212406148049,"DHCR7"
1576.96462498863,0.342317469313203,0.0906385161661918,3.77673293642122,0.000158898951353661,0.00368212406148049,"PHKG2"
35.6119877982406,-0.913964787513412,0.242032453116431,-3.77620759425078,0.000159234293066364,0.00368593666900568,"GCSAML"
6.37381890528806,-1.99251211024712,0.527716120779969,-3.77572719836978,0.000159541527069021,0.0036903992398426,"AC007749.2"
1189.44309451754,0.292729890531765,0.0775539974741864,3.77453000574469,0.000160309612797478,0.00370550785996751,"AKAP8L"
130.112474423267,0.709108825762092,0.187907405347499,3.77371410376684,0.000160835065338478,0.00371499045977021,"TMEM52"
57.9980274550902,0.446632292127534,0.118364188701791,3.7733734926599,0.000161054902911548,0.00371740540041723,"DUSP8P5"
186.786172973565,-0.42420397477261,0.11244803490072,-3.77244453535482,0.00016165590954273,0.00372860858598379,"LRRC37A2"
371.097294471748,0.469527030372146,0.124482939989381,3.77181829423532,0.000162062258344785,0.00373115061168292,"PRAF2"
7.648667405392,-2.76149037575852,0.732139038846129,-3.77181140362452,0.000162066734793482,0.00373115061168292,"PSG4"
61.7299225346905,-0.94845634258311,0.251463884753187,-3.77173980078302,0.000162113258085526,0.00373115061168292,"PCDH19"
22.8147029897763,0.520192446508844,0.137928431391822,3.77146641384692,0.000162291004359806,0.00373257734349639,"AC005076.1"
14.8290361097644,-0.797481945363903,0.211461841022167,-3.77128063157412,0.000162411897888872,0.00373269540087431,"SYCP3"
5.09412026595905,0.588007548601349,0.155955248953121,3.77036074481919,0.00016301174249456,0.00374381313157912,"KCNIP2-AS1"
3.16070170360009,-1.28344015237971,0.340480868278303,-3.76949271443544,0.000163579683350323,0.00375418283959514,"AL513008.1"
12.6929179567925,0.688167751682003,0.182573210263609,3.76927015025036,0.000163725603754272,0.00375485924114972,"RPP38-DT"
19.1773423464229,0.556706713826778,0.147749236793796,3.76791600354415,0.000164616069684877,0.00377259784434177,"EIF4EBP3"
3.92526548512193,-1.22654071104581,0.32554335881648,-3.76767234787072,0.000164776776798445,0.00377359884081381,"AC087286.4"
4.32418694575842,0.713747505398041,0.189469056906719,3.76709272242507,0.000165159671736941,0.00377968319031773,"LAGE3P1"
64.2951600249882,1.19628331699524,0.317706132141109,3.7653768560687,0.000166298069060808,0.00380303633820266,"RPRM"
2718.00332814835,-0.287726272523755,0.0764281929663165,-3.76466146007877,0.000166774877968792,0.00380672156935143,"ANKFY1"
10.858892333126,0.943528011911245,0.250620516049466,3.76476765264109,0.000166704019806924,0.00380672156935143,"ZP1"
6.44439753101707,0.781415585698625,0.207571532680125,3.7645604655375,0.000166842293980345,0.00380672156935143,"AC007663.3"
1.92111912210787,1.18999208336715,0.316115066379999,3.76442697589324,0.000166931440504355,0.00380672156935143,"AL773545.3"
2.66764752644433,0.967511893366251,0.257062768546881,3.76371848337035,0.000167405333690406,0.00381483037798386,"AC104581.3"
175.720505976009,-0.845764172476493,0.224731135523997,-3.76344902322706,0.000167585900910727,0.0038158381837381,"LAMA1"
25.6624752882417,-0.735220613696085,0.195365963099692,-3.76329941014808,0.000167686236822977,0.0038158381837381,"AL139095.2"
4359.24975135061,-1.18584556009876,0.315191895750425,-3.76229711514455,0.000168359870695494,0.00382576746340817,"TSPAN8"
2.38396068808557,-1.59576662987504,0.424145831014246,-3.76230653041935,0.000168353530942719,0.00382576746340817,"RPS7P15"
570.325251550608,0.340897817668264,0.0906134990667165,3.76210852885473,0.000168486902131313,0.00382595785860859,"DNASE1L1"
830.94502492549,0.464808883313432,0.123613735758113,3.76017180018706,0.0001697967075729,0.00385027766222797,"UAP1L1"
5.77946927369039,0.73640206133852,0.195838589630832,3.76025002389306,0.000169743619959829,0.00385027766222797,"AC080129.2"
46.2301842663464,0.513457864858657,0.136559218891442,3.75996486379166,0.000169937223170373,0.00385075598111642,"AL512770.1"
4.3415377784159,0.874375478951106,0.232584576718631,3.75938719276679,0.000170330057015159,0.00385264257948445,"AC097717.1"
2.86113858767885,0.797218051838414,0.212049322879649,3.75958782141873,0.000170193526726238,0.00385264257948445,"OGFOD1P1"
2.62364543643699,1.04954207235076,0.279184360417009,3.75931542434216,0.000170378921331829,0.00385264257948445,"ENPP7P10"
21.4049592242459,0.561824588531015,0.149468737148996,3.75881003109679,0.000170723397393392,0.0038577266635949,"AC090517.2"
2.53981859561793,0.921902603759666,0.245313618702015,3.75805717039913,0.000171237762267247,0.00386663980693794,"ZSCAN5DP"
331.884491613498,-1.19783665256875,0.31879950389793,-3.7573353719906,0.000171732273301721,0.00387509247908606,"LRRC31"
152.129841906188,-0.496760922868498,0.132277899704643,-3.7554340065702,0.000173041354092717,0.00390190102288089,"H3P6"
7695.9890763894,0.330030002013084,0.0879220443357914,3.75366615399245,0.000174266926561433,0.00391857534656443,"SNRNP70"
1807.90844700962,0.308171272455595,0.0820967226618214,3.75375852365064,0.000174202689243383,0.00391857534656443,"RPS6KB2"
95.2578562281653,-1.27284246422263,0.339074202125255,-3.75387586624014,0.000174121116927449,0.00391857534656443,"IBSP"
74.1909392723197,0.427914965926893,0.11398451712443,3.75414992072796,0.000173930744078458,0.00391857534656443,"GLUD1P3"
41.082321893271,0.519724729267209,0.138480480415869,3.75305406008436,0.000174693162823973,0.0039254223242223,"AC008870.2"
4694.45403007321,0.3985386029239,0.106197632986441,3.75280118507711,0.000174869540294126,0.00392664925263515,"PNN"
29.4003873812231,0.561899527307444,0.149777407908052,3.75156397186679,0.000175734899275098,0.00393110551112219,"AC087752.3"
28.5224786113303,0.470534704115867,0.125415543199134,3.75180533539416,0.000175565763922514,0.00393110551112219,"AC073896.2"
13.92738566663,1.01616553795854,0.270863219811489,3.75158184513111,0.000175722369344055,0.00393110551112219,"AC093904.2"
9.28156725372068,0.718751437263281,0.19159185019877,3.75147187376498,0.000175799477346509,0.00393110551112219,"AC023302.1"
7.3143767787489,0.698565689922165,0.186200685202333,3.75168162868507,0.000175652432195088,0.00393110551112219,"AC026741.1"
5.6458414406353,0.708449403762985,0.188826605433822,3.75185161082226,0.000175533353936318,0.00393110551112219,"AC073314.1"
33.4280244539355,-0.938371819163384,0.250154843065433,-3.75116390977862,0.000176015580069532,0.00393321024209429,"TRIM58"
1140.17344832152,-0.328501616042718,0.0875953074388797,-3.75021933991079,0.000176679957387042,0.00394532217863238,"FBXL17"
2.05913111848473,-1.27561266312168,0.340263254174133,-3.74889926394718,0.000177612404054973,0.00396339928633397,"RPS12P4"
21.9015132427647,0.680829728320487,0.181667288181505,3.7476737564347,0.000178482191786219,0.00398005413149836,"NANOS3"
34.5092933558517,-0.680001089440833,0.181469217510877,-3.74719800287933,0.000178820929530609,0.00398485201984416,"HTATSF1P2"
1483.06950583518,-0.254891731400279,0.0680325068690476,-3.74661677381531,0.000179235586483481,0.00399100170439069,"MORC3"
1215.55646376504,-0.296444408602546,0.0791264447713642,-3.746464402124,0.000179344440057749,0.00399100170439069,"TRIM5"
2.81217537020004,-1.33434756960739,0.356223563995464,-3.74581500067295,0.000179809066586207,0.00399858162211879,"AC044840.1"
1232.04811603162,0.369150338970556,0.0985711475005517,3.74501411752856,0.000180383632150016,0.00400583348393751,"HRAS"
7.22691114012618,0.787753190155939,0.210344411897234,3.74506355101463,0.000180348117899365,0.00400583348393751,"DNAJB7"
7.1102100986946,0.741540393182359,0.198040419725536,3.74438912122111,0.000180833212580378,0.00401305364050536,"TMC3"
241.383738447793,-1.226087331153,0.327503096254295,-3.74374271625508,0.000181299301085305,0.00401936438671636,"ONECUT2"
3.65308432160243,0.671856913952338,0.179465781378152,3.7436491168011,0.000181366884250963,0.00401936438671636,"AC091390.1"
66.3929193040078,0.688010564382932,0.18379157183973,3.74342826222136,0.000181526445438175,0.00402013752277058,"KLHL7-DT"
19.6777299120932,-1.90436818244673,0.508864494565029,-3.74238761553714,0.000182280060873022,0.00403405666633533,"ONECUT3"
28.7673686039905,0.552438324774039,0.147703133210336,3.74019367610395,0.000183878515717751,0.00406385383092452,"SPDYE6"
8.15701137211552,-0.795835489786628,0.212771550617074,-3.74032847661526,0.000183779924373811,0.00406385383092452,"HSP90AA3P"
106.790960474462,0.517406802240117,0.138382340207404,3.73896554621522,0.000184779046893001,0.00407816589121479,"IQCH"
13.5687325900857,-0.966013206951753,0.258360014987411,-3.73901978213936,0.000184739190837442,0.00407816589121479,"AC138409.1"
10.1115888411762,0.565369601088587,0.151269764760741,3.73749243269344,0.000185864682158272,0.00409932057195177,"PHKA2-AS1"
52.1607202118143,0.657576767263226,0.175983172750696,3.73658888509058,0.00018653353008507,0.00411126020341291,"UCN"
3821.77215586989,0.380863987264235,0.10196890759485,3.73509922041637,0.000187641191295541,0.00413284850636935,"NDUFS8"
4359.70544736949,0.321851172727777,0.086191911264996,3.73412270367517,0.000188370645665396,0.00413734356694224,"SPG7"
45.2519572666905,-1.7627636091589,0.47208839825726,-3.73396934910122,0.000188485442830844,0.00413734356694224,"REG4"
72.9943097673363,0.75554881717432,0.2023447758323,3.7339675020842,0.000188486825859456,0.00413734356694224,"UCKL1-AS1"
11.3953020463459,0.749677538365846,0.200741353441795,3.73454460434937,0.000188055161017954,0.00413734356694224,"AC009948.1"
6.49518842465777,0.715003235960188,0.191475427667129,3.73417751129502,0.000188329634077922,0.00413734356694224,"LINC02887"
7228.36774306483,-0.897331075367925,0.240464295835576,-3.7316603375559,0.000190221875819871,0.00416408987495706,"COL12A1"
5108.31565152011,-0.3153192979611,0.0844930571132465,-3.73189595375246,0.000190044000280718,0.00416408987495706,"NCOR1"
3285.64902491868,-0.419773660242649,0.112485225419057,-3.73181152172479,0.000190107723217613,0.00416408987495706,"CCNG1"
5.23091763823603,0.84075067328883,0.225295934660555,3.73176140330965,0.000190145558321088,0.00416408987495706,"AL590705.1"
38.4474063991705,0.557906073032816,0.149538874138561,3.73084307506466,0.00019084007145435,0.0041747884016591,"LRRC7"
45909.2314244333,-0.226990409801846,0.0608542122200888,-3.73006898817291,0.000191427348852482,0.00418196128980237,"EIF4G2"
39.0931003835097,0.631230867425277,0.169225694130632,3.73011244343312,0.000191394335653154,0.00418196128980237,"AC007240.3"
87.5937101976958,-1.00896008060594,0.270563968535309,-3.72909994655946,0.000192164926846745,0.00419523227229064,"SLITRK4"
996.495294715209,-0.67554735523075,0.181194860778463,-3.72829202952231,0.000192781906945233,0.0042019998847344,"TMEM37"
532.340045615193,0.464539240237405,0.124602073022751,3.72818227633006,0.000192865865387096,0.0042019998847344,"WHRN"
227.521646675735,0.875092081654895,0.234720368433097,3.7282323962623,0.000192827520632762,0.0042019998847344,"PDE1C"
1570.15838506504,0.293387426175899,0.0786997936443658,3.72793132726217,0.000193057964260141,0.00420334507600826,"OSGEP"
1721.55174630084,-0.317682283607122,0.0852314171057576,-3.72729087928848,0.000193549035774928,0.00420551796399094,"FEM1C"
643.030037246368,-0.521954228735841,0.140034013768942,-3.72733891350907,0.000193512164254645,0.00420551796399094,"AC008038.1"
23.7049781653071,-0.744241884443042,0.199668396414241,-3.72738950083519,0.000193473340082956,0.00420551796399094,"EIF2S2P4"
2.30314502470543,-1.62077544177911,0.434986960678027,-3.72603224531779,0.00019451753127702,0.00422371568756061,"AL354977.2"
3053.82214302685,-0.467335734209781,0.125470764808378,-3.72465836901137,0.000195579901292197,0.00423501675527689,"DAB2"
2327.83765229337,-0.269364057469875,0.0723110742211983,-3.72507337736258,0.000195258416649289,0.00423501675527689,"SEPTIN8"
1194.05316875615,-0.318955134331585,0.0856344796190485,-3.72461111167466,0.000195616540534837,0.00423501675527689,"ISOC1"
1102.74665245245,0.371760589594788,0.0998146210340295,3.72451035473095,0.00019569468027175,0.00423501675527689,"SFI1"
2.55576126429998,-1.38271424736555,0.371219504236879,-3.72478878826159,0.00019547881896255,0.00423501675527689,"RPL21P8"
682.35540309655,-0.32212814272194,0.0865279961081612,-3.72281986421221,0.000197010083517183,0.0042588691322437,"TRIM23"
33.5879797571518,-0.777114539301593,0.208747183363633,-3.72275461052749,0.000197061024819587,0.0042588691322437,"EIF2S3B"
23.766488312911,0.848654806921194,0.227988133878376,3.7223639339665,0.000197366271503166,0.00426260912566616,"AC233280.2"
23.0521175281385,0.749125492478356,0.201362787625081,3.72027772019704,0.000199003823982994,0.00429496852909291,"AL139288.1"
13.1967927976756,0.651071866554906,0.175013841748319,3.72011642079823,0.000199130964521442,0.00429496852909291,"LINC02427"
5366.80721821118,-0.679623129369293,0.182715809378885,-3.71956390462091,0.00019956705135574,0.00429935155208011,"GJA1"
55.6836107330964,-1.19410016875838,0.321035995082119,-3.71952113485886,0.000199600845819939,0.00429935155208011,"TRHDE"
556.274918621331,0.531385572968929,0.14288254312619,3.71903775886481,0.00019998315859472,0.00430471091380959,"PABPN1"
11.1470567372461,0.4971890047526,0.133703396878545,3.71859665767686,0.000200332635547592,0.0043093567933503,"ZNF709"
1465.01636072119,-0.262586769464681,0.0706467661297739,-3.71689723181843,0.000201684432469062,0.00433265458025642,"CSNK1G3"
10.4734788396365,-0.675651681381768,0.181776844726967,-3.71692930635149,0.000201658839845839,0.00433265458025642,"EIF4A1P4"
1444.8035394629,-0.261890106719298,0.0704686083075273,-3.71640810013448,0.000202075094290868,0.0043330718004181,"SAP30L"
82.890230468505,-2.26619703992371,0.609743084811485,-3.71664246200405,0.000201887824511944,0.0043330718004181,"CGA"
320.33772513975,-0.542807162448921,0.146058499369402,-3.7163682003612,0.00020210699295484,0.0043330718004181,"ZNF649"
96.8874775197235,-0.951410721679782,0.256053159659277,-3.7156765530478,0.000202660696370465,0.00434205591658848,"AC008760.2"
11.1229979833861,0.52036850454687,0.140068809428424,3.71509193710096,0.000203129826032403,0.00434633128096538,"AC002398.1"
3.75378141314358,0.850577157048336,0.228944649399391,3.71520871651609,0.00020303603401287,0.00434633128096538,"AC004221.1"
2.61855395842199,-1.31036992856599,0.352732360873334,-3.71491270412963,0.000203273857139504,0.00434652886171306,"AC025175.2"
48.461189676767,0.58905248809552,0.158607351278883,3.7139040740916,0.000204086180037984,0.00436100654428416,"AC005840.2"
422.096745656374,0.523648692032688,0.141015578119912,3.71341024172099,0.000204485010110168,0.00436663519933931,"RNF208"
927.188707792176,0.398670328162095,0.107382987479733,3.71260231735811,0.000205139086992737,0.00437770341501046,"VPS9D1"
10.5556127684185,0.704648112996229,0.189809584276883,3.71239479650474,0.00020530740801695,0.00437839773247789,"ATP2A1-AS1"
886.283213565152,0.636555787372052,0.171511094618489,3.71145545300152,0.000206070937363421,0.00438920964386465,"KIFC2"
97.0059598043274,-0.429598804397127,0.115750017916295,-3.71143618057833,0.0002060866305105,0.00438920964386465,"SLC35E2A"
100.345929425548,1.0237641589612,0.27586765445476,3.71106993672247,0.000206385068971095,0.00438976685288453,"SHOX2"
21.2826472136562,1.13649821297875,0.306239322973093,3.71114395742902,0.000206324719546369,0.00438976685288453,"AC091544.2"
171.12937387927,1.11370972009572,0.300217288979016,3.70967882590389,0.000207522336532193,0.00441104663248554,"GALNT13"
175.457817060995,-0.628517132238904,0.169507911097153,-3.70789261793611,0.00020899123793363,0.00443934286374828,"AC026403.1"
2938.44659043217,-0.236271060684496,0.0637354361800909,-3.70705960208522,0.000209679608572632,0.00444597755592397,"SLAIN2"
591.789775351858,0.398056247227042,0.107379208791819,3.70701415763617,0.000209717223214773,0.00444597755592397,"CCDC106"
20.9354438710957,0.642029603285079,0.173183847445318,3.7072141123773,0.000209551766868848,0.00444597755592397,"AL355075.2"
4.92103684870711,-0.936229611992027,0.252574895154394,-3.70674057459167,0.00020994380348461,0.00444785673019794,"DDX10P1"
3.68662373484852,-1.32454256960041,0.357382733792352,-3.70622988845903,0.000210367366736753,0.00445390396613697,"OR3A2"
5536.65397192194,0.417348291857913,0.112624122703885,3.7056740761943,0.000210829269604713,0.00446075446089499,"TCIRG1"
34.0093781611443,0.607180607415368,0.163891361399498,3.70477493280025,0.000211578512007541,0.0044736715538906,"AC018413.1"
5.53281119844099,0.938338138390028,0.253303100633078,3.70440841839223,0.000211884639632226,0.00447720852224188,"SOX10"
3.74652170997616,0.942216089407991,0.25443359806789,3.70319052421914,0.000212904864161938,0.00449582013418578,"AC092384.3"
2750.91387054995,0.650561441839988,0.175706625618641,3.70254359816793,0.000213448665452076,0.00450435354548572,"MAFK"
1657.44108405802,0.31959394411142,0.0863355023487955,3.70176735429488,0.000214102891807282,0.00451404686605875,"CCS"
15.4115807135439,0.508784968282495,0.137447541926138,3.70166654967105,0.000214187988992709,0.00451404686605875,"AC124016.1"
7.44863052049068,0.774734043107572,0.209315550169008,3.70127323307813,0.000214520322564008,0.00451809784524914,"FABP5P9"
2.50698640510195,1.03384573449331,0.279365028103539,3.70069847865904,0.000215006833218055,0.00452538860125077,"AC092755.2"
3357.63590136618,-0.289420850713685,0.078212107011981,-3.70046098706112,0.000215208164359471,0.00452667140232951,"NFKB1"
15.1688679184243,0.573083818962549,0.154881578017733,3.70014191679357,0.000215478931696072,0.00452799317763821,"PITPNA-AS1"
3.59770744547287,0.799703358068813,0.216132768590579,3.70005605019428,0.000215551853858727,0.00452799317763821,"MAPK6-DT"
7.69246028383437,1.06244255197959,0.287280474410593,3.69827623739268,0.000217068586907715,0.00455688579742139,"KLF14"
4.31371910980749,-1.62773207596246,0.440164674734141,-3.69800706280124,0.000217298844429017,0.00455875161913706,"RXFP2"
1074.87682856334,-0.239860057695933,0.0648749124844658,-3.6972698460806,0.000217930649585718,0.00456903367743268,"PPID"
1302.55780759587,0.39602729586094,0.107140716039646,3.69632862743231,0.000218739794125135,0.00458301797372643,"PAXX"
6365.09466457293,0.721673671925129,0.195320194574603,3.69482363816448,0.000220039462858332,0.00460188204121375,"SLC7A5"
7.75758953165678,-0.735602824488848,0.199080144176847,-3.69500849786102,0.000219879433272465,0.00460188204121375,"CLMAT3"
3.71766703340406,0.748833401759697,0.202672771982502,3.69479034817932,0.000220068292992762,0.00460188204121375,"TAT-AS1"
16.2434209610114,0.834385668707725,0.225865548917589,3.69416970718348,0.000220606436679437,0.00461014552866393,"LINC00582"
844.639180136634,-0.567091419048053,0.153530833069214,-3.69366470376931,0.000221045224990761,0.00461632336776365,"NBEAL1"
111.844293193697,0.470743993205632,0.127456388977595,3.69337305867329,0.000221299003213464,0.00461863194732567,"KHDC1"
2396.81203477219,-0.413767256537009,0.112042659331975,-3.69294391086383,0.000221672928358448,0.00462051532777974,"MTRR"
12.216820827885,0.645095269624932,0.174683360190128,3.69294058073305,0.000221675832286409,0.00462051532777974,"AL133477.1"
592.246569959938,0.44283671457733,0.119920261714793,3.69275974088958,0.000221833581195392,0.00462081642483554,"DENND6B"
1069.24948756385,0.378489314032131,0.102506311425147,3.69235131739681,0.000222190242089819,0.00462277340561088,"CAPN10"
47.5650931820849,0.713966501608128,0.193365082020506,3.69232383710526,0.000222214258914463,0.00462277340561088,"WNT10B"
1413.44597941072,-0.21293947054036,0.057680649170765,-3.69169684463757,0.000222762891229868,0.00462928153799016,"PHAX"
770.398145872792,-1.37812014062968,0.37330855560289,-3.69163824387585,0.000222814233120196,0.00462928153799016,"DKK1"
30.975930527166,-0.745766272024637,0.202024263104852,-3.69146883925312,0.00022296271608507,0.00462938363178562,"ZNF804A"
1.33726599538007,-1.46512652811179,0.396920365933893,-3.69123545642353,0.000223167428013968,0.00463065232709806,"SNX18P13"
34.6652334091897,0.455975833813895,0.123541469418597,3.69087267586973,0.00022348599158572,0.00463428025638684,"DNAJC9-AS1"
12.4060958919662,-1.18784517807254,0.321922811870927,-3.68984469031292,0.000224391002743939,0.00465005648038452,"HDGFP1"
107.102528846907,-0.758319655749307,0.205592177346157,-3.68846551234543,0.000225610599029926,0.00467232740251765,"PRKG2"
515.587645664267,0.367724748177386,0.0997145791069174,3.68777315685301,0.0002262251867112,0.00468044951035234,"FUZ"
50.7880617497311,0.464512495454606,0.125963088323804,3.68768741411386,0.000226301407786924,0.00468044951035234,"AC142472.1"
8.69857696897128,0.706122205392014,0.191489025335759,3.68753355005014,0.000226438245810192,0.00468044951035234,"AC067931.1"
15.3789919148884,-0.9732446824341,0.263978014156507,-3.68683992696863,0.000227056079838798,0.00469021351339017,"AC020951.1"
701.449600057777,-0.310444415546718,0.0842071846080021,-3.68667373207983,0.00022720435016106,0.00469027162032226,"APIP"
8751.60472176793,-0.744059958663789,0.201836446423352,-3.68644995415309,0.000227404136602377,0.00469139244065492,"TFPI"
11.5927894439376,0.602623930918438,0.163477635558789,3.68627750737027,0.000227558207650533,0.00469156931310195,"AL356356.1"
4.93064052493164,-1.0700589851222,0.290406103773947,-3.68469867270812,0.000228973365418433,0.00471312673465404,"AC010533.1"
2.4324877723627,-1.98325896982663,0.538234578996189,-3.68474833691551,0.000228928724326684,0.00471312673465404,"AL627308.1"
2.7529677136873,1.11120869270741,0.301580107665796,3.68462197758357,0.000229042319528698,0.00471312673465404,"AC073912.2"
15.3862417068254,-0.820216714406242,0.222629706478847,-3.68421953825904,0.000229404459279582,0.00471520138367192,"AC091429.1"
7.67959267209125,0.601764467820044,0.163337203379032,3.68418495830139,0.000229435601519034,0.00471520138367192,"AC005387.1"
4.00705466345348,0.888565333984904,0.241342959725326,3.68175369605224,0.000231635136696228,0.00475737260049036,"MTRNR2L6"
4.99438173467202,1.22240554257035,0.332127054868105,3.68053588123313,0.000232744303765172,0.00477407129447072,"AC078925.1"
1.38409395447873,1.06908787628557,0.29046104540302,3.68065836436757,0.000232632522979066,0.00477407129447072,"FAM187B"
9.98508399533505,0.626470590589952,0.170254668989145,3.67960887245855,0.000233591948037099,0.0047884121833797,"SPRN"
205.329002424125,0.349718626188226,0.0950618615402209,3.67885312281897,0.000234285137955695,0.00479652334817866,"IQCC"
76.8972041021096,0.57835438901781,0.157206919022762,3.67893724152223,0.000234207887100615,0.00479652334817866,"Z83745.1"
187.494021250395,0.331459051538068,0.0901153016049277,3.67816614531469,0.000234916922961518,0.00480640620615111,"ZNF77"
8789.01970806325,-0.276356735918752,0.0751726092208757,-3.67629564522295,0.000236645257148828,0.00483696160199248,"SERINC1"
4696.97656931443,-0.29236429674759,0.0795298500535848,-3.6761580280939,0.000236772884852543,0.00483696160199248,"CDC42SE2"
28.3865475876976,0.786205889701464,0.213871669362997,3.67606374440863,0.0002368603619025,0.00483696160199248,"INTS4P1"
1635.15655548947,0.334917416172209,0.0911157497921259,3.67573572007364,0.000237164941470286,0.0048374074305798,"UCKL1"
8.67057479199824,0.613799131904136,0.166987587424263,3.67571710791092,0.000237182234385073,0.0048374074305798,"AC024560.3"
25.168294133798,0.562802832369323,0.153159741782966,3.67461335346752,0.000238209871725832,0.00485529539431064,"AP003733.3"
3133.86352332069,0.394668312194404,0.10742905150918,3.67375776524172,0.000239009329536383,0.00486851284327269,"TOMM40"
40.4209901538049,-0.978634875319907,0.266468595556769,-3.6726086737355,0.000240086996803481,0.00488325194973048,"GPR1"
15.7691949660598,0.674924233674559,0.183761956432923,3.67281806732898,0.000239890279458493,0.00488325194973048,"AL355377.4"
8.32949106885419,0.685052715167209,0.186535693995602,3.67250203161311,0.000240187241193132,0.00488325194973048,"PCOLCE-AS1"
11536.1945359323,0.368232624140784,0.100294988188888,3.67149576255279,0.00024113507698643,0.00489825424807436,"ACADVL"
5673.23865054058,0.341475337751126,0.0930137400577169,3.67123542757482,0.000241380865256324,0.00489825424807436,"GAK"
622.097251458036,0.329569809307782,0.0897705036544992,3.6712483041891,0.000241368702623998,0.00489825424807436,"TUT1"
3.45963962854664,0.954322590930681,0.260003747617646,3.67041859848143,0.000242153579013116,0.0049108441228163,"NPAS2-AS1"
8.60642744179958,0.628040342421736,0.171122676051363,3.67011758414313,0.000242438920864932,0.00491354054260825,"AC093249.2"
5556.03163346853,-0.311851295104213,0.0849880149474377,-3.66935614741777,0.000243162121706148,0.00492176699183312,"PJA2"
2801.12885238225,-0.437472288814414,0.119227977014198,-3.66920835000259,0.000243302731740797,0.00492176699183312,"PLS1"
57.4656248635046,0.571316852810244,0.155693584518782,3.66949514699704,0.000243029951233017,0.00492176699183312,"AC132872.3"
317.339986124652,0.716212553742928,0.195262949932046,3.66793881784629,0.000244513672015524,0.00493079634405288,"AMY2B"
57.8618732799638,-1.21917740384923,0.332373246941883,-3.66809728239773,0.000244362212759827,0.00493079634405288,"TRIM71"
38.1096548103341,0.599106224686641,0.163327332499476,3.66813206043492,0.000244328983946268,0.00493079634405288,"AC103760.1"
19.1169369168485,0.722357390177995,0.196908062706437,3.66850082342709,0.00024397690853899,0.00493079634405288,"SAPCD1"
4.28025784598721,0.716853563625488,0.19543332958288,3.66802103385074,0.000244435079572808,0.00493079634405288,"AC231657.1"
10.6524135353327,0.453861661397726,0.123784094199593,3.66655881220013,0.000245836399087551,0.0049543716803613,"AP001160.3"
56.537145653449,0.517082993607074,0.141102065312667,3.66460258722135,0.000247722933612131,0.00498927295085769,"CIRBP-AS1"
2800.52305180848,0.317209798452712,0.0865655861784007,3.66438688232276,0.000247931783213696,0.00499036226574633,"UBE2M"
28.3459301925642,0.575984656750263,0.157249551094926,3.66286995886278,0.000249405168633333,0.00501688687622072,"HYPK"
447.055091371126,-0.396422251829382,0.108232345358121,-3.66269667831453,0.000249573997414062,0.00501715308392545,"CYP2U1"
1.80465141544667,-1.45789791217545,0.398132541410911,-3.6618406197316,0.000250409636904328,0.00503081541556389,"PPFIA2-AS1"
2261.47906880266,-0.389583448563232,0.106419732219916,-3.66081966601982,0.000251409669364399,0.00504776138770551,"SNX18"
5.8866662180737,0.718881147075302,0.1963819870198,3.66062671014131,0.000251599091561291,0.00504842109980947,"GPAT2P2"
27.9464019625043,0.360439860026246,0.0984825739310611,3.65993541434608,0.000252278826717683,0.00505891216885055,"SPDYE12P"
72.4982624756584,0.561167609718424,0.153338160323494,3.65967355115348,0.000252536760201622,0.00506093712411516,"AL139246.5"
654.60344302757,-0.980713464354891,0.26804059836371,-3.65882433609606,0.000253374933889615,0.00507458058588238,"LRRN1"
55.0671796783821,0.502181612535273,0.137271952941289,3.6582972834229,0.000253896445200294,0.00508186894815858,"LNCTAM34A"
20.0931286112309,-0.58285629735495,0.159353973637822,-3.65762010227408,0.000254567984189097,0.00508899234356939,"AC034102.1"
1.28951975440933,1.2860093207352,0.351586679576617,3.65773049844726,0.000254458394301782,0.00508899234356939,"SMIM2"
57.9641319025252,0.458180408787972,0.125294858641975,3.65681731679992,0.000255366238663408,0.0050978740590193,"DPY19L2P3"
4.72757233296558,-0.966232409260455,0.264236424258984,-3.65669650567716,0.000255486570921854,0.0050978740590193,"RN7SL558P"
2.68847144088966,-1.3586029611134,0.371524921169522,-3.65682861014186,0.000255354992802116,0.0050978740590193,"ATP5MDP1"
4.29480464573254,-1.29930671699069,0.355457200686584,-3.65531128496204,0.000256870106397385,0.00511448023487855,"RN7SL767P"
31.3504949365692,0.715875772493931,0.195835743540225,3.65549086981094,0.000256690344493923,0.00511448023487855,"EXTL3-AS1"
17.4815569320692,0.488706225503958,0.133706395146472,3.65506993864126,0.000257111876592902,0.00511448023487855,"AC006252.1"
5.7038064221264,-0.792279091740669,0.216749179976027,-3.65528068815899,0.000256900745133064,0.00511448023487855,"AL671986.1"
2.47636488950695,-1.04921383593242,0.287054663817472,-3.65510116428409,0.00025708058409531,0.00511448023487855,"AC024568.1"
57.4379068433568,-1.27665566709254,0.349299868912583,-3.65489878672711,0.000257283458396988,0.00511473804932852,"ANXA8L1"
7.48969966375555,0.606378198281904,0.16592359465787,3.65456280966092,0.000257620591657203,0.00511513299137101,"AP000577.1"
4.99466189529926,-0.838022768743425,0.22930316801858,-3.65464976338889,0.000257533298987704,0.00511513299137101,"AL583805.1"
2.5440318808079,0.958042081187441,0.26220275011282,3.65382163526209,0.000258365782062559,0.00512489353013364,"AC036108.1"
1.84352500499131,-2.33700184993171,0.639643593387358,-3.65360002678313,0.000258588983517675,0.00512489353013364,"AC073525.1"
1.53647734860203,1.35017007069807,0.36953426527009,3.65370737598919,0.000258480840090457,0.00512489353013364,"AC174469.1"
271.020972431776,-0.981035609969631,0.268538106464957,-3.65324542905293,0.000258946506329436,0.00512882684065889,"RBP4"
105.876214181112,-1.93933359200908,0.531156221878512,-3.6511548055492,0.00026106381475946,0.00516447132865511,"SERPINA4"
6.3359633078381,0.704467801845551,0.192943970590442,3.65115219558173,0.000261066468156546,0.00516447132865511,"AC107294.1"
14.2435796488247,-0.849283030960064,0.232649508201503,-3.65048281221588,0.000261747825479773,0.0051747753725293,"KRT19P1"
117.698518285112,-1.58281290968713,0.433622692814295,-3.65020774031536,0.000262028300920886,0.00517714617842768,"AL137018.1"
11.3995435063283,0.561516350432269,0.153848454256316,3.64980170354373,0.000262442828911929,0.0051821610644612,"AC078802.1"
10.4570244906603,1.02571658299211,0.281046036686843,3.64963902385509,0.000262609083078343,0.0051822704307596,"FOXH1"
8589.22774732605,-0.30168980104643,0.0826745807259231,-3.64912405236829,0.000263136021023669,0.00518632090336688,"TPP1"
692.38859266296,0.393535562848597,0.107840127757659,3.64924978328066,0.000263007277097758,0.00518632090336688,"CCDC159"
3343.63061572241,-1.77016143085339,0.485179152193275,-3.64846968970388,0.000263807019303565,0.00519636978463252,"AKR1B10"
1094.51560653897,-0.563234662506578,0.15440924573493,-3.64767446292346,0.000264624622105151,0.0052068191194555,"PTGS1"
14.4523966776634,0.762910610446756,0.209151857608363,3.64763965843089,0.000264660460126766,0.0052068191194555,"OR7E38P"
0.886246835003167,-2.14034800452607,0.586801465848853,-3.64748237537187,0.000264822470498904,0.00520682961051046,"AL159152.1"
5520.82426672798,-0.252714923021242,0.0692945036554724,-3.6469692355071,0.000265351680045767,0.00521405540711503,"ICMT"
22.0647904520704,0.74101531265474,0.203227896914269,3.64622831759822,0.000266117550261305,0.00522591985881594,"AL355377.3"
1393.87901122587,0.338012358392489,0.0927080285243567,3.64598798801643,0.000266366418318114,0.00522762334672404,"GALNS"
70906.781968531,-0.462211724221374,0.126791811790308,-3.6454382794513,0.000266936477515531,0.00523328179079279,"HLA-C"
3507.50822001812,-0.238514185071698,0.0654316692178633,-3.64524072093491,0.000267141629016745,0.00523328179079279,"TOR1AIP1"
191.925497680516,-0.608332439919226,0.16688275873,-3.64526835814986,0.000267112920700936,0.00523328179079279,"RPL4P4"
82.2202367328712,-0.829024489637937,0.227471327419993,-3.6445230220478,0.000267888156449821,0.00524153738150758,"PCDHB6"
14.0511496972077,0.819111181369079,0.22474389611972,3.6446426154895,0.00026776362354497,0.00524153738150758,"TUBB8P7"
917.712750801419,0.365011480170138,0.100169873234928,3.64392474885215,0.000268511955164924,0.00524989003960562,"BICRA"
6.08468522653827,0.763007589311421,0.209398782572133,3.64380145834221,0.000268640674999202,0.00524989003960562,"AP002812.3"
211.007020265488,-0.474191114078394,0.130179294108316,-3.64260013335026,0.000269897933745242,0.00526972318612384,"EIF3FP3"
101.04057808765,-0.924846187782935,0.253913726921227,-3.64236388082261,0.000270145834289431,0.00526972318612384,"KIAA1549L"
32.8509975570002,-0.994801708816125,0.273114685923569,-3.64243213598012,0.000270074192016628,0.00526972318612384,"CPP"
1.68022237634559,-1.53617423849082,0.421821401182652,-3.64176458136993,0.000270775638864126,0.00527881528124168,"RPS2P44"
460.557470333619,0.358612028595832,0.098510103950138,3.64035783352079,0.000272259402903844,0.00530453440884257,"GABPB1-IT1"
1872.86370530266,-0.882696479691284,0.242494748914038,-3.64006430507983,0.000272569960752819,0.00530737825149435,"MYRF"
9.13867239107327,0.651652391439606,0.179049970111519,3.63950014084745,0.000273167788207342,0.0053158088900095,"AC092301.1"
6.39062989808308,0.751994112348552,0.206651200191725,3.63895351999346,0.000273748197506062,0.00532389060831301,"AC007448.4"
1471.07382622768,0.319442239066131,0.0878080489613153,3.63796078884368,0.000274805249398318,0.00532837959521874,"SNRPA1"
201.387117127689,0.515802030786255,0.141760817102788,3.63853737110063,0.000274190844641044,0.00532837959521874,"DICER1-AS1"
102.905411145884,-1.26542223254642,0.347811443447763,-3.63824208888191,0.000274505335694794,0.00532837959521874,"BNIP5"
44.2908034349236,-1.30970010430425,0.359999769468714,-3.63805817497355,0.000274701384475833,0.00532837959521874,"AC087273.2"
8.34280999185336,0.637049138196478,0.175094477537629,3.63831656574988,0.000274425982058053,0.00532837959521874,"AC010271.1"
33.537290277936,0.525798593937684,0.144555995886692,3.63733507359891,0.000275473469943954,0.00533812622496562,"ALG1L2"
1474.94715203534,0.319007121020762,0.0877105325727164,3.63704462467252,0.000275784166495716,0.00534093720639901,"NAA40"
99.6702427925436,-1.42918548673482,0.393000572978207,-3.63659898993091,0.000276261505648305,0.0053469701378329,"ERVH48-1"
349.775814265148,0.488653331020698,0.13438240278586,3.6362895802613,0.000276593383387693,0.00535018215197129,"PSMA6"
22.7705314177292,-0.715392425571569,0.196754801500138,-3.63595917414532,0.000276948194755859,0.005353833657016,"AC092115.1"
4011.62310859724,-0.262805445405124,0.0723306340409267,-3.63339059431473,0.000279721083589936,0.00540419792711653,"METAP2"
20.8206671948489,0.684249567443173,0.188353282047306,3.63279874927434,0.000280363682340148,0.00541336942338806,"LRRC63"
1.77391313004483,0.881017761519827,0.242549137169303,3.63232692477014,0.000280876958878124,0.00542003443388696,"AC007879.4"
570.963072383136,0.36234709825371,0.0997698504802617,3.63182962096747,0.000281418906237704,0.00542724439691074,"SURF2"
6.29207604806396,1.52432382149037,0.41977153404479,3.63131774754341,0.000281977754350097,0.00543477148178056,"OR7E122P"
5.52500662481782,0.764680922312458,0.210648902086441,3.63012061652554,0.000283288808673004,0.00545677875487516,"AC004263.1"
1524.14959217539,-0.304060861520087,0.0837683108291584,-3.62978384678431,0.00028365865471569,0.00546029188159847,"LYSMD3"
135.865590055648,0.397759123859693,0.109590843951516,3.62949229623295,0.000283979205626939,0.00546029188159847,"Z95115.1"
4.05686545476773,-1.05199618228966,0.289845014487977,-3.62951277305234,0.000283956680913371,0.00546029188159847,"RPL7P7"
107.557037769934,-0.825447675165546,0.227445737885817,-3.62920704884758,0.000284293154851439,0.00546307078556893,"ELOVL2"
7.83745663233717,-1.38624040809719,0.38201391281765,-3.62876942850743,0.000284775441158811,0.00546836985777724,"AC009878.1"
3.47474417453728,-0.813026234715822,0.224057546745022,-3.62864918645677,0.000284908089969476,0.00546836985777724,"AP005431.1"
448.558003172893,-1.17676117268873,0.324328348466349,-3.62830192998323,0.000285291501986304,0.00546921788439262,"GABRB3"
2.98041019218561,0.70162976898366,0.193371867508635,3.62839630202325,0.000285187256337668,0.00546921788439262,"FAM209A"
388.160340714943,-1.64332396063764,0.452940575807732,-3.62812264656812,0.000285489641147187,0.00546976439619194,"IGF2BP1"
126.972074452045,0.508485465016561,0.140176010184129,3.62747851325372,0.000286202584043148,0.00547702369716232,"KATNAL2"
21.9969332304921,0.845754218324633,0.233181207778179,3.62702563548424,0.000286704838807293,0.00547702369716232,"HSPB9"
7.48556709428978,-0.94751967061373,0.261239599690785,-3.62701394327375,0.00028671781674089,0.00547702369716232,"AP001381.1"
4.10030176727955,-1.3997812860479,0.385889997437007,-3.62741013072359,0.000286278369405008,0.00547702369716232,"LINC00443"
4.82909487743514,1.20182618322383,0.331342179300957,3.62714516382841,0.000286572198206832,0.00547702369716232,"AC091812.2"
1567.35658683401,0.472205667924808,0.1302043584954,3.62665023952704,0.000287121789778566,0.00547824977006501,"MCRIP2"
144.628489943022,0.434244129567067,0.119734082921516,3.62673784248807,0.000287024438691755,0.00547824977006501,"LIN7B"
241.852795036496,0.472088344202635,0.130204749131817,3.62573828796905,0.000288137058696888,0.00548787918350924,"TMEM147-AS1"
11.6653725126,1.10468137579306,0.304667046221494,3.62586433122128,0.000287996535653424,0.00548787918350924,"AP003108.1"
1.67200591903019,1.10683832390333,0.305257408826412,3.62591796922689,0.000287936755215174,0.00548787918350924,"BRAFP1"
3.56621277827491,-1.04570725404256,0.288455004349221,-3.62520059723619,0.000288737240900557,0.00549606395090817,"ENPP7"
25.6937101720391,0.633963347449911,0.174908476928533,3.6245432959144,0.000289472526045699,0.00550680920492246,"AC245052.4"
3.2056118690879,0.703034283044135,0.193991485894482,3.62404710599792,0.000290028746629241,0.00551413734378531,"AL121852.1"
3035.08111998656,-0.331945425972314,0.0916077494913415,-3.62355180446484,0.000290584969766263,0.00551820515318796,"TMX1"
469.918511950437,0.427778671337113,0.118054033899605,3.62358368627117,0.000290549136458804,0.00551820515318796,"RABAC1"
48.3539888467556,-0.741310412756893,0.204626672983768,-3.62274576401727,0.000291492289242953,0.00552892286272883,"AC079250.1"
12.5597922970348,0.6624192228642,0.18284659318348,3.62281413796694,0.000291415221212718,0.00552892286272883,"AL137847.2"
1.58217973933024,-1.85932854037965,0.51327340016931,-3.62249152160686,0.000291779027334744,0.00553110801670125,"SNORA38"
23675.7834388076,0.518961677205322,0.143273407741356,3.62217724409945,0.000292133839012239,0.00553458028140402,"MT-ND4L"
7.16274892349324,-0.891258652718714,0.246066503123834,-3.62202348309954,0.000292307578653588,0.00553462000803579,"GRPR"
2.92073185467734,1.06175031161004,0.293218536075367,3.62102043691104,0.000293443331053927,0.00555286397290721,"GP9"
44.4878604555521,-1.01689035090353,0.280843656786949,-3.6208414408838,0.000293646442966736,0.00555344841845302,"NXF3"
4644.25198466801,-0.463490116816947,0.128028703083379,-3.62020473264575,0.000294370001861674,0.0055565568307958,"ENC1"
45.7024328098607,0.634833494250601,0.175344073051839,3.62050158412207,0.000294032450591946,0.0055565568307958,"ABCB6"
6.0070107677429,-1.07193625833446,0.296094053326201,-3.62025595006978,0.000294311736379087,0.0055565568307958,"AL136164.3"
2.65005884726519,2.26786173437155,0.626465496240691,3.62009040877843,0.000294500096877966,0.0055565568307958,"NLRP8"
41.8517056305714,-0.798828850442659,0.220683439026644,-3.61979518701542,0.00029483629406473,0.00555964696030246,"AC100858.2"
174.838916470788,-0.723663777522531,0.199942753788677,-3.61935485937832,0.000295338405174503,0.00556586024246163,"AC016739.1"
3.61891268237335,-1.12024324461071,0.309563176418003,-3.61878714895356,0.000295986954521787,0.00557482438583821,"AC104115.2"
182.38648794532,0.556203135376673,0.153729067421974,3.61807395767216,0.000296803590967834,0.00558694208450543,"AC009533.1"
9.88782129457116,-0.831582207460999,0.229858822884313,-3.61779546691374,0.000297123048086075,0.00558969234862047,"RAP1AP"
40.0342724465255,-1.01547387539381,0.280779243323391,-3.6166272954309,0.000298466571016396,0.00561169363406628,"LINC02015"
105.711350561417,0.855931530021561,0.236690879145082,3.61624213452225,0.000298910793341211,0.00561677070587841,"LINC01348"
2274.36253955431,0.3433576679527,0.0949756781798173,3.61521680637669,0.000300096367710324,0.00563248392131514,"ITPA"
11.5963236964362,0.572529478012715,0.158366446026942,3.61521958960494,0.000300093143544976,0.00563248392131514,"AP001527.2"
1519.0422784396,-0.394542510135217,0.109142305687481,-3.61493655141346,0.000300421188638582,0.00563530030695234,"FRS2"
156.245459290013,0.436871441702555,0.120873308184031,3.61429209033819,0.000301169381077463,0.00564605040281558,"ROM1"
65.341541258419,-0.959546666015098,0.265553210437685,-3.61338755586337,0.000302222451747411,0.00566250026530812,"CYP11A1"
30.5695789052893,0.44860969342169,0.124199982225472,3.61199482788401,0.000303850627919138,0.00568655316594312,"CBWD3"
3.23088331076686,1.05654482689024,0.29251063430214,3.61198774673919,0.000303858927118002,0.00568655316594312,"CSRP3-AS1"
363.275687159088,-1.0521691405142,0.291315450370951,-3.61178625841646,0.000304095163167538,0.0056876731649288,"PRG4"
282.9839251965,0.566953988818512,0.157018626549247,3.61074352309847,0.000305320474291083,0.00570728040203824,"IQCD"
452.965098246892,0.359151765788416,0.0994865144143344,3.61005476875636,0.000306132358583139,0.00571779299477423,"AC090114.2"
49.5642639657639,0.738148840109555,0.204500416681657,3.60952242585707,0.00030676125404091,0.00571779299477423,"HSD17B1"
23.5751532419736,0.644575951341605,0.178568347890625,3.60968760116667,0.000306565991082365,0.00571779299477423,"POLN"
16.9694867451338,0.623762176139526,0.172803504901981,3.60966160086476,0.000306596719771377,0.00571779299477423,"AC012291.3"
8.01153988655979,0.478016743987622,0.132432385457431,3.60951546962261,0.000306769479949121,0.00571779299477423,"AC137630.1"
41.5474640812564,0.568545894617492,0.157533211009646,3.60905418593085,0.000307315419788894,0.0057213543366587,"AL034548.2"
2.50426536027092,-1.36033125182692,0.376909941926478,-3.60916786878567,0.000307180789108984,0.0057213543366587,"AL158212.4"
34.6155895390931,0.64168716454214,0.177812773157931,3.60877991578367,0.000307640455931222,0.0057241006933077,"ST3GAL6-AS1"
13.2956942408036,-0.782951758641383,0.216972057688021,-3.60853727887473,0.000307928272005113,0.00572615174786901,"RPL9P32"
2807.95542285071,-0.900068971049436,0.249538485252349,-3.6069344980564,0.000309835834457595,0.00574535742867809,"MARCO"
648.115352549786,-0.728645140335247,0.202002520248155,-3.6071091560646,0.000309627427950333,0.00574535742867809,"FCN1"
165.667868915502,-1.31704277059812,0.365088073938698,-3.6074658818334,0.000309202181153076,0.00574535742867809,"SOX11"
30.6654282401276,0.49646817190678,0.137643207025018,3.60692098533087,0.000309851963667892,0.00574535742867809,"DM1-AS"
10.0696853626328,-0.818032651654832,0.226773111923485,-3.60727356394369,0.000309431372095193,0.00574535742867809,"EEF1A1P17"
871.8367390985,0.374920642984132,0.103955108401079,3.60656295540201,0.000310279605820211,0.00574998039636363,"SHB"
7.97903280018208,-0.772460341391851,0.214215515752916,-3.60599622616896,0.000310957654775042,0.00575923582896107,"RPL23AP42"
4.82819822510465,0.824015633910952,0.228522102959135,3.60584653843443,0.000311136976364715,0.00575924902576362,"AL592211.2"
2544.44009513678,0.256123024592114,0.0710410268462557,3.60528325620076,0.000311812640273639,0.00576844439794807,"CC2D1B"
5.14672293750207,0.762849505426462,0.211615178107037,3.60489031198228,0.000312284794794725,0.00577386651843801,"AC010680.2"
69.9240608497105,-0.634129264783184,0.1760294141238,-3.60240513177647,0.000315286479602167,0.00582602437522744,"AC011346.1"
254.874644856012,0.972620706825584,0.270041670068671,3.60174304424294,0.000316090715836947,0.00583524823550068,"LRRC10B"
5.52863439401653,0.708853062152289,0.196810892624897,3.60169629179669,0.000316147578459286,0.00583524823550068,"AL022069.2"
824.89871983052,0.925077297181699,0.256920799818844,3.60063217082453,0.000317444406949323,0.00585248422074382,"IGKV2-30"
36.6995252070478,-0.745031019764655,0.206909517434958,-3.60075761134987,0.000317291275939335,0.00585248422074382,"TPT1P9"
2.27758928010975,-1.58734504583132,0.440898838015195,-3.60024774158425,0.000317914128372533,0.00585779489678419,"AC024084.1"
3143.49858436339,-0.249665588609244,0.0693595237459722,-3.59958625903545,0.00031872389536428,0.0058693615111486,"VEZF1"
8.76922253365385,0.960638751917663,0.266909822403292,3.59911352556434,0.000319303783930408,0.00587668408266896,"AL355864.2"
7.66137059916662,-3.91835975015429,1.08895235403623,-3.59828392457282,0.00032032381958813,0.00589209444530476,"RNU5B-1"
2.65635760234979,0.852982096911706,0.237081008243435,3.59785080733191,0.000320857569868767,0.00589854751449166,"AC003101.2"
84.8702977567944,1.41580892026676,0.393543716585883,3.59758995150362,0.000321179436048616,0.0059011002366881,"PLAC4"
4.19678937958298,-0.971431552698048,0.27003555801708,-3.59742087238971,0.000321388221688912,0.00590157358107004,"HSP90AA4P"
3304.82803345918,0.52194974321925,0.145124296360895,3.59657036283756,0.000322440392967713,0.00591079617466964,"MAPK8IP3"
193.106649523444,-0.729960966491608,0.202946101314116,-3.59682182493266,0.000322128972238564,0.00591079617466964,"PAX8"
2.26209662973665,1.19840875670642,0.33319830765312,3.59668320390763,0.000322300611229618,0.00591079617466964,"AC087499.2"
43.8830371801162,0.49610084387895,0.137962433205937,3.59591254191943,0.000323256398049786,0.00592238781540644,"AC008764.8"
9.10534473394955,0.701447801314956,0.19509351875197,3.59544389686638,0.000323838915284316,0.00592969098429458,"RNU6-8"
17.8294042054284,0.375315310362527,0.104395919699194,3.59511474628473,0.000324248630622369,0.0059338235496131,"Z83840.1"
375.815793623704,0.518023649920165,0.144101025229364,3.59486442997634,0.000324560540483603,0.0059354927138424,"NPEPL1"
4.90090398104408,0.857490215470333,0.238539850531997,3.59474617577709,0.000324707990299829,0.0059354927138424,"IRS3P"
1485.1260406385,0.352261241487932,0.0980036162096172,3.59436983156306,0.000325177666989307,0.00594071040910493,"TRMT2A"
1221.95388269777,-0.28580023756805,0.0795213289520742,-3.59400731016827,0.000325630693996752,0.00594561819248317,"SLC9A6"
6526.2719567865,0.644785988010749,0.179449239248628,3.59313859847238,0.000326718689524395,0.00596210760821398,"FKBP10"
2.65877546497761,0.828481727626513,0.230596125056938,3.59278252148403,0.000327165631225433,0.00596688675275118,"AC234781.1"
281.402783906942,0.643698338877019,0.179182311204116,3.59242123037329,0.000327619702376395,0.00597179044834757,"CES4A"
10.5666917869625,0.578667287117049,0.161088475538195,3.59223268569478,0.000327856899717438,0.00597273770134959,"AC138207.3"
2222.89940587036,0.398937729877669,0.111068326908501,3.59182262830266,0.000328373324576051,0.00597876784356565,"TMEM208"
1.31406830932715,1.65929855564602,0.462017453345019,3.59141963930725,0.000328881589124834,0.00598464268698097,"TBC1D3P1"
675.334057610661,0.358159621439496,0.0997667228851636,3.58997079468828,0.000330715013240866,0.00601461116861349,"HSD17B7"
37.1916634128284,-0.953864703419099,0.26574459442902,-3.58940397440098,0.000331434888989629,0.00602430552168579,"ANO4"
2.63265390868536,-1.85927773331863,0.518108409692357,-3.5885882153942,0.00033247349710764,0.00603977910661174,"GAPDHP49"
3.94624473695738,0.676748872657877,0.188644712406024,3.58742561096171,0.000333958966006753,0.00606334845658093,"RNU6-343P"
148.525042452447,0.661225404569962,0.184337208047462,3.58704252697433,0.000334449794182733,0.00606884277626462,"IZUMO4"
5.71717915311332,0.587906336157019,0.163908745285041,3.58679053478592,0.000334773028320926,0.00607129150630387,"AL157888.1"
21.1014662135973,0.626576571322761,0.174710670315005,3.58636693564874,0.000335317044006335,0.00607773922652292,"SMIM17"
548.246069886252,-0.674457694558455,0.188157366792371,-3.58454046236047,0.000337672215163429,0.00611698908873302,"SEMA4G"
1273.39741628258,0.53281509349751,0.148652298276805,3.58430444516475,0.000337977677490673,0.00611908490212619,"ODF3B"
1858.15222985268,0.332709270718566,0.0928377736987794,3.58377045746564,0.000338669738865881,0.00612130366016274,"CBFA2T2"
78.1270431486683,-1.22823859220239,0.342696317898204,-3.58404373801071,0.00033831539499591,0.00612130366016274,"ENAM"
71.2400726212552,0.44764177702978,0.124903299008051,3.5839067549443,0.000338492968027037,0.00612130366016274,"PSEN2"
67.4907352159023,0.865177297854249,0.241435511763101,3.58347159262623,0.00033905765360615,0.00612488181542313,"PKP4-AS1"
1556.33205814666,-0.294993257428011,0.0823445802862324,-3.58242468906399,0.000340419773996189,0.00614604457587184,"ZNF318"
30.9428072973026,0.538451632127542,0.150320927646502,3.58201376586617,0.000340955821639125,0.00614883695120446,"AC087289.5"
4.97781906652006,-1.31337698263335,0.366655856499901,-3.58204283212835,0.000340917878879989,0.00614883695120446,"THRA1/BTR"
147.450873661417,0.444603587068613,0.12413616537167,3.58157983805483,0.000341522735879553,0.00615561800918736,"SNHG10"
4180.43333871283,-0.304722332708415,0.0850913801822035,-3.58111869916697,0.000342126167067265,0.00616304930563351,"GNAQ"
91.6177658387009,0.573469111432434,0.160160261979805,3.58059548819134,0.000342812031560385,0.00617195642527338,"AC104667.2"
925.156408300247,-0.590661682875571,0.164977819049622,-3.58024906789385,0.000343266853004488,0.00617669624728222,"HEPH"
1474.45493273948,0.399406685393496,0.111570085987214,3.57987252460545,0.000343761863695428,0.00618215353868325,"MIB2"
3366.96907494661,0.989855387267031,0.276604307667948,3.57859715061022,0.000345443459423306,0.00620893219013628,"IGHV1-2"
4.69453837789152,-1.15313575849107,0.322269439280513,-3.57817285146713,0.00034600460655596,0.0062155535032852,"AC009951.4"
192.837047498214,0.31223223329915,0.0873312600957492,3.57526311834756,0.000349875841953467,0.0062804087565373,"LINC00847"
5.46733903211786,-0.845085964108884,0.23637664388878,-3.57516694630166,0.000350004482415802,0.0062804087565373,"RPS2P35"
1000.11420590473,0.383923754215915,0.107429062671891,3.57374200860797,0.000351915681056901,0.00630768267686479,"FBXO44"
161.989849309524,-0.892675493574044,0.249779917905805,-3.57384813422304,0.000351773004280652,0.00630768267686479,"HOXB6"
34.6418770123637,0.490070789272729,0.137139942188741,3.57350879292527,0.000352229409695114,0.0063097985086772,"ITGB1BP2"
776.156622841788,0.331712010281985,0.0928302798741318,3.57331692559531,0.000352487711414445,0.0063109196305157,"LTO1"
61.450248777203,-0.90311929568934,0.252831608150101,-3.57201895086304,0.000354239770655163,0.00633864313338543,"PCDHA12"
18.0832175227014,0.521200454494457,0.145917728848085,3.57187888414218,0.000354429324530747,0.00633864313338543,"AL662907.2"
27.0301422939194,-0.870524155053237,0.243753380666445,-3.57133161670678,0.000355170857509669,0.00634838375853618,"AC129507.3"
7.67156408807534,0.592601114030504,0.165967151745162,3.57059278175978,0.000356174261239306,0.00636279171948001,"AC010809.2"
323.661941976068,0.586828196114101,0.164375510442915,3.57004638058841,0.000356918027313253,0.00637254805687478,"SNHG19"
14.9971447809318,0.521618679277669,0.146129632948043,3.56956127757559,0.000357579570732104,0.00637879070069288,"AC025287.3"
11.3219528193819,-0.943077931483265,0.264225937959823,-3.5692102704416,0.000358058960094716,0.00637879070069288,"LINC02068"
9.59030872830957,0.576357769315953,0.161478385855342,3.56925644421708,0.000357995863767974,0.00637879070069288,"AL021707.7"
1.77742162496949,0.987901700451456,0.2767673336059,3.56943027770094,0.000357758414075809,0.00637879070069288,"AC016575.1"
728.3401062598,0.344964208746972,0.0966734040383705,3.56834656003271,0.000359241136157691,0.00639278721600703,"NDOR1"
21.7586035915002,0.570567228259836,0.159895281781942,3.56838064201263,0.000359194418447375,0.00639278721600703,"SLC12A9-AS1"
150.660860718882,0.80406447899499,0.225373148869687,3.56770308720277,0.0003601242405,0.00640496753167264,"MT1L"
1645.1890724473,-0.357359249031794,0.100175481245212,-3.56733249084215,0.000360633769056663,0.00641049387168253,"PURA"
393.791105257911,-0.957092731814574,0.268378298543925,-3.56620761442799,0.000362184479871002,0.00642939159189242,"FST"
171.891323464279,-0.652056947089018,0.182847342148764,-3.56612756535726,0.000362295069699753,0.00642939159189242,"MFAP3L"
11.9932314208155,0.620340892534128,0.17394365140573,3.56633247330861,0.000362012047162356,0.00642939159189242,"AC108134.4"
20.4126403751642,0.865235475739856,0.242668154630063,3.56550894392743,0.000363150776421531,0.00644103233537529,"AC004863.1"
2968.84097857418,-0.288987381671115,0.0810565446890289,-3.56525660919555,0.000363500360217646,0.00644110039306995,"EXOC5"
223.357147036835,-0.549342058243241,0.154088813042115,-3.56510020031821,0.000363717206558569,0.00644110039306995,"EEF1A1P9"
71.5073073126464,0.597124802569384,0.167492972975495,3.56507375779131,0.000363753878610029,0.00644110039306995,"ATP2A1"
393.225927558057,0.836701444278902,0.234723042507676,3.56463274904738,0.000364366005357489,0.00644839837692219,"WDR86"
911.603517252135,0.363748167267516,0.102074435243721,3.56355797021068,0.000365861850755227,0.00646361051306867,"PASK"
574.326052844366,0.351549443210704,0.098652974361502,3.56349563189543,0.000365948787305555,0.00646361051306867,"DXO"
1.99364658031352,-2.53374381361122,0.71095440607991,-3.56386259363928,0.000365437302855106,0.00646361051306867,"SNORA74D"
1.23907021672726,1.70382300979139,0.478140041429026,3.56343929008569,0.00036602737779077,0.00646361051306867,"AC253536.4"
5.74352775372144,0.646371942154764,0.181418277560263,3.5628821464257,0.000366805380533566,0.0064738037741132,"HCG9"
59.4659415734017,-0.886277970301406,0.24876502990227,-3.56271124864129,0.000367044334138712,0.00647447732729911,"DRP2"
30.763419813588,-0.707292856094526,0.198541013427738,-3.56245212957954,0.000367406918608493,0.00647732973785175,"SIGLEC11"
58.2119547017318,0.547689458312849,0.15377527022915,3.56162247347511,0.000368570107638357,0.00649428585836001,"FAM157A"
2.29404932583561,-2.04087573427713,0.573065694403993,-3.56132945002006,0.000368981752549784,0.00649798831838764,"AL359955.1"
7.76114580818283,0.576961828278615,0.162015955674825,3.56114202379306,0.000369245277820782,0.00649907968522441,"AC091045.1"
6.06321600921259,0.882302988177098,0.247776161268581,3.56088730917383,0.000369603694066538,0.00650183912448201,"AL121832.1"
2.76541299804881,-1.48662533606689,0.417533788751952,-3.56049109345272,0.0003701618671065,0.00650810763623179,"RPL10L"
222.364872592665,-0.800059049230166,0.224745578469274,-3.55984333342311,0.000371076103468454,0.0065206261342454,"MS4A2"
3199.63690080481,-0.378012110769889,0.10619577448467,-3.5595777007536,0.000371451622401429,0.00652366969734972,"TGFBR1"
2767.16496488022,0.324196545079654,0.0910832626560953,3.55934268959741,0.000371784148549828,0.00652595529122984,"PPP1R12C"
3.09838102176439,-1.97957318374509,0.556225691383246,-3.55893878044757,0.000372356305072999,0.00653244235967294,"SLC6A18"
17.0766726524181,0.604036660135189,0.169736117442893,3.55868078777291,0.000372722194659138,0.00653530569156275,"AC241585.2"
143.400578764229,-1.00385410081106,0.282286445958275,-3.55615409518969,0.000376323400583558,0.00659093350900743,"L1CAM"
38.9167969033495,0.603772015329014,0.169792939033923,3.5559312346221,0.000376642591865053,0.00659093350900743,"AC004967.2"
15.4785199146772,0.563945929543926,0.158592594015068,3.55594113991443,0.000376628399671897,0.00659093350900743,"AC004069.1"
2.26862082904944,0.989410543868459,0.278246126973817,3.55588253690792,0.000376712372681058,0.00659093350900743,"AL137802.2"
1714.70421159237,-0.562484922211082,0.158208988373555,-3.55532848034506,0.0003775071528738,0.00659822838762181,"PTAFR"
1603.91007845311,-0.318940219406806,0.089708218034465,-3.55530659726484,0.00037753857575321,0.00659822838762181,"SREK1IP1"
2395.76451297472,-0.226046439065229,0.0635940868752107,-3.55451977019176,0.000378670041112377,0.0066123006701933,"SLU7"
19.0056784914865,0.545746547177055,0.153538458697167,3.55446154538691,0.000378753894800652,0.0066123006701933,"ACTG1P1"
53.1749156396994,-1.96555996164852,0.553094268005624,-3.55375218176828,0.000379776894659188,0.00662657249366099,"TINAG"
48.7238835235497,-2.23702311992224,0.629535895245194,-3.55344808265612,0.0003802162377766,0.00663065039865142,"ZIC1"
7.74733566272717,0.603016641301461,0.169714265476592,3.55312878153212,0.000380678055028792,0.00663511561319102,"GPR61"
3594.02850860466,0.345986974106457,0.0973869772064095,3.55270267166364,0.000381295170499095,0.00664228134670087,"ATP5IF1"
1267.93029031914,0.280292869927794,0.0789064078328001,3.55221936501944,0.000381996253106507,0.00664731202451123,"ZBTB17"
18.0667925982446,0.583305399999232,0.164204908166514,3.55230185572603,0.000381876507224523,0.00664731202451123,"AC107294.3"
123.457052461365,0.577618912668858,0.162622612928798,3.55189787118818,0.000382463277793528,0.00665184918686748,"C17orf97"
494.09511313177,-1.50435480895004,0.42356351282867,-3.55166288735202,0.000382804969453467,0.00665420282481242,"PRSS2"
97.2188097410496,0.561966224418756,0.158248892771892,3.55115422658156,0.000383545594149494,0.00665989643691462,"H1-10-AS1"
2.50214267410127,-1.66231492011993,0.468102524855223,-3.55117700045317,0.000383512406121236,0.00665989643691462,"MAPK8IP1P1"
4.30849305213939,0.68894500620036,0.194021223122249,3.55087446163696,0.000383953510567331,0.00666339125309128,"AC103739.3"
276.809743175539,0.571913079740801,0.161077327170738,3.55054984948061,0.000384427325437495,0.00666802534089942,"GSTM2"
16.0175393763933,0.523794592075079,0.147562242254848,3.549651889746,0.000385740865950609,0.00668721194762225,"AC099522.2"
644.24879072119,-0.977730966518681,0.275478563733754,-3.54920888677075,0.000386390437159651,0.00669218786171347,"SLC44A5"
188.251105972391,-0.578428793207659,0.162985626484468,-3.54895585386348,0.000386761915541197,0.00669218786171347,"RPL10P16"
74.202966559042,-1.234685124668,0.347907369639667,-3.54889040133522,0.000386858060915922,0.00669218786171347,"LINC02555"
3.8493275519801,-2.59567854227549,0.731367696641399,-3.54907463673254,0.000386587488504891,0.00669218786171347,"UGT2A3"
1380.80348849404,0.227647937339194,0.0641537596965058,3.54847382937704,0.000387470500835832,0.006694759702276,"AGK"
32.7289611394568,0.554008269948205,0.156130544148375,3.54836571517817,0.000387629597275525,0.006694759702276,"AL022328.2"
28.3580683370735,0.547279181534686,0.154231828895474,3.54841919112292,0.000387550896630699,0.006694759702276,"AL031673.1"
263.260868966945,-1.16430978272863,0.328184156249518,-3.54773306558837,0.000388561803051087,0.00669688460622214,"KRT4"
45.4424722931949,0.472643793229055,0.133219445146805,3.54785889333355,0.000388376229807563,0.00669688460622214,"LAMB2P1"
33.4874433162434,0.473918622272929,0.133581682304162,3.54778150790038,0.000388490349565159,0.00669688460622214,"AC012615.1"
7.71005501036631,-1.18235694952993,0.333272487636463,-3.5477184387919,0.000388583380314517,0.00669688460622214,"AL591178.1"
17325.9462990643,-0.254782668048563,0.0718226591851863,-3.54738561533396,0.000389074659946297,0.00669906125417983,"CCNI"
92.3945550912043,0.581667050966696,0.163978710205427,3.5472107948526,0.000389332944342782,0.00669906125417983,"KCNAB3"
22.8831892130559,-0.64250124351481,0.181127278761767,-3.54723621923277,0.000389295371738134,0.00669906125417983,"EEF1A1P24"
3056.02844239657,-0.261601089055462,0.0737777133933906,-3.54580098817345,0.000391421693617885,0.00672065628898228,"YIPF5"
118.454176685717,-0.846806622622214,0.238794520839364,-3.54617274988423,0.000390869882592729,0.00672065628898228,"KLHDC8A"
91.8580709736003,-0.946715241086083,0.266976261256561,-3.54606524426642,0.000391029379904196,0.00672065628898228,"PCDHA4"
2.51704308175661,0.82006747286956,0.23127586134013,3.54584117909094,0.000391362002610104,0.00672065628898228,"AL121749.1"
118.487083780432,0.459539593177696,0.129624124491331,3.54517027583417,0.000392359534043546,0.00672601444722708,"AC007114.1"
10.5865028469805,0.741144686784767,0.20905231619865,3.54525938894886,0.000392226899660845,0.00672601444722708,"AC012158.1"
2.39828015554713,0.742294869200427,0.209371379293415,3.54535023700717,0.000392091726146574,0.00672601444722708,"AC001226.1"
20.0150820399793,0.581643450843456,0.164074088385049,3.54500492166962,0.00039260575529392,0.00672665918143063,"AC090948.3"
262.857697604004,-0.758653872638328,0.214063317406312,-3.54406295217005,0.000394011154725843,0.00674715331074605,"EFNB3"
15227.0424609452,-0.440380162282199,0.124266402588783,-3.54383930900039,0.000394345515620158,0.00674929466622717,"MAL2"
630.198437333421,0.709333464881683,0.200177022187216,3.54353090645078,0.000394807032121715,0.00675155226130309,"PNPLA7"
9.92346953680694,-1.26170537450832,0.3560647860115,-3.54347136834691,0.00039489618746527,0.00675155226130309,"MAG"
237.149675394077,0.568186835443519,0.160382170712164,3.54270573169407,0.000396044367840187,0.00676759440434914,"PCAT6"
25.4499774525195,0.627810687112741,0.177250343340648,3.5419434190104,0.000397190661743953,0.00678358733471067,"AC005785.1"
517.70425212079,-0.298197973890284,0.0842038531010701,-3.54138157469298,0.000398037493681068,0.00679445155306831,"SRFBP1"
3407.63828621394,-1.35502353945348,0.382680822654881,-3.54087129334804,0.000398808069514547,0.00680040518323457,"CLDN18"
1.91764472984609,0.872372100170914,0.246363746298795,3.54099218442994,0.000398625386016923,0.00680040518323457,"AC137630.3"
25.9872406967598,1.04686366486939,0.295670251975923,3.54064589816982,0.000399148882345347,0.006802619297688,"AC091544.4"
107.708872429224,-1.07506583689118,0.303661178170774,-3.54034665664959,0.000399601776313169,0.00680674024153098,"LINC02159"
428.8535759436,0.395079638740604,0.11161334022285,3.53971700830545,0.00040055630042972,0.00681939699438032,"PHLDB3"
2868.30893634162,0.562228570183173,0.158881651984498,3.53866266595736,0.000402159416556456,0.00683205184791776,"KREMEN1"
52.2588175934991,-1.63366979984821,0.461634088466844,-3.53888467221707,0.000401821361088683,0.00683205184791776,"SPINK4"
21.6349233289684,0.619013768862773,0.174925652446731,3.53872493944979,0.000402064564074212,0.00683205184791776,"ALMS1P1"
13.951635285548,-0.749417555313154,0.211783386208268,-3.53860408377914,0.000402248665659562,0.00683205184791776,"RPS3AP25"
4.98268927006868,0.641001846277126,0.181149105453811,3.53853166799417,0.000402359015636403,0.00683205184791776,"DFFBP1"
47.7795633881989,0.756861733577703,0.213909187606707,3.53823854901112,0.000402805970669126,0.00683604132853999,"CCR3"
23347.8347579685,-0.276406925835495,0.0781248749428542,-3.53801431410517,0.000403148202651197,0.0068382502864218,"CTNNA1"
1393.68045925025,0.267398160917547,0.075584170017463,3.53775348536298,0.000403546626643994,0.00684140955632786,"PRMT7"
30.1390584709676,0.504490011863795,0.142611041300685,3.53752421455301,0.000403897148659529,0.00684375384052892,"C19orf73"
481.292933442238,-0.279005721610082,0.0788778232216874,-3.5371884037156,0.000404411068432258,0.00684494357543637,"N6AMT1"
46.149684832269,0.849060627449496,0.240051954047956,3.53698694441735,0.000404719671754675,0.00684494357543637,"BX284668.2"
34.5927835163025,-1.05737595874641,0.298965265126269,-3.536785312835,0.000405028759247406,0.00684494357543637,"PCDHA6"
20.3460740321977,0.56845945627112,0.160721759153448,3.53691658967214,0.000404827495753817,0.00684494357543637,"OR2A9P"
1.96055612945004,1.15871198567264,0.327567772155535,3.53731985917851,0.000404209818284886,0.00684494357543637,"RNVU1-4"
2622.96580522412,-0.7200044429636,0.203603200590145,-3.53631200726052,0.000405755171021551,0.00684645499193611,"EDIL3"
89.2007140754934,0.795615819826338,0.224967605731384,3.53657948769886,0.000405344502597736,0.00684645499193611,"DNAAF3"
16.2819379976411,0.493645792480167,0.139588932454333,3.53642501450941,0.000405581621189217,0.00684645499193611,"AL445231.1"
790.015623079747,0.307580024756092,0.086995109372008,3.53560133410281,0.000406848171592168,0.00685772048771012,"INPP5E"
272.031330664984,-0.618410343622497,0.174903478875765,-3.53572351789388,0.000406660059892521,0.00685772048771012,"CD209"
318.445736444003,0.457300284804331,0.129356101946652,3.53520458581016,0.00040745955789925,0.00686443753629118,"SNHG30"
79.0257089083692,-0.717980570996245,0.203102611870086,-3.53506320960314,0.000407677624946277,0.0068645248127377,"CXCR2"
283.148231214572,-1.01879044606171,0.288214246111145,-3.53483722546049,0.00040802642270353,0.00686543173408318,"NPTX2"
2.81343219639714,0.714802702679615,0.202221431139941,3.53475246738294,0.000408157315374087,0.00686543173408318,"AC044849.1"
5597.52215490162,-0.263028980728192,0.0744264881078807,-3.53407754974187,0.000409200997336449,0.00687939841455359,"TMEM167A"
18.359444774439,0.841702463063851,0.238205403622323,3.53351540420292,0.000410072192560643,0.00688896156150838,"LINC00943"
6.57326409521922,1.14799787204457,0.324895720378668,3.53343488398854,0.000410197121975379,0.00688896156150838,"AC068489.1"
109.579586352707,0.541227457170628,0.153195430068286,3.53292168656323,0.000410994198165516,0.00689875477347584,"AL021392.1"
17.384939093916,0.589315554692106,0.166876954866927,3.53143761019635,0.000413307350055123,0.00693397268601844,"SKOR1"
36.6400977395214,-1.07574789397149,0.304645110988879,-3.53115101857244,0.000413755443811178,0.00693788054378129,"AZU1"
4213.79888600473,-0.743620037587146,0.210624629298652,-3.53054645158683,0.000414702189186032,0.00695014141907672,"MRC1"
22.0781853466354,0.493282984164502,0.139738891739898,3.53003360784247,0.000415506882647647,0.00696001009401214,"GPS2"
1020.14626626778,0.389253413751868,0.110274804664835,3.52984904335082,0.000415796835987269,0.00696125076656775,"NAA10"
76.7224538640138,-0.594693927510665,0.168529647508259,-3.52871993921141,0.00041757479226482,0.00698559871521135,"TSSC2"
18.3366299101277,0.692479819561245,0.196252578838257,3.52851322342091,0.000417901067503263,0.00698559871521135,"AP001625.2"
8.25965905014701,0.559861488978242,0.158662792843933,3.52862494692719,0.000417724696250698,0.00698559871521135,"HINT2"
14.2018230244986,0.467731903688471,0.132574702888673,3.52806299766885,0.000418612517158022,0.00699386560402095,"AC004825.2"
4.08681579854706,-0.868392847318718,0.24618357592331,-3.52741991037305,0.000419630689745594,0.00700724577464872,"RPL13P2"
2.14397856918719,1.24522970833141,0.353129313261917,3.52627114647891,0.000421455236047144,0.00703407043806426,"IGHV1OR16-4"
18.3302772320916,-1.5204413709001,0.431202269233165,-3.52605141342135,0.000421805074224833,0.00703626726248306,"PIWIL1"
460.847465342198,-1.35899875101433,0.385678566626437,-3.52365640357361,0.000425635808345998,0.0070964977456653,"PSCA"
10137.2793366871,-0.304821491683039,0.086529782788414,-3.52273496893434,0.000427118244782746,0.0071045028316571,"KTN1"
816.987043254379,0.314157768285222,0.0891679632734663,3.52321345864705,0.000426347833048833,0.0071045028316571,"GTPBP3"
286.044262924599,-1.04096490213329,0.295490997610318,-3.52283118792699,0.000426963219163475,0.0071045028316571,"PLPPR1"
48.8330815113902,-0.64253478364225,0.182399763897393,-3.52267332979498,0.000427217583829527,0.0071045028316571,"PABPC3"
35.4118946878303,0.645828223117554,0.183330646663117,3.52275102320622,0.000427092374891479,0.0071045028316571,"LINC01252"
226.324192296771,-0.616344300299795,0.175044311274963,-3.5210758682219,0.000429799626054455,0.00714375718666284,"MEOX2"
8.05307849335983,-0.802808672427287,0.228055057722227,-3.52024059648401,0.00043115550361465,0.00716260134675651,"HSPA8P4"
58.1143768965946,0.766734187112882,0.217823828833831,3.51997387621808,0.000431589305046213,0.00716611593265454,"AC010719.1"
64.2000164457706,0.566439993175193,0.160932816036691,3.51972958110699,0.000431986991076329,0.007169027548768,"AL021707.6"
237.337535164661,0.548183245979428,0.155758679318019,3.5194394840764,0.000432459682020772,0.00717318027096698,"MIR600HG"
2.49035429534885,-1.21843001254405,0.346234125184884,-3.51909278697882,0.000433025231844951,0.00717886817523931,"TPI1P3"
37.025798155326,0.647451791402128,0.184057888138147,3.51765304900258,0.000435381200709199,0.00721421727485515,"DRD4"
61.8107011088539,0.364988432288729,0.103765060007744,3.51745021167519,0.000435714081195196,0.00721602493484289,"PDCD4-AS1"
5.19290852955195,-3.10461771062082,0.883038030341142,-3.51583692201956,0.000438370156355792,0.00725628628936988,"CPN1"
23.1622905121806,-0.682680342453346,0.194230378375922,-3.51479695484121,0.000440090333029314,0.00728102246717816,"AC104619.3"
247.622309981266,-0.353446143801806,0.100572606773651,-3.51433810000842,0.000440851311803242,0.00728240294523338,"FAM161B"
40.6505329254868,0.50861200505352,0.144718668528189,3.51448786964516,0.00044060279437384,0.00728240294523338,"DDX11-AS1"
4.12004529551918,0.789988356473102,0.224785611764183,3.514408018703,0.00044073527725349,0.00728240294523338,"BOLA2P3"
8.25987357029977,0.644534809982034,0.183419368579942,3.51399535922576,0.000441420524689892,0.00728807210375093,"AL023806.3"
665.750005322742,0.355875166681246,0.101289285476287,3.51345322467063,0.000442322285306176,0.00729922317794148,"NGRN"
36.3627326510504,0.933894682072694,0.265826389210499,3.51317521502042,0.000442785379921181,0.00730312766013221,"IGSF11"
3.35360690602967,0.714308567621724,0.203370461295862,3.51235161227545,0.000444159953936054,0.00731969384408216,"LINC02631"
1.92064170596507,-1.14951568382197,0.327282750885531,-3.5123014601647,0.000444243785171927,0.00731969384408216,"RPL23AP58"
3.63124845359491,0.660994216218776,0.18823544211632,3.51152901274732,0.000445536828428222,0.00733724976132177,"LINC00334"
2945.45208546799,-0.35785145689219,0.101934033494356,-3.5106180401662,0.000447066270766527,0.00735867886721117,"KIF13A"
57.7953784072098,0.446429299382688,0.127179448103424,3.51023145673384,0.000447716789925818,0.00736562647508062,"AC040162.1"
1270.31294355543,0.425992817998079,0.121367322517725,3.50994657508297,0.000448196736766276,0.00736976225243681,"CROCC"
1212.96868857816,0.275145105572225,0.0784213927632255,3.50854653146698,0.000450562409782735,0.00740488527188801,"GMEB2"
2520.522901757,-0.348552696765597,0.0993565134753872,-3.50810112566944,0.000451317458103335,0.00741060144469599,"CTDSPL"
4.16340286179108,-0.997355779511247,0.284303252778559,-3.50807023755046,0.000451369863153448,0.00741060144469599,"OTUD4P1"
1456.79912472549,0.385573346927547,0.109919655162544,3.50777434988656,0.00045187215656124,0.00741507261491969,"AP1G2"
2236.24244793737,0.238568170430584,0.0680144582377047,3.50760965553543,0.000452151964569968,0.00741589018187112,"CLK3"
30.9731851182261,0.791668250404114,0.225724675420799,3.50722954381606,0.00045279837398869,0.00741894490308196,"KCNG2"
4.31983603648465,0.724791145535476,0.206650394314252,3.50733008732271,0.000452627308131072,0.00741894490308196,"ENO1-AS1"
276.010301089234,0.311463859036617,0.0888239606194698,3.50652973436928,0.000453990710164361,0.00743470312303191,"ANKRD16"
61.7062017081987,0.348975405158634,0.099532664168573,3.50613949775918,0.000454656867595582,0.00744014219028821,"AC007383.1"
2.07940642243695,-1.18444170964316,0.337826521667709,-3.50606489921533,0.000454784315616625,0.00744014219028821,"TRBV11-1"
20.3197226247296,0.817395448199946,0.233228534011434,3.50469744906887,0.000457126453216193,0.00747087809627783,"AC092683.1"
5.25964253530955,0.622420001266556,0.177593131711831,3.50475266282547,0.000457031666696199,0.00747087809627783,"AC009570.1"
6.32470598491803,-1.42908808757673,0.407779654977521,-3.50455955841031,0.000457363252884539,0.00747096154471224,"SLC7A3"
8.44927683114986,0.566904323228256,0.161776666875976,3.50424034674213,0.000457911874445643,0.00747613589443026,"GLUD1P2"
362.18991908068,0.708804598497873,0.202289480893518,3.50391229127221,0.000458476335427806,0.00748156347969109,"CITED4"
1.22210384942959,-2.15958308174903,0.616497729743632,-3.50298626833075,0.000460073180146279,0.00750382382084813,"AC128685.1"
615.195664373551,0.39113486936066,0.111685538254497,3.50210846877404,0.000461591657735497,0.00752089996089356,"AFG3L1P"
33.2415217629621,0.562275139623162,0.160559377401153,3.50197633252111,0.000461820640573133,0.00752089996089356,"ZNF426-DT"
18.9711486503317,-0.732460335403967,0.209162121353623,-3.50187849818955,0.000461990248875276,0.00752089996089356,"AC253576.2"
9.15195622631341,0.563818132926621,0.161006148770563,3.50184224162814,0.000462053119011634,0.00752089996089356,"AL121992.1"
15402.1452502364,-0.475705146816115,0.1358642080865,-3.50132793261674,0.000462945808911148,0.00752496137436373,"CD44"
145.707930029165,0.555905075705419,0.158770699917569,3.50130770976026,0.00046298094272967,0.00752496137436373,"PRR7"
31.9627747968781,-0.907218694505817,0.259109458661292,-3.50129516380077,0.00046300274047876,0.00752496137436373,"SCN5A"
236.872342696499,0.428145912462353,0.122322228840864,3.50014806400684,0.000464999799228607,0.00754600831712452,"AC093157.1"
154.069108943973,-1.3891902426567,0.396865393575828,-3.50040659917422,0.000464548998685297,0.00754600831712452,"HOXB8"
8.28264651562206,0.594479360206383,0.169840652337346,3.50021830477664,0.000464877281998331,0.00754600831712452,"SLC25A5P1"
4.45410863079409,0.706353758243917,0.201898977675552,3.4985504452579,0.000467794588637387,0.0075875435164047,"RNASEH2A"
2.9682867614971,1.02934610692806,0.294235218482223,3.49837831187518,0.00046809664302524,0.00758862556779732,"MFFP2"
37.1885290885532,0.56620901143019,0.161927964555607,3.49667219608476,0.000471100337903133,0.00763348261089776,"RNF112"
1485.55097557562,0.301176382151385,0.0861460722210061,3.49611275809213,0.000472089162133284,0.00764566299999384,"METTL3"
214.292200187128,0.346989697547062,0.0992584310842087,3.49582089659148,0.000472605804720173,0.00765018783795281,"AC012313.1"
700.129797765293,-0.87625411869938,0.250698738835415,-3.49524741436632,0.000473622498761516,0.00765895560309181,"GRAMD1B"
18.6721713952672,0.404604486777069,0.115755037154881,3.49535101643747,0.000473438677671043,0.00765895560309181,"FAM21FP"
29.4527127075631,0.661768558767744,0.189438610157656,3.49331405153892,0.000477065100952262,0.00771075898757177,"RN7SKP23"
128.978453784247,0.471782197853231,0.135059872212636,3.49313374967856,0.000477387338751494,0.00771210157216529,"PFDN5"
81.2964732996391,0.53626530265163,0.153569989192811,3.4919928396839,0.00047943109933662,0.0077412397586927,"GPR3"
3685.82201701932,-0.30086149159529,0.0861640239288598,-3.49172981804671,0.000479903417336856,0.00774498783384731,"CSNK1A1"
9.84918995058227,0.543977004937388,0.155803108800122,3.49143870829464,0.000480426680220512,0.00774955392881961,"UPF3AP2"
1052.18938889321,-0.303073138930148,0.0868109626404605,-3.49118509588895,0.000480882976209316,0.00775303578393469,"WDR44"
2228.73863541705,0.913516424334706,0.261679454578418,3.49097496326732,0.000481261350133236,0.00775525848827896,"IGHV3-48"
16.2627962901261,1.4449267284072,0.413992418365795,3.49022509665985,0.000482613857202877,0.00776153806758442,"MICOS10P3"
9.24946146337587,0.709320369414193,0.203216370781302,3.4904686403319,0.000482174198126336,0.00776153806758442,"AC084782.3"
7.11009323865092,-0.805953947237967,0.230901762204471,-3.49046252199785,0.000482185238719676,0.00776153806758442,"PBX2P1"
2.52745426214696,1.36750830179175,0.391805763751236,3.49027101770766,0.000482530929287004,0.00776153806758442,"AWAT1"
3.33139250323627,1.06034046373509,0.303816529256179,3.49006838545312,0.00048289695897862,0.00776221956244547,"HAUS6P3"
3.61402778927243,-0.814235635375414,0.233324979731318,-3.48970622996747,0.000483551792419883,0.00776887271877385,"AP000281.1"
2054.80128116562,-0.281353228894197,0.0806560589439919,-3.48830865998016,0.000486086588939107,0.00779794132355299,"MMGT1"
215.110746560379,0.420486419058053,0.120540648937131,3.48833711088913,0.000486034863704454,0.00779794132355299,"CBLN3"
62.6928781356664,0.7319572945436,0.209816757462384,3.48855498195766,0.000485638932884832,0.00779794132355299,"WDR93"
4437.36655758651,-0.290583856377771,0.0833126718631258,-3.48787105105896,0.000486882831793602,0.00780286348135588,"C5orf15"
307.513965895765,0.502593265855853,0.144102798963044,3.48774117832884,0.000487119373173186,0.00780286348135588,"TTC21A"
180.762853656467,-0.350429545218525,0.100468784161277,-3.48794452071801,0.000486749066585288,0.00780286348135588,"COX16"
3757.10360756209,-0.271013017011855,0.0777143389612009,-3.48729746189,0.000487928337014881,0.00781194102633805,"KLF3"
93.5942889371167,0.489610031594661,0.140410001613246,3.48700253521307,0.000488466727003387,0.00781628532424204,"AP000873.2"
21.1261812143675,0.538970608000144,0.1545708749708,3.48688333492298,0.000488684484840191,0.00781628532424204,"LINC01686"
17469.6129123879,-0.316474253630857,0.0907760487078362,-3.48631889287705,0.000489716850417189,0.00782503460936682,"TAPBP"
343.144388548675,-0.76089604527561,0.21824441306154,-3.4864399715976,0.000489495226012674,0.00782503460936682,"STAC"
1416.04516550898,-1.11767176638457,0.320657616020919,-3.48556126704209,0.000491105746762913,0.0078433406658594,"SPINK5"
47.7623147791514,-0.432220231353295,0.124010456271951,-3.48535312542879,0.000491487959246726,0.00784555903262905,"PTGES3P3"
2.30946346865218,0.777365059004478,0.223059033839673,3.4850193942973,0.000492101371985129,0.00785146399785279,"AC092844.1"
45.8337314058167,0.410520289675248,0.11780917179028,3.48462079341363,0.000492834953763186,0.00785927946790006,"AL391988.1"
1821.10306163442,0.250262200206508,0.0718291625509047,3.48413083654079,0.000493738063436461,0.00786978935022673,"AAAS"
645.629352405215,0.526585746867099,0.15115015688434,3.48385842080231,0.000494240859186546,0.00787002296517045,"DDIT3"
6.85348180676825,0.716913536569696,0.205779244651406,3.48389623931296,0.000494171029307538,0.00787002296517045,"AL353764.1"
86.6331892145821,-1.55799050230615,0.447265366672089,-3.48336942316481,0.000495144596482858,0.00787530095537755,"NKX1-2"
31.0947682395131,0.558576945739166,0.160362895147763,3.48320567064145,0.000495447578712522,0.00787530095537755,"AC010894.1"
3.59820717097998,-1.05702605730775,0.303468364178907,-3.48315074016938,0.000495549252239449,0.00787530095537755,"TCF23"
2.49742767501609,-1.3702370329882,0.393361652580983,-3.48340267536908,0.000495083092877207,0.00787530095537755,"H4C15"
15913.634377621,-0.813041768901684,0.233450666671633,-3.48271341647224,0.000496359410596079,0.00788226700374463,"TNC"
3483.19486485504,0.333003020955761,0.0956177033949457,3.4826502742939,0.000496476485799515,0.00788226700374463,"BCL6"
73.5054763900248,-0.963385232555665,0.276683774502367,-3.48189999319033,0.000497869593205421,0.00790049460280944,"NPY1R"
5538.86590223973,-0.353986172671569,0.10168171910879,-3.48131577410525,0.00049895688295976,0.00791385375850342,"ARHGEF2"
35.5375542656224,-0.977581722779929,0.28092671505515,-3.47984606087754,0.000501701963632844,0.00794616789451034,"OTOGL"
3.67765700714399,0.708050790619775,0.203471768199704,3.47984782795436,0.000501698654708324,0.00794616789451034,"RPS26P11"
2.59582257484078,0.936321603649778,0.269071138117863,3.47982920130078,0.000501733534911554,0.00794616789451034,"MIR4728"
46.3980218696446,0.744600406619187,0.213997527523817,3.4794813530559,0.000502385329761503,0.00795258466281771,"TTYH1"
28.6041341890001,0.631107869965005,0.181391791065541,3.4792526511686,0.000502814299310963,0.00795546961790089,"AC079834.1"
7306.52723074621,-0.436421322117545,0.125491560044232,-3.47769461120508,0.000505745770019026,0.00798388887540505,"ANXA4"
25.9991645364106,-0.657509127649539,0.189054853796706,-3.47787488363863,0.000505405771999368,0.00798388887540505,"EEF1A1P16"
9.08745879544652,0.697367415748633,0.20052128662669,3.47777249727566,0.000505598848917666,0.00798388887540505,"Z97192.2"
5.26698365889358,0.785839295756882,0.225942211044085,3.47805437561002,0.000505067457667921,0.00798388887540505,"PRSS42P"
3.29475950408988,1.02189007561443,0.29384583446208,3.47764016285995,0.000505848502789657,0.00798388887540505,"AC008132.1"
3.26846493517332,0.838214834683979,0.241064093626652,3.47714511138339,0.000506783455558556,0.00799473215483642,"RNVU1-3"
15.9436462537461,-2.04058050708279,0.586928946182432,-3.47670790536974,0.000507610500927723,0.00800386337526378,"SLC10A2"
102.742574737945,0.917895791073639,0.26407939604398,3.47583266556991,0.000509269939537171,0.00802610420350737,"GPR15"
55.9856153502351,0.361934808184094,0.104141993467815,3.47539735059854,0.000510097170565228,0.00803521410106292,"NDUFA13"
52.9778801736127,0.458047112489449,0.131802597098437,3.47525103884984,0.000510375488585416,0.00803567267062341,"CCDC183-AS1"
783.172641480322,0.33751399353152,0.0971283856178091,3.4749264222264,0.000510993488301625,0.0080409068370263,"CLN8"
25.181195554779,0.768641120395733,0.221203495532697,3.47481453014434,0.00051120666819364,0.0080409068370263,"KCNN1"
1088.21138484452,0.295446435774164,0.0850289605458439,3.47465656262929,0.000511507773419162,0.00804172021155577,"ZBTB48"
12.6304300081938,0.901050896397584,0.259345192069122,3.47433044433471,0.000512129917436391,0.0080475775768696,"LINC01556"
2.44509179594582,1.4668152120107,0.422208454091236,3.47414931604788,0.000512475765001998,0.00804908964563538,"AP003174.1"
463.823130847129,-0.671423917058873,0.193294343255514,-3.47358285685227,0.00051355877158986,0.00806217263384374,"PAQR5"
4247.04619826978,-0.237423282467454,0.0683689125665661,-3.47267893483448,0.000515291388633264,0.00807757453888167,"KCTD20"
90.5442830343844,0.471931716102616,0.135897509199892,3.47270320759484,0.00051524479205841,0.00807757453888167,"UFSP1"
4.28068436050593,0.866747825138868,0.249577995906887,3.4728535341803,0.000514956296614391,0.00807757453888167,"AL160269.1"
33.3123315224573,-1.34467364912925,0.387230517705149,-3.47254048337463,0.000515557249903706,0.00807781512300534,"SUN3"
3.6432929544764,0.702691806644855,0.202391470123161,3.47194378407967,0.00051670452469885,0.00809185886299874,"AC087289.1"
452.845581055503,0.392753439762208,0.113135703904346,3.47152513493242,0.000517510882156577,0.00809269563294802,"ZNHIT2"
123.49225935327,-0.568988509172279,0.163898617403825,-3.47158821828476,0.00051738930270718,0.00809269563294802,"EEF1A1P12"
41.5288477374247,0.449722864222156,0.129538122607889,3.47174140838419,0.000517094172901388,0.00809269563294802,"AC114490.3"
24.245829853458,0.530311649851499,0.15278728185859,3.47091487851928,0.000518688394311515,0.0081071775446315,"BMS1P4"
10.3150068979383,0.699328697573405,0.201496570811499,3.47067294871052,0.000519155897605902,0.00811055325499143,"AL031668.2"
3811.94023673552,-0.782991095134672,0.225679558927548,-3.46948167949071,0.000521463630488044,0.008137502030795,"NT5E"
149.982152604035,-0.969786075587918,0.279526242534979,-3.46939187817602,0.00052163798100956,0.008137502030795,"B3GALT2"
1.70989282709147,0.856864261013681,0.246973189475796,3.46946266852847,0.000521500536007423,0.008137502030795,"MIR6859-1"
6.88175768400115,0.615431303279188,0.177412649739979,3.46892571742309,0.000522543912043882,0.00814693754398425,"RASGRP3-AS1"
5.51143715187745,0.574408810108971,0.165591955987665,3.46882073276409,0.000522748140130359,0.00814693754398425,"AC074117.2"
24.4585069562745,0.738605225730607,0.213038054286613,3.46701075638306,0.000526280829428622,0.00819803156759705,"NALT1"
3347.05199229861,0.939162347356053,0.270972569301023,3.465894536036,0.000528470532196331,0.00822605003734245,"IGLV6-57"
24.1751857184083,-0.947433221350166,0.273363712343239,-3.46583390029675,0.000528589724837139,0.00822605003734245,"AP000757.1"
1375.07264305492,0.474492036706381,0.136913592312532,3.46563134230867,0.000528988077958054,0.00822827813495295,"CCDC88B"
4.82370881463792,0.892316065705542,0.257509449457384,3.46517794817163,0.00052988074276112,0.00823818927209851,"AC097500.1"
100.885483043006,0.488125887093096,0.140893611587872,3.46449978527709,0.000531218563784647,0.00825500847674022,"AC107294.2"
1425.58178365159,0.375470230243527,0.108388733194015,3.46410756154367,0.000531993744707962,0.0082623445041378,"PCED1A"
42.6098944441392,-0.398669410450785,0.115093566971335,-3.46387222971444,0.000532459354306043,0.0082623445041378,"CAP1P1"
1.69284033824281,-1.66165095083659,0.479702879531525,-3.46391698223564,0.000532370781153812,0.0082623445041378,"AC046158.1"
98.7334805227876,0.523946204036397,0.151271876929916,3.46360615515559,0.000532986246482095,0.00826654233661142,"AC137932.3"
4.0008229416665,-1.53780600879056,0.444149442169202,-3.46236168006876,0.000535457065428312,0.00830087167054612,"IGFL1P1"
8.5624828715751,0.647454860811029,0.187013977546343,3.4620666824253,0.000536044325524545,0.00830598235297402,"AL512598.1"
1596.84639473744,-0.829454076471715,0.239628161967393,-3.46142151933119,0.000537330761868866,0.00832191662654255,"GPC3"
1291.75013541407,-0.875795968900103,0.253038161322937,-3.46112208657088,0.000537928798857711,0.00832717912586025,"S100A8"
36.4299109024612,0.555923441072009,0.160628812504011,3.4609198213311,0.000538333120549334,0.00832943928604283,"AC008610.1"
13.3498103237673,-0.742238147418107,0.214496714781916,-3.46037070158748,0.000539432221471815,0.00834244219729432,"AC090337.2"
2998.75915044749,-0.353623292308086,0.102201605801151,-3.46005612667297,0.000540062806361883,0.0083481904080244,"TMEM164"
4.71650398908023,0.659683226744968,0.190674517103799,3.45973461354488,0.000540708008954301,0.00835415895962215,"C11orf72"
394.392192724042,-0.630538787217396,0.182288218909171,-3.45902105462764,0.000542142523346111,0.00837231114238284,"KCNJ2"
43.5558270371859,0.487763386639422,0.141025616014512,3.4586864459378,0.000542816429661699,0.00837870549279152,"SRRM5"
6737.28755552586,-0.252701633355059,0.0730726301919817,-3.45822550373708,0.000543746051441951,0.00838278945711702,"YWHAH"
394.489226185334,0.336308220168323,0.0972487101912165,3.45822807836785,0.00054374085484597,0.00838278945711702,"COMMD3"
39.5679836602053,-0.591352497621246,0.171003650742773,-3.45812791161266,0.000543943064036347,0.00838278945711702,"RPS2P55"
6.22735376307147,1.26883265288249,0.366922507691641,3.4580398484271,0.000544120897309534,0.00838278945711702,"LINC01634"
1268.7039867212,0.215397781947633,0.0622995346936995,3.45745410470002,0.000545305117031368,0.00839702172811674,"LUC7L2"
4.23572982038161,-1.13046469832352,0.327015965228048,-3.45690981030599,0.000546407688890858,0.00840998373665189,"GK3P"
3871.4668114385,0.30195547525095,0.0873781686406581,3.45573133367831,0.000548802037519435,0.00844280615449149,"TMEM259"
2.16298446877007,0.851624928128949,0.246481442769021,3.45512797459162,0.000550031681014248,0.00845768791335453,"AC010624.5"
20.0434737055943,0.44208173724584,0.127971605957269,3.45452988527358,0.00055125311729656,0.00847242934567568,"NOP2"
6.63692552447057,0.603900861732551,0.174834273167486,3.45413316732259,0.000552064700107512,0.00848086053118948,"AC118553.1"
17.111401464872,0.834340502995027,0.241565919176835,3.45388333684711,0.000552576359953945,0.00848467844129283,"IGLJ2"
1809.93354353335,-0.276875448542882,0.0801768912587094,-3.45330735821971,0.000553757663986892,0.00849877005009868,"MPP5"
2336.34859336605,-0.292035618733542,0.0845770441064158,-3.45289459828011,0.000554605660890846,0.00850088671030329,"TAOK3"
35.7648800725085,0.299334538326726,0.0866916549388282,3.45286450625431,0.000554667530898829,0.00850088671030329,"STIMATE"
6.75576908177266,-1.10658232106799,0.320483260491253,-3.45285528913978,0.000554686482818363,0.00850088671030329,"AC005592.1"
2.92206433916119,-1.44714790053657,0.419150047645422,-3.45257720633919,0.000555258550970292,0.00850561139004136,"PPIAP59"
852.327028958828,-1.0456730925414,0.302906817362067,-3.45212795686766,0.000556183902033809,0.00851574070326693,"SLITRK6"
496.578184862591,-0.568957351146896,0.164841547463331,-3.4515409488828,0.000557395168746003,0.0085196592039491,"ANXA2P2"
258.251115260416,0.587138925829704,0.170101937239607,3.45168864833477,0.000557090165915665,0.0085196592039491,"DZIP1L"
30.1220475260931,0.443360210861077,0.128454661467955,3.4514918010327,0.000557496694691661,0.0085196592039491,"MUTYH"
5.22567037356045,0.666026185220057,0.192949996831908,3.45180718401502,0.000556845499403423,0.0085196592039491,"TEX38"
10479.5833686907,-0.237060942968681,0.0687085885493501,-3.45023741534744,0.000560093747659913,0.00855300373724749,"FAM120A"
6.20331881157286,-0.800201487311569,0.231930238131112,-3.45018180363015,0.00056020914538895,0.00855300373724749,"FCF1P7"
36.3333849207402,-2.60848206665868,0.756142957178213,-3.44972077289863,0.00056116666555377,0.0085614896642992,"NEUROD1"
1.50139183743916,1.69354731563273,0.490931866195567,3.44965856210704,0.000561295988535541,0.0085614896642992,"AC026402.2"
379.534212571667,0.335870581725875,0.097379093007495,3.44910361508526,0.000562450833947971,0.00857099581316272,"CDK20"
2.81672879138735,0.980571774075002,0.284293871893403,3.44914847282628,0.000562357402792005,0.00857099581316272,"RNU1-47P"
514.219797144643,0.507997260493741,0.147339298066694,3.44780562388585,0.000565160601610279,0.00860822087809327,"LTB4R"
6574.21988869471,0.378883353787778,0.109897480809833,3.44760726993733,0.000565575767064542,0.00861047715250055,"ATP6V0B"
67.5303881039627,0.456474258302399,0.132422585624795,3.44710274420837,0.000566633046805887,0.00862005627119386,"UCP3"
7.79173706702232,0.85519408141591,0.248094342054447,3.44705193328524,0.000566739627692076,0.00862005627119386,"RPL10P13"
4.26129036231239,0.889638847953287,0.258111998153554,3.44671636466907,0.000567443984645501,0.0086267002757634,"AC004917.1"
3.54960076820334,0.579902549835273,0.16828811589143,3.44589127261602,0.000569179316924369,0.0086490042762612,"MYG1"
1.94029364298902,0.974459822420378,0.28282217516141,3.44548592013424,0.000570033662752815,0.0086579064792579,"AC128687.3"
13.2638984345626,0.483597092722144,0.140390583801872,3.44465475978523,0.000571789203402381,0.00868048157425131,"AC005911.1"
33.3855639790057,0.508129739559671,0.147572253706846,3.44326068617936,0.000574745012796,0.008717146254754,"MYLK-AS1"
10.2611838176805,0.822606853205258,0.238902004574769,3.44328150226051,0.000574700772686497,0.008717146254754,"NPIPB13"
11.7895316096244,0.533101097917893,0.154877907800531,3.44207321424099,0.000577273985880027,0.00875138677701057,"AC099343.3"
2966.66971324517,0.285454133823816,0.0829776175793213,3.44013412473478,0.000581425972523417,0.00880323236451503,"ARFIP2"
915.265273970696,0.826023985524771,0.240108072183503,3.44021747379438,0.00058124693480678,0.00880323236451503,"CHI3L2"
70.6356317108562,0.617391573168329,0.179469408997479,3.44009364390899,0.000581512945771965,0.00880323236451503,"CORO6"
6.94647545164029,0.561153355239355,0.163127936376689,3.43995864658988,0.000581803075718559,0.0088034914014758,"FALEC"
3.71796365664212,0.658527619966297,0.191450520406653,3.43967526736173,0.000582412539572828,0.00880857989611907,"AL513218.2"
18.9892462704583,0.544741934256626,0.158410183565968,3.43880628122481,0.000584285176592587,0.00883275926827377,"AC073655.2"
2693.28052611269,-0.229696571497649,0.0668029405352041,-3.438420070395,0.00058511924641499,0.00883464577495911,"AP3B1"
1413.24612831649,0.511951236567628,0.148883450508588,3.43860405450569,0.000584721771931824,0.00883464577495911,"RGL3"
35.7697213507141,0.476838379068639,0.138681603612196,3.43836793524578,0.000585231923563736,0.00883464577495911,"FNBP1P1"
29.6420442651158,0.67197363355738,0.195482967478477,3.4375047720276,0.000587100374291085,0.00885870452457465,"PTPRVP"
4994.51864041705,-1.25973540837932,0.366488990660966,-3.43730764219513,0.00058752787065685,0.00886100850763804,"AZGP1"
35.7270513465491,0.384410800353169,0.111841816673214,3.43709367200608,0.000587992215034522,0.0088638658128977,"AC068338.2"
19.0210955510525,1.01188242870236,0.294463565859236,3.43635867394906,0.00058958986432009,0.00888379681074828,"VSX1"
5.75915397673329,-0.92809790493906,0.270178939900762,-3.43512305318821,0.000592284816491428,0.00892023536093699,"HSPE1P18"
81.9280509670441,-0.479226389946893,0.139519643142058,-3.43483096110667,0.000592923557806835,0.00892568633122381,"YWHAZP5"
2.69653058851704,-1.87459632379299,0.545798334013472,-3.43459517365753,0.000593439640898918,0.00892928661725879,"AGXT2"
1.42019582579708,-1.69494575540798,0.493522573305529,-3.43438344482508,0.000593903421641313,0.00893209693601872,"AP003086.3"
80.6430054303131,0.410904291353878,0.119661267540627,3.43389552692454,0.000594973464716971,0.0089402120335261,"CDNF"
3.99993727418656,0.720535186139497,0.209830928189635,3.43388456771403,0.000594997519737851,0.0089402120335261,"AL021707.1"
2566.73626551325,-0.72721434208174,0.211807690571035,-3.43337080972445,0.000596126214097587,0.00895299942877349,"F13A1"
10476.1219649451,-0.645717589808083,0.18813034853457,-3.43228827692002,0.000598510998209003,0.00898144329158605,"VCAN"
14.6831556640621,0.523510862126057,0.152527854740011,3.43223120143136,0.000598636979728229,0.00898144329158605,"AC129510.1"
3.01332775674584,1.33890525504009,0.390112596919362,3.43209951591705,0.000598927740553247,0.00898144329158605,"AL731769.2"
2.79498930998405,0.794229655552181,0.231418491706886,3.43200601513793,0.000599134269505399,0.00898144329158605,"LINC02390"
427.41198426354,0.500715967792106,0.14592662259816,3.43128593588392,0.000600727037071152,0.00899155449995312,"NUDT8"
3.93782557184779,-1.31487989009197,0.383190437558528,-3.43140058105218,0.000600473186061555,0.00899155449995312,"AC016831.4"
16.3118616350072,0.575290599642223,0.167664698470385,3.43119693585253,0.000600924172659295,0.00899155449995312,"ARL13A"
1.66028778527584,0.947793706930973,0.276202657277985,3.43151552657606,0.000600218770231277,0.00899155449995312,"CERNA3"
6.35558308041614,0.720175442801841,0.209909950443644,3.43087805642254,0.000601630986901828,0.0089937835756372,"AC090907.1"
3.98243054171066,-1.01974656701246,0.297216440914978,-3.43098976581909,0.0006013832887175,0.0089937835756372,"SERF1A"
402.436400220188,0.438008120719265,0.127671352964667,3.43074707479982,0.000601921539183844,0.00899395738229057,"FAM221A"
6.82973807695675,0.488688961213115,0.142456245736643,3.43044952986159,0.000602582058835705,0.00899965654801172,"AP003392.4"
84.3796746875019,0.392333569146995,0.114388161332241,3.42984417773322,0.000603927962169842,0.00900724197047482,"PRORSD1P"
10.8144908414772,0.504509285388858,0.147092033641296,3.42988857315802,0.00060382916107663,0.00900724197047482,"AC004951.4"
1.85672084419414,-1.33727336666699,0.389880814023028,-3.4299542797918,0.000603682959939753,0.00900724197047482,"AL132656.3"
1.9274955233205,1.20819757401526,0.352299960618839,3.42945702262634,0.000604790205726959,0.00901593166142663,"SPCS2P3"
2.60854975413425,0.655371292043075,0.191128618281155,3.4289542714059,0.000605911606430494,0.00902847493038414,"MIR765"
7.72464427715786,0.686891610445728,0.20033499479759,3.42871504371831,0.000606445889699019,0.00903226222325398,"OVOL3"
99.7737074030977,-0.608671183222669,0.177538661033585,-3.42838669436357,0.000607179928281056,0.00903901975411942,"PABPC4L"
56.8764602989012,0.659608575369643,0.192404393116988,3.42824072093085,0.000607506523367026,0.0090397082814812,"AC084125.2"
3.6096901505608,0.746956225243124,0.217894622713484,3.42806176646828,0.000607907131946779,0.0090414969878339,"ARL4AP5"
1978.34801856358,-1.30645700869249,0.381179610069354,-3.42740528134437,0.000609378849789078,0.00905503272416996,"CLDN2"
6.20577207729083,-0.727260175718635,0.212186555883041,-3.42745643187455,0.000609264060790682,0.00905503272416996,"RPL10P1"
408.265568497784,0.633907825254671,0.184976574533819,3.426962721373,0.000610372857444485,0.0090614515599896,"CAPN12"
2.00901665132149,-2.42999092769013,0.709060919107816,-3.42705522502593,0.000610164965839523,0.0090614515599896,"RN7SL151P"
1060.65517043839,-0.291338352175379,0.0850217291071642,-3.42663405266865,0.000611112036841388,0.00906825017393031,"ARSB"
6.69962342786428,1.2157315145413,0.35482667466182,3.42626865835269,0.000611934790330338,0.00907628211324828,"LINC01513"
3.70741163604512,-1.00118281153721,0.292242136921717,-3.4258674059908,0.000612839472310311,0.009085521280297,"AC010359.3"
6.9314007695122,0.518291846035951,0.151321476213043,3.42510434742427,0.000614563334010271,0.00910121816432211,"AL662797.1"
4.28860950712061,0.768797251550946,0.224456525377378,3.42514992717797,0.00061446023605132,0.00910121816432211,"AC078909.2"
1.22492830970511,-1.8843891695517,0.550182756931234,-3.4250240412155,0.0006147450197517,0.00910121816432211,"MRGPRX3"
178.203016336693,0.422321172381234,0.123331809611305,3.42426802713938,0.000616457886912008,0.00912238851008615,"RPL17"
1063.43387527901,-0.803282251967211,0.234599451243546,-3.4240585291621,0.000616933322281974,0.00912523622797351,"VILL"
2.29959138162642,0.84227111965328,0.246066073281135,3.42294696876384,0.000619461613671592,0.00915843178947295,"AC005740.1"
47.0557443502034,-0.626474673282154,0.183081541360622,-3.42183416540155,0.00062200238641728,0.00919178137031402,"TAGLN2P1"
44.5698979286627,-0.799351894939816,0.233617817353613,-3.42162213479585,0.000622487596913963,0.00919473777484688,"RPS18P12"
55.9640003632971,0.527462118436136,0.154218137767728,3.42023400146719,0.000625672909022737,0.0092333986711581,"ZBTB32"
15.6051292306658,0.579177535466821,0.169338672405612,3.42023193662186,0.000625677658442563,0.0092333986711581,"AP003419.3"
3.42786851660938,0.725405796774057,0.212152127426144,3.41927184787054,0.000627889627920872,0.00926180286015942,"AC032011.1"
32.625718000081,0.787854015804104,0.230443807970206,3.41885522003683,0.000628851767581239,0.00927175365599316,"LINC00327"
3.99028247752083,-2.14431137163137,0.627316310109799,-3.4182299058286,0.000630298411667496,0.00928883559607789,"AC078899.4"
2.81085554216529,0.75564475479718,0.221098165888032,3.41768893361083,0.000631552430430021,0.00930306446743537,"FOCAD-AS1"
196.118809911562,0.395837841498326,0.115850490137238,3.41679902285618,0.000633620368435789,0.00932926428320184,"RPS17"
206.860184370576,0.449764330371709,0.131645683804397,3.41647608470006,0.000634372355200409,0.00933607329686772,"PPP1R3F"
1106.97931923331,-0.226195592535811,0.0662142159868962,-3.41611826349459,0.000635206539389319,0.00933982437875449,"RBM27"
4.6126842069272,0.593529335098248,0.173743126570256,3.41613131301769,0.000635176099276734,0.00933982437875449,"AC005775.1"
381.067630728773,0.34671399579404,0.101497786866959,3.4159759192435,0.000635538668405779,0.00934044866123261,"DYNLRB1"
325.421978770979,-1.2407524818514,0.363289932801506,-3.41532305143541,0.000637064062508051,0.00935860168363194,"AMBP"
4.55907266521603,-0.961831593822283,0.281641018277466,-3.41509770027429,0.000637591374767039,0.00936208282302513,"AIDAP1"
73.7309661036651,-1.72747116339307,0.506025226732469,-3.41380443530015,0.000640625419517512,0.00939873357112857,"LINC00973"
59.5990480871912,0.504802032438588,0.147871639843161,3.41378531389794,0.000640670379573285,0.00939873357112857,"AL080317.2"
5389.49745409818,-0.387386061742379,0.11350013288275,-3.41308905904599,0.000642309480554618,0.00940924892465759,"APOL6"
4.08471302032664,-1.47863601974197,0.433238337014943,-3.41298517100294,0.000642554384620747,0.00940924892465759,"AL121762.1"
4.10829065761842,0.545134179290801,0.159713311170247,3.41320441794431,0.00064203763700202,0.00940924892465759,"AL121944.1"
3.95089038717583,0.682517455400806,0.19995757652121,3.41331129970167,0.000641785865364088,0.00940924892465759,"AC015853.1"
5.46057207224195,0.579144938107607,0.169700757534756,3.4127422088201,0.000643127479034797,0.0094133661195992,"AC022211.4"
3.26861264685421,0.717726216661101,0.210388697586805,3.41142953444527,0.00064623202120839,0.00945451521046485,"AC004948.1"
393.334640713757,0.510654138581613,0.149698632122625,3.4112144602852,0.000646742009598621,0.00945768530589912,"SH3BP5-AS1"
464.058982057696,0.389186915532697,0.114099389905224,3.41094650774182,0.000647377908004766,0.00946269294814763,"KLHL25"
2194.60133725265,0.353108768671293,0.1035653435057,3.40952636005943,0.000650757886746126,0.00950778797377836,"ARRDC1"
2.26275089056202,-1.0876378164661,0.319054541005598,-3.40894009230546,0.000652157995349546,0.00952392869567306,"PPM1AP1"
2510.62995150257,-0.313962547820469,0.0921195845935694,-3.40820629191576,0.000653914384926903,0.00952624984529594,"MRPS10"
771.606758819708,-0.348069270192959,0.102113350794243,-3.40865584652408,0.000652837831256154,0.00952624984529594,"MFAP3"
360.250844357465,-0.95688461294583,0.280726579698427,-3.4085999764389,0.000652971534252707,0.00952624984529594,"C8orf34-AS1"
73.0334871617416,1.05920326251896,0.310762168093987,3.40840479076144,0.000653438834038507,0.00952624984529594,"CROCC2"
15.1871291242292,0.552116290436868,0.161995416085973,3.40822168785228,0.000653877488812747,0.00952624984529594,"AC233723.1"
9.26962409953926,-0.511196788880064,0.149993194684285,-3.40813321535063,0.000654089538144991,0.00952624984529594,"AC006971.1"
7.94187534040209,-0.936696478776936,0.274999268428991,-3.40617807504752,0.000658791937022055,0.00958735581448825,"RN7SL674P"
11.3083577468438,0.545213203590142,0.160067683485398,3.40614165032181,0.000658879841367839,0.00958735581448825,"AC008764.9"
17.5745717070798,0.535053837327928,0.157143608196714,3.40487178236447,0.000661951260046962,0.00962770337402538,"AL035461.2"
12.6273942720852,0.507598753489334,0.149113318725907,3.4041141182189,0.00066379015161994,0.00964760131709448,"AC026254.2"
6.2549846930574,-0.969129484096823,0.284697984684866,-3.40406162400328,0.000663917733683754,0.00964760131709448,"AP005900.1"
3653.24217596354,0.326401776203188,0.0958959764240587,3.40370668691892,0.000664780972047512,0.00965266304366133,"RHOT2"
46.4344204782017,0.593453535212926,0.174363138577332,3.403549282578,0.000665164127245014,0.00965266304366133,"LINC02352"
2.45502354233769,-1.24552733167769,0.365946926538961,-3.40357369156666,0.000665104697195608,0.00965266304366133,"BTF3P12"
22.4645442780976,-0.610481397633232,0.179397150699632,-3.40296038845885,0.000666599440994778,0.00966799666781913,"EEF1A1P10"
4.6808617562321,0.751257206406478,0.220771655932722,3.40286982598625,0.00066682042453806,0.00966799666781913,"HAPLN2"
3.84872254877614,-2.24093856642853,0.658603887372799,-3.40255897268954,0.000667579462971721,0.00967465158810029,"AC073348.2"
10.1663569513655,-1.09780011116657,0.322685909556982,-3.40207018234464,0.000668774611137066,0.00968761785090507,"LINC02594"
3.60507759354037,-0.787170979094804,0.231389788699238,-3.40192617625826,0.000669127101645243,0.00968837152786298,"AL807761.2"
72.4561238727144,-0.664433484058091,0.195328031830527,-3.4016289307342,0.000669855229881316,0.00969456099080927,"RNASE2"
50.7426938279774,0.745597222705787,0.21924589462152,3.40073516082432,0.000672049035399605,0.00972194757580092,"PTGER1"
9.2466766989673,0.544051927298578,0.160024678041949,3.39980016804632,0.000674351172216285,0.00975087603054444,"AF196972.1"
5.68457328723362,0.641462543020498,0.188687632252642,3.39960036258029,0.000674844082521228,0.00975362951183192,"LINC02235"
85.5123108590486,0.347942447105981,0.102359563758698,3.39921776069913,0.000675788877528398,0.00976290876160537,"ZNRD2-AS1"
241.048014846716,0.360114085003038,0.105970841824091,3.39823746612128,0.000678215226122028,0.00978043379530626,"KPTN"
31.3279316768316,0.482702502790582,0.142035540743946,3.39846280911321,0.000677656758988081,0.00978043379530626,"MED8-AS1"
26.7656878424545,0.757288789533048,0.222839528284776,3.39835932772788,0.000677913163617585,0.00978043379530626,"TMEM155"
7.34407296100576,0.523780402056502,0.15412957687815,3.39831207394144,0.000678030278335159,0.00978043379530626,"AC233728.1"
308.392067120908,0.430120039526538,0.126582142337122,3.39795196688183,0.000678923392792445,0.00978626946830236,"TRIM45"
3156.98108707046,-0.191669638817627,0.0564175753644416,-3.3973391727577,0.000680445719865269,0.00979890579692861,"SPOP"
9.55369496356698,-1.50994398772905,0.444435976514668,-3.39743870325317,0.00068019824668415,0.00979890579692861,"AC025419.1"
2.78512197385837,0.816559905210829,0.240360343072394,3.39723223379195,0.000680711706779969,0.00979890579692861,"AP001056.1"
4.0484912903106,-1.01465172161456,0.298809367312161,-3.39564897426583,0.000684661038388722,0.00985135884999748,"AC087501.1"
1427.09863652583,-0.43574624562303,0.128331383852547,-3.39547687044117,0.000685091620519644,0.00985315758414627,"GNB4"
197.637872842701,-0.767005760502209,0.225957909919313,-3.39446298107509,0.000687633357687375,0.0098853043328709,"ACY3"
189.419497422143,0.528452113659129,0.155695741037358,3.39413339207738,0.00068846149609635,0.00989279899359484,"LINC00865"
1219.7056123029,-0.278186271361372,0.0819892160545284,-3.39296171799422,0.000691413002219155,0.00993078496951298,"PPP2R5D"
56.9234678101801,-2.66819318729803,0.786439117911601,-3.39275237781082,0.000691941577412589,0.00993395198738599,"MAGEA10"
1.77194182397222,-2.16451147983405,0.638063792523321,-3.39231203086161,0.000693054661133793,0.0099455040268176,"AL121612.2"
11.6699650104372,2.00290203303421,0.590535497256933,3.39167085185868,0.000694678372558582,0.00996437016154425,"STRA8"
396.62151429171,0.367569260783902,0.108416374764591,3.39034819769634,0.000698039015609599,0.0100081227471461,"ZNF789"
98.7561027852937,0.723565049122963,0.213447118105251,3.38990310830139,0.000699173306752284,0.01001993034499,"SPAG8"
176.500231640506,0.57693010117824,0.170214674529193,3.38942633926249,0.000700390232081062,0.0100240048972276,"LINC01270"
9.07103037315717,-2.76198626836375,0.814854933499364,-3.38954353077609,0.000700090925221012,0.0100240048972276,"MUC17"
34.9384522179647,0.610351063502705,0.180062975095713,3.38965333199828,0.000699810601010319,0.0100240048972276,"AL157935.1"
283.548633934525,-1.17078898185037,0.345458333096801,-3.38908884135183,0.000701252865468499,0.0100297155910672,"GABRP"
290.298769231847,0.512224806626811,0.151142149217389,3.38902688150923,0.000701411339986244,0.0100297155910672,"TMEM91"
3294.68075340552,-0.404923174541456,0.119493534469794,-3.38866179110147,0.000702345806723527,0.0100386261249114,"CADPS2"
4.48312980311017,0.600185267344533,0.177169630901914,3.38763062432982,0.000704991380518049,0.0100719747739497,"AC099667.1"
6190.61826271947,-0.456610438990835,0.134799122047067,-3.38733985842582,0.000705739044999226,0.0100781911009743,"EPS8"
107.357169867872,0.798340090585039,0.23570652559558,3.38700886013998,0.00070659105826826,0.0100858914005578,"CCDC151"
1174.15264602996,-0.870404132272796,0.257021937033138,-3.38649744189179,0.00070790936489371,0.0100977870272797,"HSD17B6"
2.35973595638163,-1.31915166927826,0.389539055373075,-3.38644264569279,0.000708050751083251,0.0100977870272797,"LINC02538"
6.98790478314914,0.551007702763704,0.162723292227893,3.3861636844959,0.000708770938940041,0.0101035892688425,"PTMAP3"
2.63532392687021,-0.94230081546114,0.278308061223743,-3.38581933745565,0.000709660870631521,0.0101118050258566,"CLEC12A-AS1"
1070.20083190949,0.203031552878205,0.059973697477167,3.38534326577917,0.000710892942003143,0.0101248864465068,"ZNF394"
457.996266444691,-0.413476049332059,0.122143955933541,-3.38515357695664,0.000711384409328649,0.0101274129266235,"ZNF615"
469.496310595628,0.460267832825707,0.135981127697997,3.38479199737132,0.000712322105296872,0.0101362869749769,"MAPK11"
41.2293671790944,-0.693713083249819,0.204965160438661,-3.38454145946146,0.000712972506734317,0.0101410668194301,"LIPC"
3.12841956815202,0.692942618239948,0.204767443423366,3.38404683212877,0.000714258189531692,0.0101548744803569,"AC021755.2"
3.05556048174268,0.646885910895255,0.191171125709109,3.38380552238612,0.000714886206454113,0.0101593238109797,"AL590369.1"
2.38797297886326,-1.53040847117566,0.452379541263914,-3.38301875212972,0.000716937368233122,0.0101839847747476,"LARGE-AS1"
1.63379370313836,-1.60054091523318,0.47313727370977,-3.38282567062129,0.000717441579329122,0.010186659500426,"EEF1A1P32"
5.40063246609463,0.724677915422699,0.214244794959422,3.38247617898933,0.000718355076207354,0.0101951405952052,"AC069148.1"
7733.58884744983,0.327792788051709,0.0969177238662597,3.38217588048232,0.000719140855758001,0.0102018024170333,"INPPL1"
3.87090756474492,0.479555238490361,0.141796865290049,3.38198758843801,0.000719633959556806,0.0102043082787639,"AP001267.1"
10.157736947027,0.531977761924766,0.157342016028279,3.38102800099595,0.000722151833844893,0.0102355102779466,"AC090018.2"
47.8415579486144,0.517051148247612,0.152944519439167,3.38064515252714,0.000723158677153839,0.0102452774801518,"AURKC"
210.808522501568,0.772016616637864,0.228375012540711,3.38047761026501,0.000723599702321122,0.0102470234525009,"SYNGR3"
2044.57907131661,-0.81307763170678,0.240530511071436,-3.38035132459891,0.000723932291981653,0.0102472329916367,"FNDC1"
3.92073808652066,-1.53801747753874,0.455105141154272,-3.37947726461166,0.000726238138053172,0.0102753614574482,"DGKK"
5.17914949490728,0.618641343396227,0.183084142346658,3.37900014423351,0.000727499699830971,0.0102886964127411,"AP000692.2"
1803.34985719306,0.393295182429364,0.116422215790389,3.37817984101477,0.000729673436863285,0.0103149144987534,"C9orf16"
228.567721000643,0.356419707524442,0.105515571911309,3.37788727358679,0.000730450175383922,0.0103213698094893,"GDPGP1"
7979.20970820529,-0.363566342070052,0.107674347580019,-3.37653628966608,0.000734046880446008,0.0103594883753978,"SMIM14"
22.3489846941223,0.486411273663423,0.144054149616297,3.37658633894982,0.000733913342060631,0.0103594883753978,"AC107081.3"
1.96995068650005,-2.4649295364141,0.730022440397303,-3.37651200841525,0.000734111674299394,0.0103594883753978,"RN7SL296P"
50.5146334613677,0.680673360788626,0.201599810277091,3.37635913373662,0.000734519738226226,0.0103607125805357,"KRTAP5-1"
1078.16149953691,-0.26791122856315,0.0793609599549474,-3.37585670227832,0.000735862348452064,0.0103751121232343,"ABHD13"
9.88738476688146,0.73229419686187,0.216931799985736,3.37568856622228,0.000736312154735353,0.010376916708672,"AL139128.1"
2.64131644860684,-1.25445526505108,0.371649743628277,-3.37536964994056,0.000737166037767096,0.0103844119212757,"SLC25A39P1"
3589.09657029946,-0.339212939112243,0.10051691892724,-3.37468500559379,0.000739002247685573,0.0104057325225421,"EDEM3"
83.6582285511814,0.585586208470263,0.173559635197513,3.37397694921322,0.000740905716314332,0.0104279811534507,"MIR1915HG"
92.1792008702492,1.01245844350998,0.300163338679097,3.37302499354326,0.000743472036673033,0.0104595356991806,"KISS1R"
22.1134059461426,0.726983429566753,0.215542407846545,3.37280926213058,0.000744054760372397,0.0104631686647222,"AC006042.2"
51.1583622013144,0.638703242294031,0.189424868311871,3.37180248816362,0.000746779824697438,0.0104969117032994,"AC130650.2"
121.831424445092,0.408134156001217,0.121055248062281,3.37147015543876,0.0007476813921669,0.0105050050067197,"AL355001.2"
25.9511850621492,0.565612955923163,0.167773901158806,3.37128094427382,0.00074819514437248,0.0105065780403934,"TAS2R5"
18.8177700381914,0.413796170473503,0.122749241729984,3.37106905624515,0.000748770858639292,0.0105065780403934,"AL162274.2"
1.77071705506571,-1.50897963675076,0.447625390524503,-3.37107695115914,0.000748749400241316,0.0105065780403934,"Z99127.1"
2136.26923579716,-0.286949564043474,0.085128248966227,-3.37079133575643,0.000749526067190685,0.0105080295811146,"SLC25A46"
6.70551168210585,0.566821673714846,0.168152749349095,3.37087366046029,0.000749302126936215,0.0105080295811146,"GTF2H4"
13.6930178914311,-0.672505797090392,0.199521372528743,-3.37059528293647,0.000750059621766193,0.0105109398104524,"ST13P6"
3753.75501509085,-0.205666384151459,0.0610244739246089,-3.37022789259181,0.00075106041854585,0.0105203923527415,"OSBP"
26.141228598672,-0.853176294044153,0.253173075637293,-3.36993296738414,0.000751864712407885,0.0105270853893149,"AC026369.3"
6.36968247408457,0.823568020829559,0.244406976513379,3.36965839755592,0.00075261421374384,0.0105330057821919,"PPM1K-DT"
2.53452153065231,0.856930304984475,0.254327117882792,3.3694020209807,0.000753314678743464,0.0105382350612074,"AL390760.1"
2.26560944646288,0.673018895855313,0.199760705556818,3.36912554438233,0.000754070738883128,0.0105442371965683,"AP001107.6"
3.32458072373222,-2.08513734524592,0.618969944230731,-3.36872147780515,0.000755176977431295,0.0105551285813923,"Z84468.2"
2046.13985946184,0.278249929028195,0.0826179716159682,3.36791043868251,0.000757401959878249,0.0105816404663233,"TXNL4A"
6040.68283370307,-0.231362517014103,0.0687325996281622,-3.36612492857473,0.000762321747717972,0.010645762128699,"ESYT1"
13.1289505859939,0.545390547083022,0.16204402392946,3.36569367914757,0.00076351445129835,0.0106578023732101,"TNK2-AS1"
18.1108865186359,-0.928609678666596,0.276034369522286,-3.36410889801033,0.000767912368122073,0.0107145540069651,"PRRT4"
12.1534351812081,-0.830950760332819,0.247038383425686,-3.36365041257966,0.000769189087861716,0.010727725838279,"AC105235.1"
15.7944705442341,-1.19895274097373,0.3565905628305,-3.36226716561659,0.000773052892852892,0.0107769522395337,"LRRC52"
443.388633721787,0.366828680500544,0.109113209183997,3.36190900482051,0.000774056271139131,0.0107862767773904,"PRR5"
15.7876513661095,-1.14699566957405,0.341230262845839,-3.36135388464134,0.000775613815454055,0.0108033120860976,"SERPINB2"
6845.76962260171,-0.221573259331836,0.0659248643117892,-3.36099682031825,0.000776617195924251,0.0108126172204566,"VPS35"
2.96516872688865,0.758035605589038,0.225559106674665,3.36069607990773,0.000777463236232067,0.0108197246665097,"RPEL1"
2.56055573533797,-0.922405817255001,0.274486330786397,-3.36047997221694,0.000778071716727162,0.0108235213571473,"SEPHS1P6"
3.86360472752126,-1.00134181187259,0.298114328928734,-3.35891875935949,0.000782480673265273,0.0108801592537468,"RPL7P21"
18.1302008344825,0.5593049747866,0.166520193413108,3.35878167880252,0.000782868902236425,0.0108808654106093,"AC006111.2"
42.795103612865,-0.455589920151528,0.135656702391718,-3.35840332338303,0.000783941379241971,0.0108910770244107,"ACTBP2"
29.4454975840905,0.635550320748511,0.189257276200197,3.35812885775775,0.000784720226083507,0.0108972022782354,"ATP2C2-AS1"
87.5288243820292,0.398969920402654,0.118859504505918,3.35665138485235,0.000788925181871896,0.0109389483189013,"AC138207.4"
52.0828542606146,0.986762161580888,0.293989030172043,3.35645912027205,0.000789473910933001,0.0109389483189013,"AC093904.4"
9.04436055999207,0.739471905755079,0.220319717314545,3.35635827228007,0.000789761875838182,0.0109389483189013,"AL021407.2"
4.53075693701651,-1.70507205527679,0.508009718132668,-3.35637684559315,0.000789708833623441,0.0109389483189013,"LINC02840"
2.64819468000319,1.45351737336842,0.43305465102556,3.3564294250765,0.000789558693514558,0.0109389483189013,"SNORD3B-1"
3.28855973886025,0.81012708935728,0.241352461595966,3.35661415674089,0.000789031404409865,0.0109389483189013,"AC009495.2"
12.0789583753043,0.862101030374541,0.256911031413574,3.3556403772586,0.000791814597356302,0.0109579663913107,"AC010976.2"
8.63856369583897,0.597367411592154,0.178018302179263,3.35565166210051,0.000791782291638905,0.0109579663913107,"AP001885.3"
340.778158096446,-0.685165055499934,0.204195064309071,-3.35544376558908,0.000792377644414231,0.0109610541158888,"CCT8P1"
4.24735174776995,-0.661409705195513,0.197150345213829,-3.35484933834708,0.000794082197453346,0.010979923008955,"AC111152.2"
277.465956782359,-0.730448864117347,0.217766366174501,-3.35427769195552,0.00079572463459711,0.0109979172064226,"TMSB4XP8"
2594.04582894042,-0.249685185209444,0.074446007414623,-3.35390968408603,0.00079678365125213,0.0110078358331726,"WASHC5"
765.169277156643,0.296533322605707,0.0884243008814161,3.35352747660829,0.000797884914742521,0.0110183293686821,"NEURL4"
60.1603674332478,0.936640010934791,0.279379155452795,3.35257657077802,0.00080063091426188,0.0110515170506739,"DCHS2"
93.0298462647773,0.546666226978371,0.163108570259456,3.35154815046684,0.000803610628161816,0.0110836111100236,"AC055839.2"
10.3545501154533,0.4244361877502,0.126639272485889,3.35153684491905,0.000803643441626147,0.0110836111100236,"AL357140.2"
151.98567562278,0.384060899268491,0.114620597760049,3.35071450309916,0.000806033561310948,0.011111822225084,"RELA-DT"
2.58627186029407,0.777826593364833,0.232148091930493,3.35056207826908,0.000806477304954251,0.0111131883325854,"AC128687.2"
10.1147967009725,-0.64155802259622,0.191487752193953,-3.35038672314877,0.000806988084337287,0.0111154766251413,"UBQLN4P1"
5708.04225915913,-0.286664449285882,0.0855745252280676,-3.34988068612573,0.000808463766950907,0.0111310478929684,"DTX3L"
28.6151775274219,1.37603265514751,0.410844251970718,3.34928053282241,0.000810217152992132,0.0111504276987756,"ALOX15P2"
6.50757925200511,-2.1776697906877,0.650343425607785,-3.34849205041557,0.000812526117845856,0.0111774337329094,"SLC18A3"
5329.23681240072,-0.336170745658855,0.10040422153616,-3.34817341856273,0.00081346091942236,0.01118552125662,"EIF3L"
299.707400179286,0.409458028468356,0.122301212992782,3.34794740337138,0.000814124607253898,0.011189875516156,"AL035071.1"
73.0914405279722,-1.57852761797292,0.471612376743163,-3.3470869209876,0.000816655992117855,0.0112198860101577,"MUC2"
1541.67144527146,0.219196322607097,0.0655073122353513,3.34613518899355,0.000819464321363247,0.011242261123,"PPP2R2D"
130.162914689815,0.965198834956737,0.288455644014848,3.34609100214747,0.000819594923378547,0.011242261123,"ROPN1L"
4.18615526432113,-0.910289159933303,0.272047865916339,-3.34606249112513,0.000819679202982569,0.011242261123,"RPL7AP15"
4.50480968275333,0.813291899430269,0.243054546101617,3.34612914045329,0.000819482197749862,0.011242261123,"LINC02043"
173.127306748804,-0.557080768706387,0.166496078497513,-3.34590924743436,0.00082013233459664,0.0112436935072571,"FLVCR1-DT"
2172.81188501188,-0.26272302209387,0.0785341072692921,-3.34533658341588,0.000821827722608335,0.0112525838282402,"MMUT"
183.088939374638,-1.44712045304261,0.43255498427943,-3.34551792404678,0.000821290507071234,0.0112525838282402,"KLK7"
3.84695604356956,0.823611842835899,0.246196599013667,3.34534208082288,0.000821811431933787,0.0112525838282402,"TUBB7P"
6.50831857088503,0.669789283591549,0.200239388212112,3.34494271867254,0.000822995656905122,0.0112637924265304,"AL109840.2"
3.78312889803362,-1.35646667489356,0.405556178754018,-3.34470720939576,0.000823694752319651,0.0112685775513564,"SNORA74B"
2394.42280849317,-0.210875924423989,0.0630532897282294,-3.34440796559388,0.00082458383467407,0.0112759566365841,"OXSR1"
18.3877042982312,0.511511003356694,0.152955078740336,3.34419103680148,0.000825228907696538,0.0112799941198283,"AC138696.2"
121.424345729186,0.449802913277042,0.134547622637286,3.34307588986259,0.000828552373865903,0.0113206234302144,"MC1R"
89.3377214248857,-0.383774217911675,0.114808597686067,-3.34273064601893,0.000829583816594034,0.0113216788883489,"AC021016.1"
7.36182100778165,1.67808107482264,0.501983041071554,3.34290391810954,0.000829066004001924,0.0113216788883489,"PAGE5"
24.2133051756567,0.528342222837513,0.158069744595764,3.34246268435909,0.000830385193702752,0.0113216788883489,"C1orf229"
2.50223536051744,-1.78619349306661,0.534392173348944,-3.3424768964576,0.000830342672391733,0.0113216788883489,"MOGAT3"
2.45750393627045,0.649240012298241,0.194232602519399,3.34259029574295,0.000830003464353746,0.0113216788883489,"AC015802.5"
237818.7952592,0.480169425845042,0.143679676319458,3.34194395578557,0.000831938565640301,0.0113362754339912,"MT-CO3"
1929.07833366678,-1.1706876528064,0.350321397932168,-3.34175320067968,0.000832510473800315,0.0113362754339912,"TRIM29"
8.06958133886633,0.583947086553012,0.174740562872792,3.34179469810975,0.00083238602817676,0.0113362754339912,"ADORA2A"
2662.28472369234,0.361529419664674,0.108212296349519,3.34092734246167,0.000834990712091958,0.0113468784574515,"MBD6"
2077.66419152875,-0.28827040664087,0.0862789712983916,-3.3411432971761,0.000834341490449485,0.0113468784574515,"RTL6"
9.82843274281231,0.527830958744608,0.157990266298751,3.34090808953071,0.000835048614654441,0.0113468784574515,"AC007879.3"
4.43361056136077,0.560719657976364,0.167813395511049,3.34132836218932,0.000833785504684017,0.0113468784574515,"RPL28P2"
2.61650060207574,0.657000205312591,0.196647246258825,3.34100892746727,0.000834745389172828,0.0113468784574515,"AL136968.1"
21.7656005107586,0.508439431088336,0.152244478403188,3.33962476945692,0.0008389165669361,0.0113946355100483,"IDH1-AS1"
3.86443305166775,-0.856448670386271,0.256472304450785,-3.33934173602209,0.000839771869085376,0.0114014500710139,"RPL9P28"
5.07153391600728,-0.866400651013276,0.259550666614242,-3.33807908226631,0.000843597359468647,0.0114485677003647,"RPL10P12"
50.0917552019955,0.849475570780758,0.254505542545591,3.33774880611327,0.000844600668005755,0.0114573616070028,"DEUP1"
58.3096204581846,0.461063613608391,0.138181974460517,3.33664079854448,0.000847974648793409,0.011498293755401,"AC020910.5"
408.394159502137,-0.713775371715151,0.213950902186956,-3.33616434620796,0.000849429327957444,0.0115131772509406,"HNF4G"
2.93832821762397,1.40705743820862,0.42187658784766,3.33523470782575,0.000852274316439116,0.0115468845939409,"AL359764.1"
8.34910782302775,-0.841483518303306,0.252338837140941,-3.33473645134263,0.000853802774333318,0.0115627343378319,"AC027277.2"
30.4266343458614,-0.631350359043205,0.189342493674504,-3.33443563983345,0.000854726777750623,0.0115703883075436,"AL122020.1"
7.93242641180942,0.931817982700491,0.279467243667237,3.33426547767441,0.000855249875827162,0.0115726110977956,"AC246787.2"
10082.2267616903,-0.247120166710768,0.074118721544972,-3.33411264468218,0.000855719955106312,0.0115741149129207,"SSR1"
3.19812531929864,0.937538202531555,0.281275242759239,3.33317000577279,0.000858624596887511,0.0116085325478565,"AL121935.1"
5.47430488547359,1.25824084783768,0.377518036927683,3.3329290914879,0.000859368414239322,0.0116137194120482,"AC005996.1"
83.058930349133,0.857352194829283,0.25724586072723,3.33281240135628,0.000859728907116968,0.0116137237578495,"AC110619.1"
16.0697300429967,0.514751470944693,0.154463815477571,3.33250521718103,0.000860678567171946,0.0116216835839445,"AC092053.4"
1851.71996041444,0.396490004672358,0.119004980411436,3.33170933940389,0.000863143550600346,0.0116500894889528,"NOL3"
5.9318359605039,0.846780032424134,0.254166741934584,3.33159258358858,0.000863505715478513,0.0116501011697091,"RPS2P15"
1277.59735198242,0.323580247981012,0.0971543300639118,3.33057978752104,0.000866653225464767,0.0116801708605098,"PICK1"
127.081184838413,0.675415905252182,0.202795575723761,3.33052584032801,0.000866821177522092,0.0116801708605098,"CNFN"
4.57395951345294,-0.842826928259326,0.253044634369096,-3.33074412093624,0.000866141797474199,0.0116801708605098,"RYKP1"
121.033900870651,0.792624464461889,0.238038221639856,3.32982013981394,0.000869020993545821,0.0117049214439787,"IGKJ1"
13.2024204730482,-0.428578325705801,0.128730178756938,-3.32927624154877,0.000870719969027335,0.0117229083095142,"HNRNPA1P38"
2633.774137887,0.504411186927435,0.151562609739707,3.32807140094585,0.000874494503702934,0.0117688127178218,"DUSP23"
6711.45727402442,0.238226244542335,0.0715893936786956,3.32767512477521,0.000875739272559411,0.0117806478279842,"U2AF2"
268.113419860363,0.361295900775666,0.108580393656529,3.32745064379256,0.000876445133017721,0.0117852265697066,"NRSN2-AS1"
4.50468861906036,1.26961531671526,0.381590250647372,3.32716916787404,0.000877330954330596,0.0117922203511422,"AL732437.2"
2539.90484953082,-0.362009604336351,0.108811089749431,-3.32695504814795,0.00087800535752044,0.0117963678138527,"ITPRIPL2"
1717.75474798659,0.354355680312112,0.106529106472558,3.32637428441581,0.000879836983168474,0.011816053112148,"MRPL55"
50.9180017816233,0.882384894073088,0.265284348131852,3.32618528114039,0.0008804338295064,0.0118191460584654,"PLEKHD1"
578.778549112905,-1.42599021418694,0.428910925851069,-3.32467682271653,0.000885210803342843,0.0118733870024085,"COL25A1"
8.6544469202295,0.927909303177775,0.279088385995354,3.32478651832263,0.000884862611742649,0.0118733870024085,"SHISA8"
76.1739108479491,0.414864127399321,0.124816298296458,3.32379771761822,0.00088800581621808,0.0119009757040532,"AL356488.3"
67.2954898347464,0.772789104797603,0.232501366560622,3.3238045703964,0.00088798399700212,0.0119009757040532,"CCDC74B"
9089.14269305272,-0.456372986887024,0.137340005526654,-3.3229428318208,0.000890731670430751,0.0119325478658245,"ARRDC3"
20.2354544634289,-0.977827979643981,0.294387885849875,-3.32156323899357,0.000895146947151916,0.0119867164912432,"LINC01844"
8.47727857353155,-4.13623200094732,1.24531537586401,-3.32143333416852,0.000895563740515033,0.0119873195570391,"TRIM48"
16.7254904554173,1.08748814148918,0.327434470885123,3.32123902089316,0.000896187521061466,0.0119906915421689,"IGKV2OR22-3"
6286.65826236615,-1.11250960454101,0.334984296963784,-3.32107986739833,0.000896698732369312,0.0119925552157812,"KRT17"
7.13820107556423,0.635855582211621,0.19147682773377,3.32079651484365,0.000897609548116869,0.011999759485501,"AL031705.1"
47.4318377817631,-0.601414253392268,0.181127905039669,-3.32038430666192,0.000898936091895987,0.0120125131716478,"PXDNL"
4.47469444930254,0.600553382528142,0.180904832339388,3.31971995862149,0.000901077881877487,0.01203614594082,"AL353719.1"
778.820793835503,0.520126977927484,0.156700523745865,3.31924211543173,0.000902621322645127,0.0120501222948598,"SPAG4"
1.65229376658357,1.58733273278682,0.478232591225587,3.3191646949843,0.000902871622402892,0.0120501222948598,"AC116348.2"
10.7308557557002,-1.01023360689201,0.304379339348851,-3.31899533343221,0.000903419391399585,0.0120524444665617,"MTCO2P22"
285.543931500125,0.367334656564036,0.110699833517805,3.3182945709214,0.000905689155115734,0.0120777282079019,"TIGD1"
6.91654058619898,0.515483492008898,0.155371554252279,3.31774689704076,0.000907466744163019,0.0120964304115488,"AL022238.2"
2794.94458711274,-0.258763197800517,0.0780053085361659,-3.31725112888369,0.000909078650101391,0.0121129095340989,"FBXW11"
61.231174436881,0.563798258241642,0.169981278348731,3.3168256158479,0.00091046424908446,0.0121235860388445,"C3orf35"
19.8330656366617,-1.29430282160521,0.39025654479042,-3.31654353753449,0.000911383859766136,0.0121235860388445,"MANCR"
3.45438645738596,0.757788599906951,0.228481853043214,3.31662488645708,0.000911118563788124,0.0121235860388445,"UST-AS2"
3.65712752024788,1.38987622717096,0.41905048465206,3.31672740654382,0.000910784326111038,0.0121235860388445,"AC005796.1"
940.343724832141,-0.381847217826042,0.115140088075581,-3.31637072898006,0.000911947662450758,0.0121260834539071,"PLGRKT"
8.92388052869504,0.863505514478648,0.260391704690462,3.31617904458643,0.000912573427272052,0.0121294023752627,"AL353576.1"
31.1296706300714,0.421531586928139,0.12713054951803,3.31573794439042,0.00091401493617072,0.0121435564964256,"ZNF460-AS1"
36.2221994697861,0.341270145941862,0.102929963530445,3.31555685280041,0.000914607351542014,0.0121464225908041,"MIPEPP3"
64.2042038283607,-0.538306134030116,0.162389237107379,-3.3149126359536,0.00091671770089313,0.0121694369144911,"PCDHGA9"
1959.84196526528,0.382065589634749,0.115277552529986,3.31431038610371,0.000918694653271337,0.0121866413624406,"SPPL2B"
5.77099262047682,0.532131672893279,0.160556879694913,3.31428758396666,0.000918769581395354,0.0121866413624406,"AC093462.1"
1324.04399615187,-0.331208699422902,0.099937447686877,-3.31416007801842,0.000919188672004921,0.0121871869773021,"MIS18BP1"
2.90029249226993,-1.18007417554161,0.35622731874458,-3.31269982240676,0.00092400093423822,0.0122459556615337,"HNRNPA1P15"
8.59548745243533,0.648927777871309,0.195907613615842,3.31241734761673,0.000924934518364108,0.0122532923355179,"AC018648.1"
2261.13906603594,-0.244397520800392,0.0738031412894319,-3.31147857029479,0.000928043476542693,0.0122843850168798,"WDFY1"
16.0925486936186,0.378578921621003,0.114323163222966,3.31148046422278,0.000928037194667056,0.0122843850168798,"AC009831.1"
2474.73616035984,0.328590928140036,0.0992543838129663,3.31059360319267,0.000930983094011338,0.012318239584077,"SH2B1"
1706.35318986897,-0.238359261412207,0.0720051422181685,-3.31030887613557,0.000931930711835465,0.0123257201817615,"WDR36"
6.51842161147017,0.709638044463996,0.214417443054098,3.30960967706789,0.000934261552807609,0.012351481660632,"AL117344.1"
1314.34244339831,0.418630708303137,0.12653034807404,3.30853992481056,0.00093783812004487,0.0123936845003471,"DTX3"
2750.63682056971,-0.278777342199164,0.0842923076382599,-3.30726907365659,0.000942103517571569,0.0124430158179009,"MAPK9"
803.143706031717,-0.26783958422229,0.0809868625814195,-3.30719792920759,0.000942342832293813,0.0124430158179009,"PPIL3"
749.627939502688,-0.640463492309898,0.193695267920903,-3.30655208660769,0.000944517886271948,0.0124647507633122,"CPXM1"
34.3080018759618,-1.5880303755515,0.480278279745429,-3.306479685888,0.000944762005443789,0.0124647507633122,"GABRG3"
26.6933696539148,0.713779582078533,0.215905749215662,3.30597765308028,0.000946456357187802,0.0124819980521557,"AC009065.2"
1176.29459273858,0.300823736864525,0.0909988648110861,3.30579658866114,0.000947068136726502,0.0124849599626926,"TRMU"
1471.20195482951,0.227032331799547,0.0686976322315143,3.30480577604825,0.000950422381122719,0.0125240578991835,"CDK11B"
408.995477264711,-0.669683356875779,0.202655775503658,-3.30453625223078,0.000951336714694904,0.0125309854433567,"CDH6"
11.2243908815389,0.569938717650981,0.172479909742453,3.30437741127076,0.000951875948854779,0.0125329685466812,"LINC02099"
51.1439908741586,0.525232017168696,0.158960814792557,3.30416032312191,0.000952613378774365,0.0125375585300324,"AC092171.5"
1897.65075862197,0.283493066341366,0.0858096771776038,3.30374237109189,0.000954034616504258,0.0125511408442186,"PARP6"
8.2503401924731,0.604595035267378,0.183016313187023,3.30350352238572,0.000954847698520715,0.0125567145345842,"AL451050.2"
223.881629272607,0.520825278094142,0.157677446431793,3.30310573820358,0.000956203248925605,0.0125694144971896,"TMEM238"
14.9541393164125,0.701177983669275,0.212288813572446,3.30294362604269,0.000956756198249408,0.0125715581143244,"AP003119.2"
1812.95191714282,-0.307871758416308,0.0932436747303684,-3.30179778206486,0.000960673017069179,0.0126155952377059,"MAP3K1"
769.835523093146,-0.765811780379866,0.231942272878108,-3.30173439656824,0.000960890119516383,0.0126155952377059,"LGI2"
187.562579299434,0.438016151218153,0.132687681977642,3.30110636262348,0.000963043663319692,0.0126387232086868,"POLR2I"
968.761895225599,0.329037507716084,0.0996856080516508,3.30075237686866,0.000964259458118946,0.012640269504311,"FAM110A"
421.014339487234,0.336173757340454,0.10184662151522,3.30078457526662,0.000964148811184749,0.012640269504311,"KRBA1"
239.766996564825,0.399931711225557,0.121166706475562,3.30067328607484,0.000964531296529913,0.012640269504311,"BOLA3"
1.66552955178741,-2.70648260011608,0.819993269607653,-3.30061562750517,0.000964729516207453,0.012640269504311,"SNORA63D"
7255.61738184052,-0.231333770270261,0.0701252979732232,-3.29886327696737,0.000970771805827876,0.0126765472024881,"PDS5A"
3750.59360874301,-0.232954931839524,0.0706248045235873,-3.29848604057689,0.00097207713268566,0.0126765472024881,"PPP1R11"
2187.9371737356,-0.170664679462083,0.0517383663096338,-3.29860974814554,0.000971648896323992,0.0126765472024881,"RBM22"
1836.33395450993,0.210156310001582,0.0637137342807906,3.29844596889283,0.00097221588561802,0.0126765472024881,"ORMDL1"
130.57506484553,0.621305352422149,0.188306672648648,3.29943354467004,0.000968801626501221,0.0126765472024881,"AUXG01000058.1"
33.1853542079429,-1.51095408783265,0.457945435900727,-3.29941947092621,0.000968850204328996,0.0126765472024881,"C11orf53"
17.5438038991097,0.645088622685174,0.195521470336796,3.29932370892044,0.000969180802447026,0.0126765472024881,"AC005962.2"
13.4476964995395,0.737696836029928,0.223601713154382,3.29915556380643,0.000969761540749487,0.0126765472024881,"CCER2"
7.82509068432885,-1.13211909864804,0.343203245941862,-3.29868412386698,0.000971391515269714,0.0126765472024881,"AC108925.1"
5.07250520493956,0.622749093537401,0.188786197218227,3.29870034310577,0.000971335396136036,0.0126765472024881,"AC024937.3"
4.88744756276045,0.863119843310481,0.261663618354066,3.29858559909756,0.000971732478941896,0.0126765472024881,"MRPS17P1"
2.41301068006061,-1.10116463348663,0.333742041759346,-3.29944836341792,0.00096875047960813,0.0126765472024881,"MESTP3"
116.684413403815,0.555112227532756,0.168301004340526,3.2983298567226,0.000972618041278511,0.0126766648104388,"SOX17"
12.1119012205267,0.654930312157428,0.198640929163604,3.29705622559797,0.000977039399200248,0.0127291456271564,"AC062028.1"
109.936847763177,-0.90658207791492,0.27504393710815,-3.2961354736514,0.000980247334647823,0.0127657816258962,"CST2"
22.006061003486,-1.12221268094491,0.34048516350828,-3.29592241077964,0.000980991042172659,0.0127703093075726,"GLP2R"
25773.5607613676,0.368213451967246,0.111726259211221,3.29567511314534,0.000981854903124229,0.0127763968326234,"SAT1"
2.83825633412367,-1.17557758295066,0.356730685243247,-3.29542041540123,0.000982745350445472,0.0127828252622486,"AC116428.1"
56.1313166837292,-1.04149205718707,0.316135125921988,-3.29445218765118,0.000986137194544108,0.0128217717089011,"RGS6"
105.709664059573,0.300498409133431,0.0912166362236806,3.29433776089431,0.000986538763694524,0.0128218228276219,"MRPL46"
6.80452031849899,-0.890121249200818,0.270220282471071,-3.2940578740462,0.000987521636517937,0.012829425934537,"AL645924.2"
2778.90530079078,-0.286870746920036,0.0871222752477683,-3.29273708823834,0.000992172058787329,0.0128846508399506,"FAM8A1"
9.78389548544627,0.609217207572366,0.1850338264892,3.29246397338017,0.000993136209151439,0.0128919794943994,"AC090844.2"
2384.44361529959,0.36677590505515,0.111411552622193,3.2920814441831,0.000994488072495167,0.0128958750161244,"TUBGCP6"
172.561467131834,-0.861599937116474,0.261722228619979,-3.29203958586,0.000994636103740158,0.0128958750161244,"AFF2"
5.97287114147117,0.801772589467901,0.243537749054823,3.29219019466018,0.000994103573620859,0.0128958750161244,"RSPH10B"
3393.40167127816,-0.30587872301719,0.0929341778416448,-3.29134802847659,0.000997084739201647,0.0129224266139699,"OSBPL8"
135.289385589632,0.413640042829613,0.125698852661556,3.2907225012096,0.000999304383976324,0.0129459903018548,"NIPSNAP3B"
3.11111234014127,-1.68412868492985,0.511802971933587,-3.29058012025063,0.000999810252694389,0.0129473420072814,"KCTD4"
3207.45280660971,-1.38954526828541,0.42230143085796,-3.29041098786327,0.00100041147526987,0.0129499269450329,"MUC13"
16.0689273305875,0.317473556012545,0.0965028048531785,3.28978578908205,0.00100263680423361,0.0129735247803021,"AC135050.1"
4738.86305936192,-0.272941531231991,0.0829836618366211,-3.28909962745873,0.00100508439792956,0.0129757297460188,"SOAT1"
2051.78723387772,-0.217734276139753,0.0662063214310574,-3.28872336407462,0.00100642890664578,0.0129757297460188,"RHOT1"
1187.96689401334,-0.34703551108079,0.105522127369868,-3.28874634856808,0.00100634672802011,0.0129757297460188,"EIF4E3"
499.030433494364,0.292738233970362,0.0890018863324736,3.28912392796727,0.00100499762167134,0.0129757297460188,"ZNF586"
48.851359754239,0.728894404275656,0.221617232759815,3.28897890835781,0.00100551558440152,0.0129757297460188,"C8G"
8.43344705533692,1.34891277473794,0.41013081920716,3.28898173842575,0.00100550547395843,0.0129757297460188,"IGKV2-40"
5.78832159850922,0.717069960689614,0.217991816344799,3.28943523070343,0.00100388658393258,0.0129757297460188,"AL158835.1"
3.87299123872521,0.811409064393365,0.246718345120326,3.28880717807035,0.0010061292685401,0.0129757297460188,"AL353151.2"
2.62168870721849,0.96559347180768,0.293585291858603,3.28897086667656,0.00100554431389361,0.0129757297460188,"AL353803.4"
4324.19261963169,0.279906271714403,0.0851347763110245,3.28780181076433,0.00100972894535923,0.0130130734784606,"RABL6"
19.4328249161674,-0.965957172999391,0.293846928873839,-3.28728013834072,0.00101160146659799,0.0130319973193976,"TMEM72"
74.0145893310822,-0.826845138137786,0.251574942315968,-3.2866752567881,0.00101377668758534,0.0130495925314129,"NSG1"
7.57084107443789,0.674523440901319,0.205224678719176,3.28675598427574,0.00101348613247224,0.0130495925314129,"AC103739.1"
117.116141014772,0.72781850620757,0.221507087455948,3.28575719434853,0.00101708641507355,0.0130869718491806,"PPIAP29"
30.8803703818285,0.417468802659942,0.127058956129394,3.28563066608858,0.00101754334832102,0.0130876287461552,"Z97634.1"
3.15234808184589,-0.745809682845133,0.227025261355973,-3.2851396289143,0.00101931843773959,0.0131052324660739,"RPL21P116"
11.1479993564865,-1.25766647593709,0.382874147156414,-3.28480385859872,0.00102053389014345,0.0131104044970819,"MIR194-2HG"
1.21581315713728,-1.6021440805436,0.487729702188213,-3.28490160298939,0.00102017992763065,0.0131104044970819,"SLC22A2"
3.53546676799801,-1.50964012679649,0.459648536286414,-3.28433576443678,0.00102223057928748,0.0131269713377638,"RHOXF1P1"
1517.57994237034,-0.515312485960359,0.156912987775198,-3.28406522153936,0.00102321239948021,0.013129122093609,"EFNB1"
10.5132151371973,-0.789135542868273,0.240284234611465,-3.28417527743462,0.00102281289323401,0.013129122093609,"FABP5P7"
26.7811155419752,-1.26217200840157,0.384479799909327,-3.28280447685218,0.00102779925601026,0.0131827315075778,"CST4"
614.821187794238,0.303261182475567,0.0923886794567989,3.28244958428454,0.00102909385851907,0.0131858313048674,"GAS8"
101.84461987509,-0.459427697450555,0.139962695296205,-3.28250107271986,0.00102890594177542,0.0131858313048674,"GTF2IP1"
3.3774054094808,0.760485066495138,0.231685538982642,3.2824019566975,0.00102926771264851,0.0131858313048674,"FAM85B"
343.132942147242,0.785460574563365,0.23931289671263,3.28214895792498,0.00103019168532525,0.01319104114741,"CCDC78"
11.4477949487154,0.529940563543405,0.16146551095912,3.28206661840978,0.00103049256164757,0.01319104114741,"AP001453.3"
1002.23681159208,0.268054381891199,0.0817122552034066,3.28046730840962,0.0010363527445257,0.0132555312365059,"METTL17"
34.3282724045244,-0.619736796366491,0.188912222231209,-3.28055426508083,0.00103603332723124,0.0132555312365059,"CDK15"
6.24231303091039,-0.906385640368396,0.276355061970939,-3.27978664079514,0.00103885618619669,0.0132717582107418,"RN7SL396P"
25.0754545126826,0.611687643127044,0.186490033321222,3.28000179008728,0.0010380642798924,0.0132717582107418,"RPL3P7"
7.12061875434047,0.560695855531549,0.170949778514256,3.2798864111122,0.00103848888918136,0.0132717582107418,"DNLZ"
7057.48483439632,-0.224374586003606,0.0684142904594079,-3.2796450054062,0.00103937781282798,0.0132719671273872,"DCAF7"
14.7530397175437,0.589230976115251,0.179667762522127,3.27955871350423,0.00103969573464972,0.0132719671273872,"PP7080"
12.8588648788009,0.469110114819019,0.143048662532242,3.27937435076183,0.00104037527649589,0.0132753861458686,"ACAD11"
3.9122675871885,-1.3157625954411,0.401240566556777,-3.27923621166284,0.00104088471212918,0.013276632730461,"NPY5R"
146.506193688925,-0.7212600764854,0.219967555360217,-3.27893845664771,0.00104198357167162,0.0132801423986369,"PCDHGA2"
63.746861405813,-0.867060082691903,0.264425964405629,-3.27902777868603,0.00104165381763476,0.0132801423986369,"CFHR3"
2588.66250296636,0.344318408469075,0.105035952350658,3.27810050524018,0.00104508178020401,0.0133091082159077,"TNK2"
21.9976217478912,-0.65721826943142,0.200484004242784,-3.27815813492799,0.00104486842981001,0.0133091082159077,"AC107075.1"
3348.34609476758,-0.368794974965247,0.112514499672803,-3.27775509856702,0.00104636135245627,0.0133201428385126,"MAN2A1"
3.96607563760911,-0.8375360141489,0.255554220140783,-3.27733196379034,0.00104793084707706,0.0133318019902714,"AC010342.1"
2.43350827070207,-1.21658428551738,0.371217084173622,-3.27728527965156,0.00104810414158282,0.0133318019902714,"AP000753.2"
11040.3952390093,-0.446068831655691,0.136137604037702,-3.27660263164436,0.00105064120520017,0.0133519285453626,"ADAM9"
20.5525494074827,0.4788486200197,0.146145249661227,3.2765253823145,0.00105092866019942,0.0133519285453626,"AC106886.4"
12.0448399073421,-1.21017982897807,0.369334297254919,-3.27665163504377,0.00105045889476657,0.0133519285453626,"AC064805.2"
1.69502874129768,-1.80614232916,0.551266410369929,-3.27635113474079,0.00105157732573676,0.0133549077858927,"AC100800.1"
9.47509605308362,0.583056779112095,0.177989964568738,3.27578456754468,0.00105368902758295,0.0133764577537056,"AC124947.1"
540.740944421092,-0.950445938643298,0.290185079324683,-3.2753094709596,0.00105546282507053,0.0133937027919714,"PRLR"
7.67004293438848,-1.28124302736482,0.391268465008554,-3.27458801806787,0.00105816169003915,0.0134226686448909,"AC084759.3"
1937.93186261721,0.345431387201349,0.105544717768163,3.27284391399025,0.00106471256122371,0.013482812601873,"MRPL52"
388.6461872169,0.257176300501389,0.0785774082326891,3.27290383184719,0.0010644868882783,0.013482812601873,"RPP38"
235.56184552399,0.625969811124283,0.191272583849779,3.27265831059148,0.00106541189361366,0.013482812601873,"VMO1"
42.5858016062986,-0.493405999940482,0.150745001641316,-3.27311681693101,0.00106368506535695,0.013482812601873,"RPS2P7"
13.6429484015159,0.584631405007357,0.178640183583672,3.27267579600043,0.00106534599246546,0.013482812601873,"AC135050.3"
5.68004498147327,1.72068300771767,0.525728919237316,3.27294722575636,0.0010643234782982,0.013482812601873,"AC016925.3"
2.83021366539197,-1.02366215112412,0.312844154323855,-3.27211532316001,0.00106746024895816,0.013503434965734,"AC091132.3"
6.5994366370065,0.613739140385886,0.187581924372497,3.27184584782878,0.00106847816460358,0.0135110111441735,"OCM"
7.02496124047857,-0.634718992198179,0.194027460092338,-3.27128434241274,0.00107060207965683,0.0135325613714365,"SYNGR2P1"
127.061362714364,0.521017651163472,0.159278265581307,3.27111580014983,0.00107124035867572,0.0135353234190825,"LINC01004"
13.0718773334482,-1.75552974972888,0.536733073702933,-3.27076872236966,0.00107255587070135,0.0135466369176518,"MAPK8IP1P2"
39.2695307846832,0.483980179901581,0.147980152585315,3.27057494837055,0.00107329097275725,0.0135506137104767,"AL008729.1"
1078.85478245573,0.430993355979786,0.131809436777189,3.26982169500001,0.00107615294790513,0.0135814292779651,"CHCHD10"
8.77659053955702,-0.727036621656166,0.222434159206001,-3.26854752998095,0.00108101019406458,0.0136373919043867,"RPS4XP2"
32.2882260018788,0.943237218200796,0.288591146440457,3.26842049672999,0.00108149556767777,0.0136381793428899,"IGKV1D-42"
116.685205965795,-0.564558449773714,0.172763104142305,-3.26781839546417,0.00108379884281653,0.0136618818165047,"PCDHGB6"
730.376709904308,0.554215726268267,0.169621821839388,3.26736100495987,0.00108555157361584,0.013664637387231,"NOXA1"
19.2660131022095,0.523969948839595,0.160366938037481,3.26731903253732,0.00108571254414904,0.013664637387231,"PDE6C"
4.57817425018166,0.679952289130121,0.208095905620784,3.26749479813989,0.00108503860402692,0.013664637387231,"AC126773.6"
3.58915296818972,-1.03106697652857,0.315555195228038,-3.26746950175695,0.0010851355744044,0.013664637387231,"F8A3"
5.77462216949635,-0.855373016209676,0.261813268998006,-3.26711101955719,0.00108651063098842,0.0136693465845578,"AL161449.2"
3.93483518767148,-1.79804683937626,0.550396090719097,-3.26682341988857,0.00108761496312054,0.0136779034656092,"SNORA54"
2015.09882083381,-0.273042141940267,0.0836050385304882,-3.26585749781931,0.00109133153677785,0.0137144219650002,"NFYA"
4.75204863357129,1.23895051035988,0.379373588544892,3.26577955811828,0.00109163193652074,0.0137144219650002,"TMPRSS11A"
2.27378465257794,0.88187845961907,0.270039617703142,3.2657373281743,0.00109179473357592,0.0137144219650002,"AC009229.2"
980.111779593383,0.384625832177383,0.117789807367063,3.26535751076314,0.00109325994473996,0.0137267685225189,"LPIN3"
259.199396621567,0.935362810287123,0.28647017483919,3.26513156496025,0.00109413243209497,0.0137267685225189,"IGKV1-8"
39.5991437751388,0.664999454243508,0.203685835852438,3.26482914955987,0.00109530121375225,0.0137267685225189,"TCTEX1D4"
3.4498932454387,-1.27097660895537,0.389268618642134,-3.26503742682585,0.00109449613551875,0.0137267685225189,"SCARNA9"
4.57691424589937,-0.926562357591398,0.283784438138695,-3.26502173152481,0.00109455678531166,0.0137267685225189,"PDC"
4.56855458006605,0.546773963715983,0.167474396187342,3.26482122738538,0.00109533184705973,0.0137267685225189,"AC132938.2"
54.3696759166431,0.835278273898472,0.255875835058901,3.26438904911124,0.00109700418655742,0.0137423853906542,"RHBG"
2.74289108011042,0.647230817329182,0.198295379587604,3.26397326390171,0.00109861532044535,0.0137572236923341,"TTLL13P"
4.3763055510268,0.629482329694946,0.192877939587192,3.26363051701091,0.00109994508187721,0.0137685284026128,"AL161452.1"
871.399384276392,-0.452235425684391,0.138585362733596,-3.26322648196064,0.00110151453551854,0.0137828235148605,"FZD7"
1488.30088667842,-0.252176254810465,0.0772852719528997,-3.26292770198376,0.00110267646279121,0.0137920102958505,"ACER3"
3.9708962907937,0.722835311734291,0.221543183997646,3.26272873166782,0.00110345086826431,0.0137963448030952,"FKBP6"
1365.7357992571,0.269275501123008,0.0825354672999371,3.26254287922609,0.00110417467236422,0.0138000435311567,"ABHD17A"
16.0200844532246,-0.61239332019491,0.187745782164361,-3.2618219868119,0.0011069863509083,0.0138191153252181,"RPL10AP2"
4.31104541078362,0.602253063058252,0.184636280558308,3.26183489635483,0.00110693594197863,0.0138191153252181,"AL451085.2"
3.75976379501474,0.714278120184519,0.218969996156701,3.26199083308822,0.00110632721093302,0.0138191153252181,"SPDYE19P"
2.55413603455577,0.714586281046909,0.21908914390053,3.26162341193566,0.00110776200968107,0.0138234465952655,"C5orf60"
8.5437881294264,-0.965100055230851,0.295955739859436,-3.26096076288037,0.00111035403955958,0.0138503304830264,"AC130456.1"
7.25065811707614,0.568387200869794,0.174306285023153,3.260853163122,0.00111077545756261,0.0138503304830264,"AL033384.2"
49.0515070042535,0.512178900286108,0.157089116653979,3.26043529428132,0.00111241345747077,0.0138653930947603,"THBS3-AS1"
6536.96975188306,-0.251722557453649,0.0772246703933989,-3.2596132320322,0.00111564237174043,0.013900265949293,"CCDC47"
25.6888747958816,-1.22261089441413,0.375132055629441,-3.25914801485756,0.00111747349951757,0.0139177029710097,"AC090192.2"
23.4987312659895,0.507862660285241,0.15583867646885,3.25889998422026,0.00111845090101045,0.0139244978004178,"AL096828.3"
1835.23244864614,0.253700151764824,0.0779097110823875,3.25633542006775,0.00112860338655672,0.0140454713236285,"PRR14"
3.6077886812808,0.68402128658135,0.210074579467538,3.25608785372839,0.00112958793728397,0.0140468812332131,"AC012640.5"
2.05536428600903,1.37849900721423,0.42335706270323,3.25611435040722,0.00112948252426679,0.0140468812332131,"AC006372.3"
924.24687571268,0.256437676113861,0.0787935009595964,3.25455364961327,0.00113570706786333,0.0141175306103519,"FASTKD1"
3447.70311894229,0.299796313278332,0.0921205344729759,3.25439181387163,0.00113635432874865,0.0141201330753373,"STX16"
5.96807101959991,-1.88744899811163,0.580162396769152,-3.25331150143923,0.00114068377382584,0.0141684700643352,"RTL1"
1415.2314167558,0.229513300714235,0.0705508739923457,3.25316027607448,0.00114129103761034,0.0141705542963979,"POMT1"
1606.89889168053,-0.338158169877549,0.103964581278861,-3.25262859444907,0.00114342844270021,0.014191628227432,"GSKIP"
6383.74457104139,0.25918055737767,0.0796930754628746,3.25223434874728,0.00114501573212027,0.0142058608242471,"GDI1"
1.75952222276356,-1.35427021424036,0.41650743300755,-3.25149110656042,0.00114801367161526,0.0142375772466285,"AC073592.5"
336.175617543261,-0.72239417516024,0.222211637510931,-3.25092863385566,0.00115028728092137,0.0142602896475623,"TENM3"
372.215199705757,0.26442773514048,0.0813677518091114,3.2497854403158,0.00115492109224538,0.0143077467673828,"RNF216P1"
7.51352584298435,0.969053614282931,0.298191874700309,3.24976532394404,0.00115500278602876,0.0143077467673828,"GPHA2"
1.20954102070679,1.1880819228788,0.365654387415847,3.2491936751401,0.00115732651937259,0.014331026734704,"AC079776.5"
7.24976959256076,-0.717803519612363,0.220976272090102,-3.24832848714039,0.0011608516993353,0.0143691604779527,"LINC02587"
2691.43194771001,-0.570733862053473,0.175719727391945,-3.24797830342888,0.00116228133032715,0.0143758195229762,"ANXA3"
7.74132266264618,-1.20474351415746,0.370916502803427,-3.24801809855284,0.00116211878414467,0.0143758195229762,"ZNF99"
57.2546803933028,0.498501880008652,0.153514041903072,3.24727219626856,0.00116516897441483,0.0144004881487184,"AC073548.1"
3.19348478140645,0.906730813096783,0.27922409023572,3.24732300974219,0.00116496095017416,0.0144004881487184,"LINC00244"
6926.49387351008,0.23772521077936,0.0732268590816935,3.24642096848846,0.00116865890667081,0.0144049718828747,"SRSF11"
368.008011884841,-0.714670592260309,0.220119695306023,-3.2467362416922,0.00116736519940823,0.0144049718828747,"CHST1"
150.981998926119,0.674916094742796,0.207885027182269,3.24658347881421,0.00116799188860177,0.0144049718828747,"AL627309.6"
28.1787663381981,0.459557747676624,0.141538553979929,3.2468732705987,0.00116680332111212,0.0144049718828747,"AC005104.1"
10.3605025653809,0.680773880446122,0.209690873459154,3.24655941966273,0.00116809061637351,0.0144049718828747,"AC134682.1"
5.88373620788032,0.737084160288202,0.227002146058353,3.24703608792635,0.00116613602394449,0.0144049718828747,"AC092171.1"
2.66232035278779,-1.06255856910501,0.327291490875393,-3.24652060541823,0.00116824990856627,0.0144049718828747,"AC007066.1"
6962.65929656552,0.446443614890147,0.137549337512686,3.24569803797834,0.00117163041836139,0.0144308195674112,"LENG8"
26.3250527645881,0.674590572247495,0.207841765463649,3.24569304317942,0.00117165097309606,0.0144308195674112,"LINC02576"
6.58264806845616,0.81028840083086,0.249674141566104,3.24538374598287,0.00117292445087415,0.0144354766864263,"NOP56P3"
4.81184205125744,-0.755049017600547,0.232652566782856,-3.24539302549481,0.0011728862254827,0.0144354766864263,"AC090013.1"
29.8478545130588,0.471460027418228,0.145304087681128,3.24464393908073,0.00117597566826235,0.0144675068382753,"AC113410.4"
2789.2545859603,-0.216373321411369,0.0666907755380977,-3.24442652923963,0.00117687373442485,0.0144730333968456,"UBR2"
6061.09459635089,-0.301663070260977,0.0929832867901257,-3.24427196192652,0.00117751259906881,0.0144748224919685,"PCYOX1"
1851.85567824204,-0.283420474742431,0.0873711093331933,-3.24386947705557,0.00117917767179782,0.0144748224919685,"ZHX1"
72.3660661022305,-0.818078078009622,0.252193627124058,-3.24384913028431,0.00117926190377067,0.0144748224919685,"FAT3"
2.48493977784449,-1.5064241995152,0.464394101842178,-3.24384869131511,0.00117926372108547,0.0144748224919685,"PPP1R9A-AS1"
5.1317900129867,0.658002499904933,0.202834559089065,3.24403544869295,0.00117849078667592,0.0144748224919685,"MYADM-AS1"
10.240385576572,0.662250471861498,0.204176345285019,3.24352201983551,0.00118061684558598,0.0144859171179299,"AC008013.1"
263.647557498659,-1.01918522086598,0.314234498645826,-3.24339060560854,0.0011811615884528,0.014487088406109,"LINC01597"
332.077952252211,0.559176174397901,0.172422577889356,3.24305657207333,0.00118254728157091,0.0144985692373589,"HAGHL"
1807.36544659523,1.46158974333862,0.450722949525349,3.24276752465746,0.00118374756791353,0.0145077690335887,"KIF1A"
4432.86216988663,-0.367603870097326,0.113369283621619,-3.24253500025844,0.00118471395600481,0.0145140963189115,"CAT"
12.2134888948886,0.597305395609731,0.184278219855209,3.24132388558478,0.00118975923223,0.0145593117431713,"SYPL1P2"
4.18135323290548,0.538536401143219,0.166141021973475,3.24144148595161,0.00118926846240543,0.0145593117431713,"AC068338.3"
1.48852281166827,-1.57268203795333,0.485184600365042,-3.24140963412705,0.00118940136796034,0.0145593117431713,"TPT1P14"
5.9803629361945,-0.904568185281239,0.279106287324372,-3.24094521106207,0.00119134078824327,0.0145676085388337,"AC012085.2"
2.36912010378314,1.43567459454799,0.442975510779254,3.24097960183498,0.00119119707304293,0.0145676085388337,"LINC02254"
2771.84856478453,-0.222527423443359,0.0686685851081723,-3.2406000952665,0.00119278387586493,0.014579725578948,"UBQLN2"
31.8747526988099,-0.939141322167886,0.289852668172958,-3.24006443717638,0.00119502690720793,0.014596076751106,"PCDHGA8"
1.83009353139752,1.12985372890678,0.34871113062499,3.24008507236851,0.00119494042664418,0.014596076751106,"AC073878.1"
20.6112544306787,-0.996266526346294,0.307496575540182,-3.23992722389231,0.00119560210500475,0.0145975728420591,"FAM228A"
33.1871835600126,0.483878121080968,0.149403053806061,3.23874317662267,0.00120057626579214,0.0146527561281104,"AL022328.3"
22.3888130983472,0.520665210679057,0.160779771978645,3.23837510323259,0.00120212642617341,0.0146661243329404,"AC006277.1"
1.56405997029472,1.2680761492111,0.391599274902405,3.2381984096552,0.00120287123711111,0.0146696607566747,"Z99755.1"
956.076526261345,0.387640725922291,0.119728258818431,3.23767112081829,0.00120509643635917,0.0146912418111159,"SMPD4BP"
15197.1693044708,-0.203613822909613,0.0628943305499693,-3.23739550336485,0.00120626107582757,0.0146997269930521,"ACTR2"
170.078695140151,-1.11109773503642,0.343218400476716,-3.23729069739021,0.00120670421307518,0.0146997269930521,"MAPK4"
145.211857267745,-0.37916736561307,0.117135746465421,-3.23699107278922,0.00120797190579093,0.0147074016689126,"AC015922.2"
4.37673054950092,-1.23552353195198,0.381696538053146,-3.23692621959269,0.00120824645746471,0.0147074016689126,"AC079163.2"
7.60050387921749,-0.733055295985213,0.226505648951129,-3.2363665073244,0.00121061835853995,0.0147307128192908,"AC090912.2"
1998.34611018255,-0.208170482638138,0.0643258821442067,-3.23618543110624,0.0012113866282852,0.0147345008785577,"FCF1"
1644.97331041192,-0.460791464750349,0.142401193520131,-3.23586799632551,0.00121273452666449,0.0147393673288484,"OSBPL5"
184.308594333275,-1.30077037988991,0.402010738027655,-3.235660784266,0.00121361514213343,0.0147393673288484,"UCN3"
118.381574639642,-0.434646703097068,0.134323364189508,-3.23582353464475,0.00121292343137861,0.0147393673288484,"AC005520.2"
5.18528170859405,0.768329982255525,0.237450232164074,3.23575165731834,0.00121322887466254,0.0147393673288484,"AP000880.1"
5.20055352929723,0.575401423560904,0.177843097034363,3.23544423796063,0.00121453605767118,0.0147449981850931,"AL157813.1"
51.5382294344133,0.672079895768477,0.207756978671186,3.23493294938683,0.00121671299781405,0.0147658677510403,"AL355987.4"
475.468137696587,0.366748667886256,0.113376062403179,3.23479807035505,0.00121728787982179,0.0147672865631504,"AC060780.1"
9.70708053959703,0.663905435579549,0.205247947941754,3.2346507832953,0.00121791593394495,0.014769349112469,"SPACA6P-AS"
4.58139914389027,-0.882660549783814,0.272910498676676,-3.23424915517641,0.00121963005765241,0.0147845756424819,"EEF1B2P1"
2249.32415039433,0.261822255351944,0.0809728082748062,3.2334589960542,0.00122300891350794,0.0148033259149833,"CC2D1A"
397.311005413262,0.416741812664436,0.128887818168714,3.23336851058274,0.00122339639612205,0.0148033259149833,"GLI4"
66.8217319583435,0.422756967269297,0.130743744492667,3.23347758556058,0.00122292932238381,0.0148033259149833,"AC091271.1"
19.8571082571439,0.989807455398069,0.306124364004749,3.23335079393652,0.00122347227673842,0.0148033259149833,"UMODL1-AS1"
3.84084107015486,0.90857297567723,0.28099145048927,3.23345416415765,0.00122302960209606,0.0148033259149833,"AL121758.1"
26.0848480942156,0.58516990840335,0.180996166876961,3.2330513872216,0.00122475529707495,0.0148132912806383,"AC116351.1"
3246.75286649723,0.81818189397072,0.253108902900336,3.23252909951131,0.00122699638399681,0.0148304983816093,"IGLV1-47"
2.21590942628966,0.795943922603547,0.246231268045747,3.23250547715032,0.00122709783476923,0.0148304983816093,"AL032819.1"
9067.47784029258,-0.517026081996369,0.159963394399674,-3.23215248048914,0.00122861476996567,0.0148432683617621,"SLC40A1"
1.85224308229217,-1.26416213150511,0.391161913685147,-3.23181293289881,0.00123007554435596,0.0148553505347408,"AC013549.1"
1261.1422872099,0.314997270210708,0.0974848492517802,3.23124334323116,0.00123252958998959,0.0148711596478452,"MAP4K2"
314.118723434282,-1.19698703607862,0.370447967557731,-3.23118802343566,0.00123276817300947,0.0148711596478452,"DDC"
357.820479308007,0.454843036168754,0.140765772673152,3.23120477038737,0.00123269594231384,0.0148711596478452,"AC018638.5"
4.63120593144393,-0.664050275789796,0.205534473084651,-3.23084622167641,0.0012342432405632,0.0148833856738819,"ZDHHC20P4"
18.1831249395934,-0.913944351200669,0.282919876273227,-3.23039993951516,0.00123617165355718,0.0149010672781127,"CLRN3"
514.561271201122,-0.217423871431393,0.0673135420282019,-3.23001679721891,0.00123782945468817,0.0149154748753438,"ZNF616"
2045.42501478859,-0.536881888484067,0.166231950471619,-3.22971538841282,0.00123913504945546,0.0149256293125481,"NEURL1B"
1.73002387699536,-1.46141014900116,0.452559695960008,-3.22920967564531,0.00124132847276832,0.0149464662451136,"AL445363.3"
9.80165483560203,0.503327246296315,0.155876135447659,3.22902056078574,0.00124214963958016,0.0149507708578807,"AL162741.1"
144.353337256526,-0.584583051433563,0.181050423753598,-3.22884111129812,0.00124292930160893,0.0149545728844701,"SLC6A12"
215.285746923687,-1.69630080895863,0.525410933969015,-3.22852209440062,0.00124431646413505,0.0149656786221688,"EPS8L3"
642.11429199549,0.37420216568879,0.115931993095106,3.22777307366578,0.00124757900768737,0.0149993233045784,"EXD3"
1439.29922681182,0.335183202761426,0.103846977739574,3.22766449305818,0.00124805261213896,0.0149994247031013,"HMBS"
2.63709336919687,0.734310209919876,0.227550004304658,3.22702788850197,0.00125083268117558,0.0150272353966119,"CT70"
7.42090723362875,1.04074311171211,0.322647112427121,3.2256390081507,0.00125691781575372,0.0150947169344428,"FO393414.3"
6459.52329630564,-0.23071018237712,0.071527130728002,-3.22549192214136,0.00125756384525028,0.0150968526396482,"CYFIP1"
1.18837752129001,-1.61717987528902,0.501401703621742,-3.22531787109567,0.00125832870630299,0.0151004127780945,"RN7SKP106"
163.246500822564,-0.52664434274395,0.16330079264368,-3.22499563056671,0.00125974591453884,0.0151117957642503,"ZBTB20"
928.659322525361,-0.215510267225957,0.0668325624281053,-3.22462972234217,0.00126135695923801,0.0151254946636778,"RIOK2"
24.3981013319457,-1.04842859833401,0.32514994212135,-3.22444651687104,0.00126216430272576,0.0151295494205918,"ST8SIA2"
2.73333637112885,-1.30251992350631,0.403974406349753,-3.22426347568816,0.00126297139866018,0.0151335981976207,"AC087257.2"
79.1702587661745,0.456570389118819,0.141615770236482,3.2240080914463,0.00126409827796972,0.0151414743585192,"RPS10"
4.10664024221565,0.535012199729252,0.165966405526692,3.22361744252639,0.00126582380681826,0.0151508866558481,"AC073517.1"
2.54204259471517,0.684017844658637,0.212183621518291,3.22370708805945,0.0012654276428838,0.0151508866558481,"CBX3P4"
383.559656102872,-0.30119761080513,0.0934620308475964,-3.22267350787912,0.00127000222417862,0.0151952585226863,"ZNF816"
41.0694983672051,-2.12742613030337,0.660215042773189,-3.22232301973499,0.00127155693264338,0.0151969433999577,"REG1A"
161.994123508007,0.442266254157456,0.137249507561876,3.22235221104943,0.00127142737767113,0.0151969433999577,"AC078846.1"
25.0531665664989,-0.521543987204505,0.161847447098383,-3.22244185221824,0.00127102961429247,0.0151969433999577,"NPM1P6"
5296.15149094245,-0.366303711803932,0.113701825862074,-3.22161679486376,0.00127469496982105,0.0152171529351791,"SEPTIN11"
31.4101974520812,0.420844706913538,0.130627145976274,3.22172473239197,0.00127421489820467,0.0152171529351791,"CERNA1"
7.96191816016378,1.08816534434912,0.337780333856742,3.22151775955859,0.00127513559407207,0.0152171529351791,"AC084262.1"
4.50415635857105,0.996293151750948,0.309233427920563,3.22181582518588,0.00127380987645634,0.0152171529351791,"LCN1P1"
10.8920524272729,-0.811098361193546,0.251819221650431,-3.22095492106434,0.00127764242583927,0.0152414280507538,"IL19"
5.61922861929226,0.60027620163597,0.186398272473299,3.22039573474028,0.00128013749567714,0.0152655449512239,"AC098820.1"
1185.33177544089,-0.300666983097471,0.0933763650139655,-3.21994739303145,0.00128214122871562,0.0152724949833525,"ENTPD5"
616.947934845948,-0.353770850147194,0.109863802241339,-3.22008562356198,0.0012815231390237,0.0152724949833525,"FAM241A"
11.0387094138175,0.538444844471713,0.167216167842442,3.22005253091948,0.00128167108578269,0.0152724949833525,"AC011498.6"
708.772477734329,0.24220801651414,0.0752338794801822,3.21940086285118,0.00128458770209255,0.0152959861351457,"ERMARD"
5750.92137090933,-0.766343405994245,0.238066362115384,-3.21903270661489,0.00128623813521165,0.0153099847434108,"ALDH1A1"
3.16126950229117,0.883636632533604,0.274551682517673,3.21847101584134,0.00128875994918127,0.0153343411665499,"AC013267.1"
2725.14828633,-0.269365731628774,0.083705399984801,-3.21802096014935,0.00129078384938105,0.0153527573674998,"ANKS1A"
3925.54880585139,-0.253247933436623,0.0787139989063223,-3.21731759223685,0.00129395277039552,0.0153791032367871,"RBFOX2"
29.2673535803527,0.531118152805281,0.165078389675025,3.2173693591926,0.0012937192973969,0.0153791032367871,"AC020978.9"
239.288294324127,-0.486149795794859,0.151115033033279,-3.21708427041669,0.00129500555268095,0.0153824683648887,"SIGLEC9"
14.0244277523795,0.491383409144064,0.152743791894669,3.21704341007141,0.00129519000188162,0.0153824683648887,"AL442663.4"
3.11227691485603,0.690887487773461,0.214774002651245,3.21681152860638,0.00129623720594027,0.0153892373731752,"AC012640.1"
37.0460422083277,-2.40013312610241,0.746176914469252,-3.21657381722885,0.00129731154971348,0.015392343315811,"MAGEA1"
33.9061382211537,-0.424990642168383,0.132130882762091,-3.21643686384509,0.00129793088775593,0.015392343315811,"AL132656.4"
17.123981285912,0.517687153583017,0.16095034912248,3.21644007860502,0.00129791634666657,0.015392343315811,"AL137060.3"
210.873739935939,0.57237892311587,0.177972997880678,3.21609980127223,0.00129945633293376,0.0154047681821504,"EEF1A1P11"
4738.64959048196,-0.433544814862184,0.134816767318303,-3.21580782187563,0.00130077908235022,0.015414781885477,"ACSL4"
3157.48200377326,-0.212927057961857,0.0662249630446415,-3.21520840741468,0.00130349849481071,0.0154413331980791,"SNX2"
4342.64483403937,-0.213583652036096,0.0664405488093054,-3.21465815475297,0.00130599948898334,0.0154482588122772,"XIAP"
56.7402229551859,-0.909307005748562,0.282853592510243,-3.21476208832537,0.00130552675382352,0.0154482588122772,"RN7SL3"
42.912201882095,0.449175153363621,0.13972427823333,3.2147251647529,0.00130569468022584,0.0154482588122772,"FAM86FP"
8.06492229560033,0.642884900266716,0.199985178706168,3.21466272863794,0.0013059786816395,0.0154482588122772,"PRADC1P1"
10.5876146993032,-0.821016952085979,0.255406461571555,-3.21455043476243,0.00130648961313268,0.0154483892832649,"PNPLA1"
2275.52687952097,-0.219959957383193,0.0684289512692165,-3.2144282983063,0.00130704553730317,0.015449297415814,"APPL1"
14.0496830156998,0.563210688681434,0.175274082948953,3.21331413752404,0.00131212691165174,0.0155036761693698,"SNRK-AS1"
30.0510998956776,0.602568182598749,0.187542204331611,3.21297376633843,0.0013136828805059,0.0155163752680999,"AC007569.1"
3122.73116424561,-0.236357251316814,0.0735780303249518,-3.21233458238771,0.00131660944049979,0.015545247678109,"TMEM87B"
4.22864004179333,0.988008558662844,0.307588790690099,3.21210846613159,0.00131764617345703,0.0155517938737635,"AC137695.2"
13459.6373913009,-0.264660232534907,0.0824045208751048,-3.21171981493632,0.00131942988218907,0.0155671483904817,"AP2B1"
247.546400262155,0.421006035993776,0.131101951092676,3.21128734152986,0.00132141733125487,0.0155791962875003,"FAAP24"
11.8469382112822,0.859529147669115,0.26765701580277,3.21130811793284,0.00132132178932163,0.0155791962875003,"FGF17"
2013.32819507679,-0.366723332751791,0.11422861808908,-3.21043306735799,0.00132535130281549,0.0156198657745927,"PRRG4"
6605.84152086373,-0.482267550894294,0.150231209006175,-3.21016887293021,0.0013265701162806,0.0156285178660825,"TAP1"
94.6892953509028,-1.20855151075079,0.376488556707517,-3.21006173818365,0.00132706465781938,0.0156286339997757,"HNF1A"
128.354373222756,-1.02812323496027,0.320310912601206,-3.20976649409477,0.00132842840582918,0.0156389828207236,"CYP2C18"
4012.71783400254,-0.218403005450763,0.0680455766220256,-3.2096576484895,0.00132893149556392,0.0156391956476126,"TAB2"
9076.89017613189,0.386032478750692,0.120278666332832,3.20948419632849,0.00132973356326319,0.0156429254824595,"OGT"
1565.25695104423,-0.230507623690924,0.0718287482444794,-3.20912767275796,0.00133138358219226,0.0156566242187416,"PDPK1"
2.16893559901915,0.873044926654445,0.272125321803761,3.20824582169544,0.00133547297624633,0.0156989887419113,"AL050320.1"
162.842823236338,-1.09426915609948,0.341099683347736,-3.20806265593603,0.00133632382012999,0.0157032658819575,"ASPG"
4771.60839756882,0.261356514926183,0.0814822490867162,3.20752701177944,0.00133881487176325,0.0157098377665631,"USF2"
125.182188321353,0.45298057695391,0.141216118801897,3.2077115615206,0.00133795612659042,0.0157098377665631,"KCNMB3"
14.4849409525245,1.26348494567339,0.393925789732248,3.20741870323389,0.00133931908885973,0.0157098377665631,"CYP4F23P"
12.3051164664153,0.644584738824824,0.200963118788848,3.20747778353345,0.00133904402608623,0.0157098377665631,"AC145207.8"
1.24575640612666,1.89099416027663,0.589558192072698,3.20747669306146,0.00133904910257293,0.0157098377665631,"VSTM2A"
1689.6443042416,0.221232549574352,0.0689949714732044,3.2065025153358,0.00134359130318377,0.0157519358888839,"PIP4P1"
27.402161031715,-1.02236189700988,0.318846453708086,-3.20643960476939,0.0013438851180127,0.0157519358888839,"AC084212.1"
29.2244802924906,0.369430337995033,0.115255165258735,3.20532565430541,0.00134909749174366,0.0158072851094746,"AL136040.1"
963.63547747669,0.367420619541317,0.114640718125275,3.20497486015234,0.001350742777699,0.0158208139727222,"MAPRE3"
2.28583494279854,0.959981235739597,0.299571198758573,3.20451778982016,0.00135288929464443,0.0158402016360964,"AC008750.2"
46.5506838831517,0.717984329027207,0.224070915925343,3.2042727458053,0.00135404137809715,0.0158479362020844,"ANKK1"
2.64303170552685,-0.837099985598553,0.261277788468393,-3.20386968408461,0.00135593835637132,0.0158643803705346,"FTH1P13"
2.01889348517236,1.22373078732509,0.38198778858811,3.20358614564146,0.00135727427627108,0.0158684949377669,"AC087783.1"
1.85249924375208,1.76712675852438,0.551592884156503,3.20367939703696,0.00135683477900945,0.0158684949377669,"AC027584.1"
4831.36970532577,0.18946131867882,0.0591447356474305,3.20335050287863,0.00135838545454228,0.0158757299680014,"DAZAP1"
57.1684181715917,0.547599513393499,0.170951447357826,3.20324584469469,0.00135887924141098,0.0158757467896004,"AC012443.2"
2223.51564142925,0.718248694134974,0.224247533586791,3.2029279548664,0.00136038009005892,0.0158875248112821,"MZB1"
648.021921382286,0.504660296003093,0.157587729224301,3.20240857893694,0.00136283550236518,0.0159046799760279,"COMTD1"
2.4861722400689,-1.09970762823221,0.343398318086598,-3.20242578460996,0.00136275409504645,0.0159046799760279,"AC023389.2"
207.58932243692,0.293136923781031,0.0915561105722047,3.20171883612128,0.00136610266409156,0.0159370406670161,"AC026471.1"
1726.73364960679,-0.270410131902332,0.0844632538274028,-3.20151213277793,0.00136708317888107,0.0159427114296637,"LTN1"
6722.76025884483,-0.267280171838664,0.0834886804333546,-3.20139413452608,0.00136764320457109,0.0159434761863322,"PGRMC1"
620.054304770409,-0.419401544480703,0.131039175524626,-3.20058137424625,0.00137150635802646,0.015976959000926,"ZNF614"
41.1459806706333,0.446141245729632,0.139389452990127,3.20068151613475,0.00137102982779229,0.015976959000926,"ANKRD23"
9.22140827292606,-0.646658646943481,0.202058878315045,-3.20034760331208,0.00137261936342032,0.0159841500084826,"RPL11P3"
249.879033797683,-0.651148276677549,0.203482772076691,-3.20001673867572,0.00137419606501061,0.0159967336159809,"RGS4"
28.4051797345787,-0.500295054114897,0.156378962143103,-3.19924782246012,0.00137786671046841,0.0160336745142742,"AC006033.2"
6369.91753365616,0.419689152154022,0.131189273835072,3.19911178623983,0.00137851705963572,0.0160354554790598,"CCNL2"
6.12908535196855,0.718664616121193,0.224667383991051,3.19879371609107,0.00138003876443708,0.0160473674573652,"GLYCTK-AS1"
4618.97590405804,-0.27050521881633,0.0845711732350385,-3.19855109570903,0.00138120054535036,0.0160550870889771,"SUSD6"
21.912773068551,0.522093641186924,0.163249662410708,3.19812998983989,0.0013832191406524,0.0160727571857069,"LINC02363"
62.7765189028544,0.519301968832032,0.162383820825721,3.19799082317058,0.00138388684202501,0.0160747230623546,"AC008735.2"
14358.9239971514,-0.314550705312874,0.0983708363387793,-3.19760121007402,0.00138575773007342,0.0160769947704924,"GNS"
33.1421991352083,-0.726360608956708,0.227158312056295,-3.1975964356378,0.00138578067095885,0.0160769947704924,"AL590705.3"
24.2644951062413,0.659887948709681,0.20637396814183,3.19753481822947,0.00138607677041306,0.0160769947704924,"OTOF"
5.67883196670595,-2.53190436603739,0.791763062147217,-3.19780561519378,0.00138477590388949,0.0160769947704924,"ZIC3"
16.0198337948874,0.57507927035766,0.179864365681016,3.19729407312145,0.00138723421870253,0.0160846340820075,"LSMEM1"
3.70875960024574,0.66316781848831,0.20742843829921,3.19709208595452,0.00138820601509857,0.0160901160880135,"GGTA2P"
20.6712860711195,-0.588208431821371,0.18400019963483,-3.19678148713284,0.00138970158657587,0.0161016628311674,"NPM1P39"
5.18086645647066,0.777653980448495,0.243270567583408,3.19666282762245,0.0013902733388387,0.0161025013688412,"AL121749.2"
528.606607039548,0.328482514645252,0.102772564704287,3.19620820586129,0.00139246590911866,0.0161122815525877,"MAP3K12"
7.61041205416076,0.545512337388425,0.170675187272659,3.19620178015069,0.00139249692216519,0.0161122815525877,"TUBA8"
5.3224902641569,1.52957837764782,0.478564987052421,3.19617694363477,0.00139261679910256,0.0161122815525877,"AP001066.1"
110.348808747402,0.569705786230411,0.178261619311871,3.19589706651157,0.00139396832340668,0.0161163530255462,"AL353622.1"
16.4033667764479,0.611730695654974,0.191406930353016,3.19596941723451,0.00139361882649321,0.0161163530255462,"AC004893.2"
32.2927247755516,0.410667287607599,0.128514025055606,3.19550560672198,0.00139586070850703,0.0161266673399531,"AC138932.2"
2.19795659546763,-0.77891118388754,0.243747848548658,-3.19556126761894,0.00139559148960133,0.0161266673399531,"RPS24P17"
2.04963948317417,-1.10133523074852,0.344684861297844,-3.19519466738879,0.0013973655314694,0.0161382706168448,"RPL7P46"
53.1197904841572,0.419153052327542,0.131189134354276,3.19502872239113,0.0013981692514772,0.0161417713977381,"AC064836.2"
1771.96388789379,0.499027763597257,0.156208523875594,3.19462569145513,0.00140012302294733,0.0161569712946068,"KSR1"
19.4144510818092,-0.865057215910481,0.270791532431056,-3.19455046523926,0.00140048797545126,0.0161569712946068,"HOXA9"
2523.8102744987,-0.33570261293246,0.105096378705898,-3.19423577735147,0.00140201560358606,0.0161688101350617,"RAP1B"
3094.03742154664,-0.324013320141361,0.101445526179939,-3.19396362109299,0.00140333800404228,0.0161707713633764,"SMCHD1"
72.8690871768528,0.460942975688857,0.144324847722209,3.19378806188704,0.00140419165196012,0.0161707713633764,"AL161421.1"
14.4021320719101,-0.753135273152635,0.235812334657101,-3.19379083476606,0.001404178165253,0.0161707713633764,"GALNT4"
2.55694738159693,0.968492507613485,0.303231796655916,3.1939015574691,0.00140363973063525,0.0161707713633764,"AL080312.2"
51377.8696037358,-0.30177282610414,0.0945070193196585,-3.19312605853572,0.00140741491894235,0.0161713599831154,"HSP90AA1"
766.487483872933,-0.375013123015021,0.11743553444448,-3.19335305782013,0.00140630890103477,0.0161713599831154,"NATD1"
197.844128639466,-0.876279999793105,0.274422358432954,-3.19318004843689,0.00140715178906781,0.0161713599831154,"CLTRN"
15.9567971653826,1.03074434540998,0.32277747403869,3.19335898045485,0.00140628005466953,0.0161713599831154,"AC092821.1"
15.3914650307814,0.686270236254979,0.214925795674589,3.19305662729305,0.00140775337176632,0.0161713599831154,"AC092384.2"
4.68083892514834,-0.693320768685074,0.217108276613904,-3.19343315463761,0.00140591883334611,0.0161713599831154,"PLGLB1"
1.43294994426956,-1.89159299795813,0.592294464698242,-3.19366989006363,0.00140476652616435,0.0161713599831154,"SNTG1"
984.877125549047,-0.654273542189815,0.204972290623025,-3.19200971117175,0.00141286582382023,0.0162185327479827,"CLMP"
14.8470128134646,0.777490837365519,0.243573878958214,3.19201238117533,0.00141285276352827,0.0162185327479827,"AL136366.1"
51647.1140079204,-0.226703086174288,0.0710253331415014,-3.19186234188631,0.00141358685163772,0.0162190548436307,"TMBIM6"
36.065466784085,0.450007747981664,0.140993471854164,3.1916920837805,0.00141442028904604,0.0162190548436307,"AC090589.3"
11.3093227736705,-0.716297783213623,0.224421096228442,-3.19175779483981,0.00141409857048619,0.0162190548436307,"MSNP1"
2.7619566828886,-0.770194254704807,0.241335360208696,-3.19138585426842,0.00141592046596652,0.0162304853981836,"POU1F1"
149.021979733067,-0.714746441448249,0.223986900973054,-3.19101893165723,0.0014177199019973,0.016245336972247,"RELN"
8.99562452962341,-1.08503537114916,0.34011538650816,-3.19019783929453,0.00142175428578746,0.0162857786661515,"P3H2-AS1"
153.517036761774,0.505223819675081,0.158391109960796,3.18972333611483,0.00142409054909778,0.0162951737954783,"GUSBP11"
10.9481881447424,1.12766429376865,0.35351948548378,3.18982217408888,0.00142360361894026,0.0162951737954783,"IGKV2OR2-1"
2.82689661596443,-0.961314200114694,0.301375032306244,-3.18976058752554,0.00142390701015799,0.0162951737954783,"ATP5MC2P4"
1735.42986089037,-0.327905611295721,0.102822378858741,-3.18904906631467,0.00142741647126323,0.0163274367207815,"RASA1"
24.5284863470032,0.543384246940728,0.170427547029477,3.18835925536583,0.00143082646102645,0.0163548384387798,"KCNK7"
3.65214916000536,-1.71802983039358,0.538837275061603,-3.18840197200011,0.00143061507903893,0.0163548384387798,"FAHD2P1"
3383.38389060789,-0.20027443793414,0.0628167336041676,-3.18823387405252,0.00143144707299702,0.0163561342554178,"ZFP91"
403.514705168313,-0.747194659560204,0.234448833273069,-3.18702656408584,0.00143743572288634,0.0164187442027878,"SDK2"
18.6224123717168,0.729415053027392,0.22891031932007,3.18646645198856,0.00144022189611361,0.0164447432861839,"AL596442.2"
5.90887479227775,-0.733869876835326,0.230331240816779,-3.18614997354655,0.00144179835922035,0.0164569161391363,"AC013356.1"
2673.73279629872,0.310790454250146,0.0975670452743674,3.18540397914249,0.00144552065077117,0.0164935645379039,"FAM160B2"
91.4884268398707,0.812557556092089,0.255123751900514,3.18495455652027,0.00144776741022973,0.0165086291503158,"GRIN2C"
26.8453484673458,0.584012026702261,0.18336701167534,3.18493507292513,0.00144786488562856,0.0165086291503158,"AC009078.3"
21.4032532291502,1.4821968921934,0.465439399603425,3.18451100928778,0.0014499879528033,0.016526992413624,"TPSP2"
1266.58401013042,0.220159990272552,0.0691379021088175,3.18436029380872,0.0014507431980604,0.0165297577460981,"VPS16"
19.3926796522771,-0.930858561621364,0.292335215750012,-3.18421630877814,0.00145146505522127,0.0165321408356093,"APCDD1L-DT"
3057.20791181965,-0.300325061073728,0.0943736581609608,-3.18229754919008,0.00146111625192861,0.0166360017440084,"MIB1"
5.85153342630822,-1.45377741427448,0.456846851810481,-3.18219860444078,0.00146161553545591,0.0166360017440084,"AL353746.1"
303.491758953195,0.442449382208286,0.139127927061027,3.18016225465798,0.0014719261089586,0.0167415369958978,"LCAT"
4.02475659496825,0.645182712793216,0.202876604597398,3.1801730617168,0.00147187121351919,0.0167415369958978,"PDXP-DT"
1197.24350481489,0.192322979194858,0.060480462433394,3.17991912523254,0.00147316160580194,0.0167496812338095,"ILKAP"
71.5810658136091,0.342103793289045,0.10761442629051,3.17897706730806,0.00147795783799257,0.0167982906189886,"EID2B"
7.29206838508132,1.61973762319382,0.509655712559,3.17810157578938,0.00148242806098146,0.0168313002909673,"AC104692.1"
2.98418379836486,-1.98387345123965,0.624214188299228,-3.17819346055724,0.00148195831674228,0.0168313002909673,"LINC01956"
1.69603901413299,-1.02461130726821,0.322387901074193,-3.1781940446717,0.00148195533100167,0.0168313002909673,"RPSAP39"
2.96934444260148,0.746976102611003,0.235055406765646,3.17787245521968,0.00148359999606734,0.0168386771816936,"AP000812.1"
51.1058595325645,-1.5851360911627,0.498848593706587,-3.17758957559585,0.00148504808241452,0.0168491820610331,"ISL1"
3.62187492223148,-1.36144229566557,0.428502312033259,-3.17721108482583,0.00148698764787656,0.0168652538535982,"BTNL3"
10.8523379590738,-0.692667109454046,0.218092412208062,-3.17602571515985,0.00149307715355679,0.0169283659692119,"CBX3P9"
90.6074874108011,0.427908867019464,0.134767047079736,3.17517431962642,0.00149746512920924,0.0169721487140077,"ARHGEF25"
21.2124019455523,0.447325157609904,0.140902569264695,3.17471256872238,0.00149984989607203,0.0169932044619967,"AC005606.2"
7.71013987233332,0.659706283415589,0.20783164840337,3.17423399411815,0.0015023252429482,0.0170092968605565,"AL157392.4"
2.5741177340734,1.14366044786667,0.360293733628943,3.17424462631509,0.00150227020883838,0.0170092968605565,"AC138625.1"
6013.01591964971,-0.892204577420194,0.281106498266271,-3.17390235701729,0.00150404278735244,0.0170227657698067,"HPGD"
460.503870003527,0.282076326353021,0.0888802207817456,3.17366815554709,0.00150525680347156,0.0170245547625185,"RBFA"
5.32867067076812,0.5974585265632,0.188253293874522,3.17369494188734,0.00150511790701962,0.0170245547625185,"AL353801.3"
2358.1804152653,0.21404817282687,0.0674479006117462,3.17353351083537,0.0015059551618123,0.0170264811334635,"SAFB2"
11.7151465340638,-0.685981728452949,0.216166114935855,-3.17340082952643,0.00150664362859584,0.017028294358245,"AC016582.2"
5637.76007991971,-0.260207997473536,0.0820136291347616,-3.17274092390147,0.00151007210597519,0.0170550875856988,"RBPJ"
148.249684021887,-0.680694050672522,0.214541276732012,-3.17278829063178,0.00150982577738162,0.0170550875856988,"PIPOX"
2.1308359949804,-2.07680801036836,0.654898116344922,-3.171192523746,0.00151814490788829,0.0171402599981996,"C3P1"
19.3069939274272,0.602985742578046,0.190154748691057,3.17102647569276,0.00151901297882094,0.0171440579286249,"AC009148.1"
1021.44360353909,-0.74753416918811,0.235767860472344,-3.17063643742824,0.00152105383107102,0.0171610849485252,"XDH"
22239.3984987176,-0.237782072137446,0.0750001036021018,-3.17042324899912,0.00152217039420778,0.0171676755373312,"ADAR"
30.4743649408246,0.829725642955244,0.261747801079299,3.16994312668121,0.00152468777479766,0.0171900549994233,"LINC01529"
55.7163880155285,0.604122831606774,0.190586835274021,3.16980357398862,0.00152542019739028,0.0171923013858265,"HRC"
5.55878174441237,0.894670444465828,0.282327696974729,3.16890781192434,0.00153012919950321,0.0172393487204685,"AC007036.5"
59.0030888123988,0.648991197321616,0.204810224941615,3.16874412645473,0.00153099113603857,0.017243034991814,"AC092535.5"
4500.26183349222,-0.315832510675758,0.0996758228367509,-3.16859697454446,0.00153176639170111,0.0172457427724868,"LIMA1"
4482.05567004795,-0.198582696979286,0.0626745353511468,-3.16847497738414,0.00153240939611248,0.017246763400077,"ZFR"
11.1915370518171,0.517429245117763,0.163310511899501,3.16837684910437,0.00153292677638768,0.017246763400077,"AL353708.3"
12371.8956732785,0.768909318991226,0.242731756516438,3.16773268576893,0.00153632711704268,0.0172609295780632,"IGKV3-20"
4241.91380495914,-0.650043731550374,0.205196651102459,-3.16790614299935,0.00153541080673142,0.0172609295780632,"CLDN1"
2348.30235821249,0.422128323318037,0.133257289007333,3.16776910638492,0.00153613467865382,0.0172609295780632,"NECAB3"
3.43133669266279,0.779852518925803,0.246166388616847,3.16798943717548,0.00153497097335694,0.0172609295780632,"AC099050.1"
8.36194300334016,0.573638897726784,0.181138457074527,3.16685317403785,0.00154098100778718,0.017307186553848,"AL592211.1"
156.519415252774,0.466944506887572,0.147455599877933,3.16667869700519,0.00154190578587859,0.0173115431983478,"LINC01135"
11.3265291375304,-0.716160462953156,0.226173486814855,-3.1664209321732,0.00154327294844615,0.0173208618944121,"UBBP1"
19.5343640700459,-1.17149301891877,0.370033510539169,-3.16591061499217,0.00154598292056984,0.0173452398308192,"TMEM82"
51.4207526893956,0.552498603132658,0.174533312946749,3.16557678190197,0.00154775806758556,0.0173591161354074,"TBX2-AS1"
3705.52425737906,-0.253506315360798,0.080120626431541,-3.16405807906914,0.00155585744081581,0.0174217244638772,"GNPTAB"
1470.31689632333,-0.271968166203984,0.0859482175136086,-3.16432584725707,0.00155442658187737,0.0174217244638772,"KDM1B"
386.064564569213,-0.608067987892352,0.192188012079142,-3.16392256371304,0.00155658204932331,0.0174217244638772,"IL1B"
24.5264842229845,0.627295071250117,0.198239829275245,3.16432410955698,0.00155443586362724,0.0174217244638772,"AC008763.1"
9.29716952294823,0.966035878290097,0.305320046737771,3.16401064591671,0.00155611103330519,0.0174217244638772,"AL645924.1"
2.15590315412455,1.32064926658696,0.417391651978531,3.16405289930161,0.00155588513162427,0.0174217244638772,"MOCS1P1"
12.6307099963557,-0.928810043817959,0.293619462411249,-3.16331225522458,0.00155984925726111,0.0174412374456081,"SEZ6"
6.6636773778498,-0.822986505760954,0.260167584387187,-3.16329379657139,0.00155994817159664,0.0174412374456081,"POU5F2"
20.9563234771197,0.361316582207473,0.114219591505112,3.16335032761259,0.00155964525709824,0.0174412374456081,"AC008438.1"
15.0989367040343,-0.545595588541421,0.172506977686823,-3.16274504288123,0.00156289141603867,0.0174680879411324,"AL138820.1"
148.447245931386,0.468041527123987,0.148038913298781,3.16161147562166,0.00156898751019392,0.0175301463153857,"UBAP1L"
898.227569147312,-0.245543666726066,0.0776689390477873,-3.16141394148555,0.00157005204592336,0.0175359640529265,"MOSPD2"
269.906202106469,0.647740213357677,0.204919971946689,3.16094232887261,0.00157259631406836,0.0175582992199219,"RHBDL1"
2.12749659688703,-1.10905418404991,0.35094545869758,-3.16018958662637,0.00157666509382198,0.0175976344583904,"RPL5P11"
2607.95096040071,0.353994161156483,0.112026891637861,3.15990344801146,0.00157821429285294,0.0176088304058972,"ABHD4"
4.9069049353989,0.596924888526004,0.188924591838863,3.1595933738215,0.00157989466496556,0.0176156672709369,"AC091564.5"
1.91976099516697,1.41125935555643,0.446659189479394,3.15958876207458,0.00157991966964024,0.0176156672709369,"ZNF680P1"
1070.35063656497,0.518317861714931,0.164079335108522,3.15894662403473,0.00158340487134101,0.0176301416009637,"METRN"
24.9514705901611,0.453679341878137,0.143617254161792,3.15894733210152,0.0015834010244163,0.0176301416009637,"AC099661.1"
13.9173054846598,0.487730627728022,0.154389947048106,3.15908280981567,0.0015826651327028,0.0176301416009637,"DPP9-AS1"
5.4726232897154,-0.880259998923179,0.278654016604519,-3.15897114870047,0.001583271633917,0.0176301416009637,"Z82215.1"
331.669479874235,-0.550988531393383,0.174435496392352,-3.15869500639974,0.00158477245415683,0.0176392777992015,"AC073861.1"
1514.16078433694,-0.270389078255053,0.0856291950580182,-3.15767394603968,0.00159033325080066,0.0176790603819782,"TCAIM"
567.307894050522,0.326586340694365,0.103427479002846,3.15763609287408,0.00159053974780955,0.0176790603819782,"HDAC8"
33.8612248531327,0.441463703457084,0.13980533783597,3.15770277652089,0.00159017599099731,0.0176790603819782,"AC008608.2"
5.25405815489334,1.00488086821476,0.318210325357955,3.15791408429117,0.00158902382076772,0.0176790603819782,"IGHD3-3"
12.6192908775903,0.608802377384123,0.192817576706634,3.15740083338148,0.00159182369153184,0.0176872346428133,"CASP16P"
985.140420433474,0.601953293396526,0.190684514544285,3.15680219148959,0.00159509512211822,0.0176990903737636,"GADD45G"
15.1521807960024,0.836972848648334,0.265141421866829,3.15670347829965,0.00159563515945204,0.0176990903737636,"TMC2"
12.8096465085748,0.420591665814295,0.133232064322784,3.15683516540972,0.00159491476681857,0.0176990903737636,"ZNF57"
10.1154621535636,0.629312624835093,0.199348902436878,3.15684017891374,0.0015948873464269,0.0176990903737636,"CCDC116"
4.56705972576275,-0.6917889607223,0.219131440432967,-3.15695894370722,0.00159423791222621,0.0176990903737636,"RPL10P8"
11.9995282073488,0.50374651343554,0.159610562972512,3.15609759187614,0.00159895351440507,0.0177297991994469,"RPL34-DT"
12.0751710164299,-0.45980108394785,0.145692713401347,-3.15596486065307,0.00159968131244105,0.0177317717152498,"MPRIPP1"
1798.70524748673,0.414411353680546,0.131356963698847,3.15484875724319,0.00160581325655475,0.0177875123523215,"NME3"
10.483715246094,-1.453491743363,0.46070423401338,-3.15493463279261,0.00160534068353513,0.0177875123523215,"ABBA01000935.2"
7.63444671717693,0.631532512015574,0.200191296880067,3.15464519116393,0.00160693399197293,0.0177938140697689,"AP002761.1"
44.7440557973245,0.583177740300433,0.184880157857546,3.15435548659464,0.00160853020531296,0.0178053746894323,"DCST1"
165.182880068819,-0.53917820295582,0.17094944615406,-3.15402135008915,0.00161037304190076,0.0178135433056913,"SAP30L-AS1"
20.4279929825624,-0.906990458408169,0.287561430663891,-3.15407548332962,0.00161007435327553,0.0178135433056913,"AL591069.1"
5408.01517492952,0.307216178480999,0.0974094585137066,3.15386393855962,0.0016112418744533,0.0178170419210379,"DUS1L"
305.172254730866,-0.501842654642177,0.159139388344943,-3.15347859421456,0.00161337060286534,0.0178344652346221,"ZFPM2"
2.58070577679456,0.609753922931447,0.193380983244286,3.15312246686213,0.00161534023142206,0.0178501184928733,"AC013472.2"
1068.13593766317,-0.253349168372642,0.0803682796410239,-3.15235276285945,0.00161960478567549,0.0178911121322734,"LACTB"
19.0133245341801,-1.41975170879517,0.450441056508677,-3.15191452528667,0.00162203747321791,0.0179118487410656,"UNC5D"
3.17178128409337,0.818411446575709,0.259699690125368,3.15137629228833,0.00162502984380764,0.0179387495082428,"TMEM89"
1566.09983068511,-0.470381754023679,0.149289278527362,-3.15080733635849,0.00162819854547653,0.0179614307556931,"PIK3AP1"
84.5128833342432,0.402192534268985,0.12764414272723,3.15088907078529,0.00162774299021877,0.0179614307556931,"AC092910.3"
2.2232336045194,-1.10003254535314,0.349139623283571,-3.15069522905365,0.00162882357794619,0.0179621806671939,"MAD2L1P1"
3597.86171806461,0.334248367446614,0.10609559116469,3.15044540284212,0.0016302172298,0.0179664547642576,"GIGYF1"
2.07112000745019,1.11399566807639,0.353601598301937,3.15042599758037,0.00163032552768546,0.0179664547642576,"ARNTL2-AS1"
36.8618758452914,-0.395120854278499,0.125425590443469,-3.15024113405777,0.00163135755559343,0.0179716858148651,"DGKZP1"
4.1036551828975,-1.58052833324797,0.50206653842076,-3.14804555232757,0.00164366077361559,0.0181010388132632,"DSG4"
2.26205823775154,-0.988906152925002,0.314164973659367,-3.14772885534089,0.00164544245443496,0.0181144731796706,"BTBD9-AS1"
2590.92077618394,-0.345336221642841,0.109716928347801,-3.14751995743202,0.00164661864939732,0.0181150523199647,"TWSG1"
122.094552516457,0.382920551477291,0.121654953326002,3.14759523561007,0.00164619470817903,0.0181150523199647,"RPL36A"
5.27273138527633,0.701162286761961,0.222790837970622,3.14717738462126,0.00164854917265407,0.0181301050723842,"SCML2P2"
4409.05205982713,-0.215171835117772,0.0683757107468358,-3.1469045479389,0.00165008819694192,0.0181408434743922,"PRRC1"
985.710834201962,-0.335918678187091,0.106750251748774,-3.14677176572513,0.00165083767649454,0.0181428973682912,"HFE"
44.7328822488857,-0.490095697723617,0.155769587029945,-3.14628617221282,0.00165358124195664,0.0181668576309683,"RPL4P5"
7.89773173970347,-0.823613581494214,0.261784791091296,-3.14614755907261,0.00165436516475155,0.0181692795427158,"GPR21"
957.318892925271,0.638447141379636,0.202956171099532,3.14573899340333,0.00165667778645855,0.0181884832224569,"APBA2"
227.066988039817,-1.12749742348231,0.358461602070576,-3.14537852023639,0.00165872065766048,0.0182047132764677,"CPB2"
287.328819169952,-0.835683019366903,0.265722339216407,-3.14494830141591,0.00166116182474828,0.0182253021568589,"AC004847.1"
1425.85418123325,0.224858484368665,0.0715103439681372,3.14441900138048,0.00166416973799025,0.018239684976715,"MUS81"
17.3890091407863,-0.680303082511778,0.216346327107935,-3.14450950753776,0.00166365505349093,0.018239684976715,"AC092375.2"
3.1729966577217,-0.825793086275736,0.262620348450156,-3.14443679307076,0.00166406854980167,0.018239684976715,"AC131571.1"
36.9633923294308,0.560627022328345,0.178333356503732,3.14370252049069,0.00166824934792036,0.0182781856009827,"GGT1"
2984.19569945496,0.318131470539157,0.101213677299831,3.14316680340284,0.00167130570655025,0.0182806148262256,"H1-10"
987.777816635408,0.325030079670483,0.103403075050667,3.14333088751199,0.00167036903148404,0.0182806148262256,"THBS3"
609.380865167669,0.884150141250404,0.281287172820306,3.14322950593706,0.00167094771174598,0.0182806148262256,"B4GALNT4"
4.06560550121985,0.743330140176098,0.236477707871622,3.14334127671618,0.00167030974091404,0.0182806148262256,"AC117395.1"
2.30164257645878,-1.31232156210854,0.41747964907617,-3.14343840475229,0.00166975553065017,0.0182806148262256,"AC004672.1"
9.35041812823571,-0.579299471807025,0.184315324996566,-3.14298049724198,0.00167236982213907,0.018286051174932,"Z97353.1"
2229.53709763433,-0.350178843708306,0.111429193463522,-3.14261310545106,0.00167447006221244,0.0183028092054373,"PDZD8"
2.58637810728761,-1.04807147653878,0.33355135296017,-3.14215927244022,0.00167706780408242,0.0183249919832726,"AC068491.2"
462.048665794772,0.310576392382104,0.0988535244779974,3.14178370495259,0.0016792203568338,0.0183360854744687,"NDUFAF5"
33.8938104049939,0.426995653071289,0.135906282570276,3.14183895693337,0.00167890352254188,0.0183360854744687,"SH3GL1P1"
1.4300133685358,-2.20022008560935,0.700348986856227,-3.1416052952198,0.0016802437965941,0.0183410498379069,"AC111000.4"
235.798940738162,0.668121235117922,0.212696496614707,3.14119529823851,0.00168259790155059,0.018360531078003,"ZNF334"
25259.0913471567,-0.202014403044961,0.0643165071252223,-3.14094175934718,0.0016840551793124,0.0183702162574182,"RHOA"
46.8780310348553,0.676895421413634,0.215548755724199,3.14033555489294,0.00168754419796455,0.0183958291627339,"CCR10"
16.1662241583377,-1.18779378838579,0.378228982154524,-3.14040923469086,0.00168711977810982,0.0183958291627339,"IGFL2-AS1"
47.0676595232849,0.457198164372007,0.145652458240413,3.13896634423677,0.00169544919413399,0.0184757550742989,"AC064836.3"
2790.06178312178,0.244185334878983,0.077799426788923,3.13865210782954,0.00169726820449764,0.0184830845167262,"IDH3B"
2.23699993254763,-1.5030043033279,0.478856027964146,-3.13873944475109,0.001696762459977,0.0184830845167262,"AC097658.3"
8.07675154931119,-0.909687871953513,0.289850329966939,-3.13847450874828,0.0016982970604884,0.0184880448060258,"SLC18A1"
3.74083743470757,-0.759405527657693,0.242035766043942,-3.13757565697882,0.00170351303726312,0.0185385683046066,"RPSAP49"
38.5387567097784,0.709130435487258,0.226043768893212,3.13713772761534,0.00170605964668885,0.0185596508998732,"MOV10L1"
9.12292128705005,0.664737730621846,0.2118993541915,3.1370446274277,0.0017066014860637,0.0185596508998732,"AC025165.1"
5.46926007234226,0.721470149567227,0.230009604648645,3.1366957508984,0.00170863334168713,0.018575482839751,"BSN-DT"
2851.51563044887,-0.213896471699924,0.0682096654892475,-3.13586747810165,0.00171346611400576,0.0186217441341812,"CDC27"
10.3045108821599,0.451952689708955,0.144133078031641,3.13566251329025,0.00171466397315526,0.0186284837649566,"ATXN2-AS"
67.5590113216176,-0.606753338245267,0.193517001682088,-3.13540067782804,0.00171619531715171,0.0186388406876244,"FTH1P2"
9744.31289016891,-0.4111200475496,0.131163416741468,-3.1344109338044,0.00172199520249935,0.0186955337725898,"TNFRSF21"
1577.21379135034,-0.348330652196272,0.111150927602125,-3.13385285854881,0.0017252734573087,0.018724820811484,"LMBRD2"
10.3529473523223,0.642214617887754,0.204939027979061,3.13368626864655,0.00172625315418589,0.0187291497162598,"AC009108.3"
26.4332514640032,-1.0922752545109,0.348596472153162,-3.13335142999093,0.00172822385119095,0.0187442240436099,"SH3GL2"
115.626049517934,0.302169252826545,0.0964778251768732,3.13200730087538,0.00173615557898094,0.0188112690336829,"PPAN"
13.4103458636228,-1.17839184727343,0.376236122297732,-3.1320539880031,0.00173587951726828,0.0188112690336829,"MGAM2"
15.4408843397866,0.851582274596756,0.27189014901865,3.13208212092429,0.00173571318635775,0.0188112690336829,"ESPNP"
663.748942353607,0.4031913535425,0.128755232792067,3.13145605657546,0.0017394181488608,0.0188339617897974,"SNHG12"
9.6226882432173,-2.27427638859057,0.72625491629853,-3.1315125550981,0.00173908350012275,0.0188339617897974,"AKR1B10P1"
39.4542863989078,0.346634121383893,0.110708022539187,3.13106596462958,0.0017417303349013,0.0188526668844889,"AC008393.1"
4.65380266828037,0.771624217309005,0.246463894598789,3.13077994066883,0.00174342747577439,0.0188647043477669,"AC079584.2"
32.1502721208557,0.952809576154041,0.304431484820188,3.12979972067218,0.00174925521312474,0.0189214137360642,"AC034105.1"
4494.82652067311,0.326075145568828,0.104206982771266,3.12911032348534,0.00175336463365085,0.0189595045647457,"SEM1"
7.65059679820244,-0.696723965511912,0.222703288431969,-3.12848530624524,0.00175709796194848,0.0189935044529094,"KRT18P13"
7.06280933055457,-1.56089236527715,0.499036876002257,-3.12780966765688,0.00176114187890059,0.0190308377631198,"TLX1"
59.0428808275424,0.509256184157766,0.162867746931839,3.1268080620707,0.0017671525609257,0.0190893917343548,"GPRC5D"
2668.98822214942,-0.285797114134601,0.0914125494478263,-3.12645381690968,0.00176928291329165,0.0190950887657441,"ASCC3"
2841.43332287099,0.31120780763522,0.0995424228346094,3.12638369423953,0.00176970489541419,0.0190950887657441,"DDX39A"
6.86055589771065,0.678709732377064,0.21709495674563,3.1263265741005,0.00177004869966845,0.0190950887657441,"RNU6-118P"
5.96116851318026,-0.70992214495553,0.227070926103728,-3.12643347669808,0.00176940530648782,0.0190950887657441,"RPSAP5"
21.3881363497341,0.625896725976951,0.200215280491225,3.12611866807231,0.00177130059781271,0.0191022032697226,"AC112496.1"
10440.6837996627,-0.352626051028944,0.112813217213868,-3.12575121725715,0.00177351517951337,0.0191196913953222,"IL6ST"
3089.08186094394,0.767445181929648,0.245582243135132,3.12500273689316,0.00177803405509292,0.0191620013724837,"IGHV3-7"
54.0530966625026,0.569724821713978,0.182319230116183,3.12487509601111,0.00177880572974678,0.0191639127148964,"TACR2"
44.7449347316177,0.680999556168141,0.217988126199423,3.12402133107533,0.00178397523247071,0.019200360938257,"ARHGEF33"
35.6135675008004,0.419547498085895,0.134294908100412,3.12407599082014,0.00178364385722001,0.019200360938257,"AP001273.1"
9.70434755797064,0.486002834480812,0.155563164824636,3.12415111269224,0.00178318852243376,0.019200360938257,"AC008622.2"
8431.74001783581,0.48697458798634,0.15591946402522,3.12324436869262,0.00178869169810534,0.0192446993011033,"MT-ATP8"
10.6531358200528,-1.56932172889416,0.502487667811933,-3.12310496241175,0.00178953916052137,0.0192473950070086,"SLC30A10"
58.0524055289142,0.509064809625907,0.163020942168643,3.12269578898204,0.00179202869174673,0.0192677443032255,"AL450384.2"
151869.632407102,-0.550304401709201,0.17624678160491,-3.12235149316265,0.00179412595435379,0.0192715401062621,"FN1"
58.6613462438805,-1.22510285894307,0.392360704671536,-3.12238928199667,0.00179389565519114,0.0192715401062621,"SLCO1A2"
3.66608877423372,0.635365202085609,0.20348984769098,3.12234349425861,0.00179417470612495,0.0192715401062621,"AC069234.4"
5440.19591995223,-0.281577031126713,0.0902236774994397,-3.1208773454004,0.00180313119283333,0.0193484077580402,"HSD17B4"
3031.50262447193,0.23150467079839,0.0741780393315259,3.12093273001893,0.00180279211091962,0.0193484077580402,"NADSYN1"
9.43476294901101,-0.762749263792584,0.244398459508004,-3.1209250063526,0.00180283939409774,0.0193484077580402,"RN7SL752P"
31.1882697527192,0.461509660567652,0.147907437220392,3.12026000342344,0.00180691472302992,0.0193825566347637,"AL109811.2"
926.30191686546,0.35026941309934,0.112274727299993,3.11975296242257,0.00181002770277247,0.0194030396528918,"BX255925.3"
2.5245495956607,0.654248800026525,0.209708788457232,3.11979676598032,0.00180975857631621,0.0194030396528918,"AL121890.5"
19.0468135041624,0.768603155536149,0.246441396829332,3.1188070081766,0.00181584857059835,0.0194574710825247,"STPG3"
15.6482210073719,0.617965180846012,0.198158742346163,3.11853604604782,0.00181751908514698,0.0194574710825247,"AC018638.6"
14.6554424660871,0.553572570348566,0.177507376107723,3.11858911154556,0.00181719181871845,0.0194574710825247,"LINC02371"
12.2420753717977,0.516108123378078,0.165494690215579,3.11857814112209,0.00181725947125741,0.0194574710825247,"SNORA66"
66.3671079207599,-0.346194315166674,0.111022060766779,-3.11824796599583,0.00181929668263318,0.019470037016763,"YWHAZP4"
21.4810937179179,0.891976018247184,0.286066750504585,3.11806952983474,0.00182039852379777,0.0194753650961709,"IGHV3OR16-6"
6.28017371676629,-1.14760887252634,0.368076208973733,-3.11785669529169,0.00182171357650824,0.0194829699086263,"LINC01320"
3.13206709366019,0.610489741442416,0.195865041790444,3.11688975154422,0.00182769908562885,0.0195405029894238,"AC009019.1"
1461.39331282097,0.275740485468133,0.0884851620912216,3.11623416798248,0.00183176750820873,0.0195725320933488,"TTC38"
942.773234325131,0.395178114367539,0.126821590901649,3.11601606286425,0.0018331228693414,0.0195725320933488,"COA6"
247.879616758587,-0.516017300916668,0.165596480417687,-3.11611273147296,0.00183252203215686,0.0195725320933488,"P2RX7"
20.1857754215115,0.812809303188572,0.260839982223619,3.11612236843257,0.00183246214420785,0.0195725320933488,"TTLL2"
47.1952425116515,-0.924076688599929,0.296576419951175,-3.11581308032533,0.00183438508270005,0.0195730466550838,"SCN2A"
2.79806971520009,-1.55250946996395,0.498254825839285,-3.11589449705545,0.00183387871033699,0.0195730466550838,"AC016735.1"
38.7857640670067,-0.974054025498013,0.312694637949901,-3.11503271013581,0.00183924512610654,0.0196184118727441,"PRIMA1"
45.6304729412864,0.553529453032377,0.177707136033189,3.11484088590005,0.00184044159250751,0.0196246822587317,"AC020907.4"
22.5433006144795,-0.701469744919257,0.225254940603839,-3.11411480271568,0.00184497687468776,0.0196665386196056,"AC022164.1"
1410.7581226027,-0.21334092393498,0.0685133587319418,-3.11385878438211,0.00184657847104213,0.0196730238009034,"GABPA"
599.343067673718,0.717821931301704,0.23052756818412,3.11382251136396,0.00184680549062908,0.0196730238009034,"MAPK15"
11264.7596039009,-0.42763635752061,0.137341982661575,-3.11366087217738,0.00184781744309893,0.0196773029896713,"ITPR3"
259.906605774979,-0.426311601863526,0.136937277492754,-3.11318882388388,0.00185077564874241,0.0196892975234902,"TPK1"
71.3628026502266,0.559063866341134,0.179578561761178,3.11319937557265,0.00185070947649871,0.0196892975234902,"AC061992.2"
7.36788625938954,0.534006722298144,0.171521345540736,3.11335432108839,0.00184973802522522,0.0196892975234902,"AL021707.3"
2130.2382443982,-0.231449327796229,0.0743520455716041,-3.11288446762818,0.00185268527779709,0.0196966161498738,"RNMT"
1.66456701581451,-1.79370082011286,0.576201022545573,-3.11297750251908,0.0018521013549492,0.0196966161498738,"GSTA9P"
1804.00749509034,0.208223062138071,0.0668965743517056,3.11261173170614,0.00185439804843739,0.0197083273143914,"WDR59"
1422.1002412015,0.293437826188828,0.0942945210362899,3.111928699186,0.00185869385075781,0.0197214818090443,"RABEP2"
636.721797334383,0.474595575069811,0.152500205763127,3.11209793255612,0.00185762863872701,0.0197214818090443,"TTLL3"
99.2170243663688,-0.597662870257968,0.192054326854672,-3.11194691651087,0.00185857915781165,0.0197214818090443,"PCDHB9"
28.991398389253,0.441174015255014,0.141766513849051,3.11197618730164,0.00185839488788172,0.0197214818090443,"AC012313.6"
2.10443921388753,-1.4917921750376,0.479366240850422,-3.11200924869277,0.00185818677497385,0.0197214818090443,"AC092868.2"
270.290670017955,-1.38940138758488,0.446545767467473,-3.11144229507469,0.00186175856765739,0.0197475016493791,"SLC28A2"
1096.82524570124,-0.456854892489002,0.14685647389032,-3.11089378892622,0.00186522014357409,0.0197777124398377,"IFIT2"
64.1597781713544,0.492000174313777,0.158162353096529,3.11072872071839,0.00186626303189449,0.0197822654383424,"AC008736.1"
2.02891844380288,-1.19894784764726,0.385467085732144,-3.11037671444765,0.00186848876996508,0.019799349453672,"RNU2-5P"
21.9583842253579,-0.502760514565309,0.161659977478651,-3.10998753313388,0.00187095240426592,0.0198189422718642,"FTH1P11"
1.37237585219705,-1.37223484724225,0.441313480123386,-3.10943333717924,0.00187446578095949,0.0198496384587976,"AC002558.2"
1074.85058236155,-0.443397990409047,0.142612605600894,-3.10910798201046,0.00187653122261632,0.0198649866294363,"CDK14"
682.316902529503,0.342330935383645,0.110115978737515,3.1088216197911,0.00187835085614161,0.0198777234513575,"MAP3K10"
63.3061989897781,-0.890054100716366,0.286312182253403,-3.10868400258503,0.00187922589463197,0.0198804589804488,"DIO1"
3.75135251355111,-1.03258340085002,0.332215823573154,-3.10817043494212,0.00188249471967153,0.0199085084407374,"AC025423.1"
2569.36605503217,-0.345975501750468,0.111317133604957,-3.1080166237326,0.00188347473398726,0.0199123419007931,"TDP2"
278.793340587817,0.51737364069277,0.166488347737696,3.10756667192048,0.00188634431132575,0.0199168553855498,"AL390719.1"
58.7588013502888,0.469184866997079,0.150981645703436,3.10756227891878,0.00188637234757231,0.0199168553855498,"AC012615.6"
20.9113652519264,0.457150313568628,0.147104997890892,3.10764637587431,0.00188583570516379,0.0199168553855498,"NSMCE1-DT"
4.23116650091664,-1.1053113259455,0.355651350319632,-3.10785077844391,0.00188453194896394,0.0199168553855498,"ARHGAP26-AS1"
2.69969410190427,-1.01710352276535,0.327378688914759,-3.10681042231853,0.00189117635743424,0.0199610414551447,"HNRNPA1P33"
18.7682199419168,0.37169554265863,0.119670335260393,3.1059956659255,0.00189639495194406,0.0199964863392531,"AL139260.1"
15.4331452294702,0.453989426360355,0.146164237041211,3.10602261914692,0.0018962221026031,0.0199964863392531,"AL117336.1"
4.38975858664827,0.65345932752914,0.210381076005798,3.10607465241375,0.00189588845741272,0.0199964863392531,"AC073896.4"
45.1974645101686,-1.24756082519331,0.401679717081749,-3.10585964921751,0.00189726743946996,0.0199991463176557,"LINC01108"
564.951081457131,0.243938754022501,0.0785743057073422,3.10456136807718,0.00190561391678686,0.0200805623355531,"GALT"
7832.68521246844,-0.349580719039835,0.112624336226219,-3.10395364584135,0.00190953245772205,0.0201152806596692,"MYO1D"
25317.1280823893,-0.521753258925444,0.168138705166477,-3.1031121502265,0.00191497056721049,0.0201659784257682,"HLA-DPA1"
14.040293725989,0.496053143725872,0.159931650335028,3.10165713094769,0.00192440709986037,0.0202587355321573,"MIR3682"
3266.96180778912,-0.259045477274394,0.0835314784292917,-3.10117194314564,0.00192756326808065,0.0202654964392764,"SH3D19"
942.98365578433,0.360773308052352,0.116333623455414,3.10119548705212,0.00192741000426098,0.0202654964392764,"MAP3K8"
308.629329557976,0.532979967633065,0.171860553633546,3.10123502086189,0.00192715267610281,0.0202654964392764,"TRIM46"
2.82803741087985,0.644455005568057,0.20780588236175,3.1012356254968,0.00192714874073947,0.0202654964392764,"RNA5SP122"
2.517004622926,-2.31271735550448,0.745806633789906,-3.10096109463673,0.00192893632803757,0.0202733220005122,"AC106876.1"
1516.90530377129,0.403151984853575,0.130020558979631,3.10067875432478,0.00193077635402894,0.0202860487245563,"WDR90"
5.49169445617617,0.589089401633832,0.189997178702799,3.10051657427666,0.00193183401817958,0.0202905498098373,"AC092656.1"
2858.99549802995,-0.307439897334166,0.0991623425409019,-3.10036944929326,0.00193279396026236,0.020294021897968,"CCNG2"
129.037788973259,0.519924694277801,0.167717660325757,3.09999968559039,0.00193520848067634,0.0203123257603042,"PATL2"
2.27378783355523,0.629287659227615,0.203001938269226,3.09990960969565,0.00193579708672399,0.0203123257603042,"AL110115.2"
2.55591308908424,-0.97117817668263,0.313311307354127,-3.09972271631082,0.00193701887655387,0.0203185340515548,"AC007552.1"
68.940617560155,0.487393651959619,0.157246216250083,3.09955726492313,0.0019381010830871,0.0203232746094775,"LINC02361"
102.983392368838,0.332399979245974,0.107256654366176,3.09910822046672,0.00194104105165341,0.0203408738090881,"RARA-AS1"
35.8769694492828,0.622891928127995,0.200985727077744,3.0991848883232,0.00194053880477672,0.0203408738090881,"AC073349.2"
1080.63956560221,-0.30106816271712,0.0971561638906863,-3.0988066084604,0.00194301805373236,0.0203487379557403,"ULK2"
14.8667959461164,0.722837089296563,0.233263461042375,3.09880118414795,0.00194305362585592,0.0203487379557403,"AC103957.2"
3.69292745119219,0.729509307688622,0.23544365532317,3.09844538680517,0.00194538821721035,0.0203665724233597,"MPP7-DT"
10588.4780517902,-0.399668971798648,0.129009543957108,-3.09797988225993,0.00194844654967575,0.0203914688123077,"SERPINB1"
3458.53546299161,0.295701768758972,0.0954526062292948,3.09789098946802,0.0019490310708492,0.0203914688123077,"SH3GLB2"
1165.82877497442,-0.769746835163699,0.248492242024614,-3.09766948413404,0.00195048829613385,0.0203937705706992,"ADGRV1"
35.6981271225891,-0.434200162115487,0.140170135781092,-3.09766527438905,0.00195051600062138,0.0203937705706992,"AC093675.1"
71.4717895907805,0.558833119228805,0.180414225821296,3.09750030345357,0.00195160196497757,0.0203985106517672,"AL590822.3"
53.0533798270932,0.359823099325287,0.116174736995396,3.09725770534387,0.00195319993889406,0.0204085975468694,"SPTY2D1OS"
36.9507397479469,0.407671156232478,0.13164564469784,3.09673105531281,0.00195667307478564,0.0204382647542802,"AL731569.1"
5.38161539238171,0.627369723159133,0.202675320972018,3.09544210982525,0.00196519730643389,0.0205206564591842,"FERP1"
489.12306508741,-0.56101234032416,0.181266206565936,-3.09496376049603,0.00196836945583965,0.0205471262879733,"PPP1R3C"
11.0149523502884,0.496465147565547,0.160421926306986,3.09474620455251,0.00196981372151877,0.0205555480421918,"AC018755.3"
38.4966562926254,-0.701298213787261,0.22663893386397,-3.09434130240034,0.00197250429301502,0.0205769656836846,"AC005586.1"
162.271006892118,0.49676948379991,0.160559554870488,3.09398892018989,0.00197484861501764,0.0205947586000142,"DDX12P"
1408.61212252686,0.252534131112777,0.081651998260457,3.09281017602574,0.00198270914195356,0.0206661835483417,"CEP164"
5.21432427409091,0.710376917722146,0.229689560514432,3.09276971983892,0.00198297943552703,0.0206661835483417,"AL391987.2"
11.6527319297131,0.44354025941574,0.143416683524653,3.09266849933465,0.00198365585237996,0.0206665534604174,"AC063948.1"
3417.30386109181,-0.249589988629029,0.0807297933622509,-3.09167134256207,0.00199033078823136,0.0207160155798967,"EIF2S1"
121.821433703472,-0.456877661792983,0.147776153574931,-3.09168733073919,0.00199022360145509,0.0207160155798967,"AC241585.1"
20.9619428242613,0.520086020563058,0.168220669785882,3.09168915582755,0.00199021136616716,0.0207160155798967,"AC025178.1"
33.9918151816855,-1.14624171167041,0.370845377852773,-3.09088849457219,0.00199558558661715,0.0207640068539754,"SOHLH2"
1735.45683157867,-0.350037818957735,0.113277189353732,-3.09009978932887,0.00200089257501002,0.0208125100261929,"SGPP1"
9.09142169603553,0.69661861845042,0.22545071645659,3.08989312342484,0.00200228531512384,0.0208135686609182,"EIPR1-IT1"
2.1580664625171,-1.01944607514884,0.329928464145133,-3.08990034488324,0.00200223663406885,0.0208135686609182,"POU5F1P4"
702.149386551815,0.333550878747769,0.107972218189351,3.08922873255063,0.00200676873483179,0.0208534508071708,"ZNF862"
2241.23683214008,-0.254929930534948,0.0825367121277149,-3.08868531303351,0.00201044266735703,0.0208848981343194,"TTC19"
113.876446289922,0.646716416909998,0.209395720624092,3.08848917725012,0.00201177021089077,0.0208919582770283,"RGS11"
1283.00101536076,-0.402454640443037,0.130320088101082,-3.08820110780523,0.00201372146519035,0.0208920362435852,"SPIRE1"
66.821015255255,-0.872737373752327,0.282590280246027,-3.08834887382718,0.00201272034702997,0.0208920362435852,"LINC00513"
20.0646386529014,0.544973936961967,0.176468271236968,3.08822619013566,0.00201355149963734,0.0208920362435852,"LINC01237"
319.716673865226,-0.364569095606577,0.118072505724573,-3.08767137081859,0.00201731420205493,0.0209225784642205,"Z99129.4"
9357.52774909118,0.284858189500088,0.0922702941744964,3.08721449355499,0.00202041751917092,0.0209430189853276,"EDF1"
59.4088801979318,-0.945896346243098,0.306393952746781,-3.08718999759383,0.00202058403049633,0.0209430189853276,"AMH"
2540.92180462195,0.345990502616772,0.112127756924254,3.08568112042498,0.00203086493540842,0.0210428148593331,"CDK10"
1.83404936167198,1.9919307441774,0.64561881866888,3.08530465125585,0.00203343752156405,0.0210627025001069,"GCG"
520.269602187623,-0.752834103708878,0.244052690829168,-3.08471953802733,0.00203744180376341,0.0210974023642746,"HOXB2"
121.840342463813,0.550219702588401,0.178393255736151,3.08430775770017,0.00204026420071353,0.0211198456346735,"PPP1R32"
154.625964702962,0.222244240378306,0.072081727809436,3.08322576514616,0.00204769742649411,0.0211899882918172,"PSMD9"
34.8002915620248,0.740069028702068,0.240056785261653,3.08289152458415,0.00204999865787433,0.021200194587286,"LINC00337"
12.0869140818585,-0.731660136647731,0.237322270963953,-3.08298135558826,0.00204937994237389,0.021200194587286,"AC126544.2"
97.766794691018,-0.981400169954314,0.318368576792224,-3.0825911898799,0.00205206847255098,0.0212012008642763,"GALNTL6"
15.391015354471,1.02186951569302,0.331488624372438,3.08266842528183,0.00205153600679409,0.0212012008642763,"AC015883.1"
13.2783603047948,0.467677923663774,0.15170745607299,3.08276162404809,0.00205089365735589,0.0212012008642763,"CYP2F2P"
18.8035866219365,-0.62538178181518,0.202889278715914,-3.08237963964,0.00205352756263059,0.0212094799029543,"AC016949.1"
48.8786256979289,0.432537034055451,0.140330387050523,3.08227635615175,0.00205424026828445,0.0212100472144836,"RAB4B"
71.6790236298393,0.412269569166642,0.133786183657272,3.08155564271702,0.00205921985710006,0.0212546556633135,"ENDOG"
20.6479745347345,-0.556855708760485,0.180730725060152,-3.08113470233214,0.0020621333593912,0.0212779168555422,"EEF1A1P14"
45.5335335829435,-0.66633051243566,0.216317666873609,-3.08033329901337,0.00206769065852273,0.0213223965675325,"PIANP"
3.38503859459397,0.707264883554341,0.229607424362863,3.08032236116462,0.00206776660154052,0.0213223965675325,"TERB1"
2288.0312277895,0.276493696289277,0.0897796652022279,3.07969177281378,0.00207214919338821,0.021331152783807,"ADRM1"
140.573233092865,0.660135155330203,0.214362022936316,3.07953408111996,0.00207324648238335,0.021331152783807,"ASMTL-AS1"
40.4499994186338,-0.730307587672615,0.237147473768246,-3.07955035770827,0.00207313319797315,0.021331152783807,"ADRA2B"
33.6870571289329,0.383479814039079,0.12451756158301,3.07972473251038,0.00207191991247067,0.021331152783807,"CBX3P2"
29.7448882461183,-0.562265594399543,0.18258019410878,-3.07955414958399,0.00207310680748382,0.021331152783807,"AC009245.1"
8.78582125788375,0.635387098425682,0.206308883533646,3.07978545345606,0.00207149757405788,0.021331152783807,"AC087482.1"
2.32759131795414,-1.77055768621421,0.574840360409561,-3.08008589541751,0.00206940904212368,0.021331152783807,"AL391421.1"
1881.01928532494,0.293262298581748,0.0952451843753391,3.07902494498902,0.0020767929178595,0.0213508270939063,"ZNF768"
27.1361037041318,0.613663069077767,0.199307299167908,3.07897940336235,0.00207711041331737,0.0213508270939063,"CCDC188"
7.7322624975826,-0.745027014595368,0.241972459615176,-3.07897442452844,0.00207714512617721,0.0213508270939063,"AC016590.2"
10.8373329710285,0.446222237923518,0.144931265897582,3.07885420830346,0.00207798344563609,0.02135263741381,"AC010359.2"
8.2549284427744,1.33429199973473,0.433484250916462,3.07806338272683,0.00208350595318863,0.0214025643391422,"LERFS"
5.9919051526374,-0.741074876935039,0.240767898812559,-3.0779638007805,0.00208420230915866,0.0214028991907073,"EEF1A1P28"
91.9491869324265,0.502549097195874,0.163291955239496,3.07761087469863,0.00208667196764975,0.0214146204955017,"CHMP4BP1"
12.0978635879236,0.470805639783857,0.152977200520612,3.0776196595415,0.00208661046170114,0.0214146204955017,"FITM1"
7.50737986420386,-0.68961008492194,0.224097747113929,-3.07727361744225,0.00208903448874538,0.0214252280819322,"PA2G4P6"
4.71017725279778,-0.715864394400632,0.232623524571561,-3.07735168108681,0.00208848742692803,0.0214252280819322,"AL031985.2"
267.03490039874,0.589176769800984,0.19147195979195,3.07709165582873,0.00209031016689538,0.0214314948589958,"MIR4458HG"
1252.86161712448,-0.565321118429277,0.183736439654117,-3.07680457667238,0.00209232424546487,0.0214453259043277,"PTGIS"
1587.51881189141,0.338681990685336,0.110098423500822,3.07617475270032,0.00209674917710476,0.0214702055305631,"TRAF2"
168.566671974916,-0.828593672575368,0.269352025849028,-3.07624815504375,0.00209623303540705,0.0214702055305631,"LINC01671"
2.37738426914698,-0.956020460062817,0.310778897943415,-3.07620776825357,0.00209651700791955,0.0214702055305631,"EEF1A1P2"
243.37167161743,-0.216313707212611,0.0703527909501253,-3.07469972820212,0.00210714581195549,0.0215288075749381,"GIN1"
88.4284141011266,-1.52217124495806,0.495025756587851,-3.0749334245761,0.00210549546935487,0.0215288075749381,"SALL1"
87.9588414420691,0.742542930070068,0.241465873312101,3.07514647881654,0.00210399193271278,0.0215288075749381,"RUFY4"
5.88403266758157,0.582397408572855,0.189405863912705,3.07486471929547,0.00210598053674892,0.0215288075749381,"AC104561.4"
2.55920329920571,1.21903379428299,0.396472104706328,3.07470255741181,0.00210712582524096,0.0215288075749381,"OVAAL"
4.31239369453123,0.71761613726693,0.233363807169174,3.07509611696857,0.00210434725041768,0.0215288075749381,"AC009754.2"
1.88097450093614,1.34924185657985,0.438778726780685,3.07499378212617,0.00210506942247318,0.0215288075749381,"AC128709.2"
2064.97934064852,0.504825284732004,0.164201782959452,3.07442023852241,0.00210912110052146,0.0215377652466175,"THBD"
23.1636951188091,-0.763712438004344,0.248411315497218,-3.07438667387476,0.00210935843227844,0.0215377652466175,"NAGPA-AS1"
1890.45125992828,-0.623657925349843,0.202885303789486,-3.07394332512596,0.00211249559938757,0.0215629694847269,"CAMK2N1"
2465.16467207558,0.345893657215915,0.112538826225028,3.07354953679967,0.0021152856609557,0.0215846158663027,"ZNF512B"
704.589856500524,1.28113040357699,0.416860730193094,3.07328158011804,0.00211718611419906,0.0215971737590473,"LINC00942"
411.074114735714,-0.315687112925557,0.102726257070999,-3.07309077471176,0.00211854033483586,0.0216041534145422,"PDIA3P1"
6.69235141933804,-0.634290817381743,0.206445615249802,-3.07243540442475,0.00212319780629578,0.0216448034347163,"SIGLEC22P"
21.120869408127,0.573418083442134,0.186646881222207,3.0722082238249,0.00212481448408464,0.0216544383815769,"SNHG25"
7.87975021381563,0.976966059376193,0.318017846375975,3.07204790708877,0.00212595602004622,0.0216592264980696,"H3C2"
210.1694293155,0.905605628727912,0.294810121218038,3.07182679138121,0.00212753139806261,0.0216684301738878,"NAT8L"
18577.6141109719,-0.359282680614639,0.11697449202612,-3.07146177248979,0.00213013438213322,0.0216880906699987,"ITGB1"
17.8693053574351,-2.04956302247665,0.667330687739608,-3.07128543633885,0.00213139289765774,0.0216940542881861,"GABRG2"
21.4185699918998,-0.936159056438242,0.304834367207169,-3.07104171033975,0.00213313349866649,0.0217049194271066,"AC090001.1"
457.52821734747,0.549301298776417,0.178917435359218,3.07013845617431,0.00213959557826857,0.0217316057447128,"AKAP6"
226.521524383499,0.974010809557972,0.317256003876369,3.07010993537425,0.00213979991438869,0.0217316057447128,"MSI1"
202.569743227132,0.553067947924317,0.180119372681776,3.07056336966843,0.00213655342081775,0.0217316057447128,"PPIEL"
105.266214302963,0.453346608378342,0.147656307539364,3.07028271215222,0.00213856233621365,0.0217316057447128,"AC232271.1"
46.0194096228174,-0.672997151233076,0.219199997022671,-3.07024251995529,0.00213885016923694,0.0217316057447128,"NUDT11"
8.2044004005556,0.905278559779949,0.294857270116479,3.0702263485731,0.00213896598924532,0.0217316057447128,"AC090505.1"
9.20925403975334,0.64030603225118,0.208599677939414,3.06954468279261,0.00214385333688105,0.0217659165137687,"AC002059.1"
89.7903331558371,0.471582162473587,0.153643349513224,3.06933013350505,0.00214539371074084,0.0217746994657974,"SMG1P7"
166.703412109937,-0.669952145217293,0.218302209880969,-3.06892058299635,0.00214833692924516,0.0217908538167695,"RPS3AP26"
8.72633345983908,0.532249097022302,0.173427754339605,3.06899607302794,0.00214779414498263,0.0217908538167695,"AARSD1P1"
11.0628889383576,1.47822575368198,0.481803534480635,3.06810898611494,0.00215418037793848,0.0218432535492536,"PTCHD3"
12.6165325187314,-0.6119844189813,0.199476654704747,-3.0679500811116,0.00215532618885125,0.0218480015591036,"AC011979.1"
6377.7775619483,0.343751933000314,0.112050521871092,3.06782982586891,0.00215619368064687,0.0218499262201314,"SHC1"
100.348935911487,0.457896187493621,0.149272065416873,3.0675276463473,0.00215837494251636,0.0218639701316874,"AL133367.1"
9.0299696480526,0.474975493721621,0.15484376014929,3.06745001066677,0.00215893567682719,0.0218639701316874,"AD000864.1"
9.49085183463579,-1.35177769743331,0.440704484403109,-3.0673109652246,0.00215994028534091,0.0218672761384043,"AC022730.4"
3582.87386619079,0.284797831863022,0.0928632811460091,3.06685084081009,0.00216326775784465,0.0218916803784638,"PLCG1"
10.2394725880635,0.553714236793916,0.180551733475046,3.06678992295825,0.00216370864835367,0.0218916803784638,"PARP11-AS1"
17547.1706247494,-0.226399956515134,0.0738304744670107,-3.06648383542889,0.00216592519165399,0.0219069746391642,"TMED10"
464.757449386035,0.408540727732327,0.133231666163805,3.06639359467317,0.00216657907037664,0.0219069746391642,"TEDC1"
47.1830438521051,0.400839642701111,0.130742873508159,3.0658622680195,0.00217043270013905,0.0219321850253788,"AC007686.3"
48.7623458237058,0.429080561245569,0.139950167852747,3.06595245885692,0.002169778117533,0.0219321850253788,"HDAC10"
589.796177377866,-0.311731656261261,0.10169308835828,-3.0654163551704,0.00217367168527099,0.021953248084811,"DHFR"
11.0659538792555,0.704790803458568,0.229918964373406,3.065387865587,0.00217387877608316,0.021953248084811,"MT1DP"
134.986646267973,0.269930728513678,0.0880722682949455,3.06487767079765,0.0021775904460003,0.0219838459396618,"CENPP"
2.94404299291542,-1.65613274725231,0.540438742859339,-3.06442269199666,0.00218090531855941,0.0219966506089923,"PROS2P"
6.92216951011288,0.651192791264038,0.212498692436624,3.06445552110045,0.00218066597839062,0.0219966506089923,"TMPOP2"
3.36433156340214,0.677669400360169,0.221138410647824,3.06445812997814,0.0021806469594333,0.0219966506089923,"AL133153.1"
1023.42345458256,0.191710595923682,0.0625645375547511,3.06420543356391,0.00218248984550453,0.022005748926921,"TATDN2"
4.51547449537622,1.42358012048486,0.464609471332034,3.06403594486239,0.00218372670700775,0.0220113371889543,"AC016769.1"
7.21492603753196,-1.57024339842423,0.512601863191628,-3.06328070804772,0.00218924594076139,0.0220531819306001,"MKRN9P"
9.03037789766593,0.864506519319025,0.282213265108508,3.06330929903891,0.00218903676654789,0.0220531819306001,"TSIX"
151.076439997132,-0.50729662852674,0.165611405204913,-3.06317447097955,0.00219002334104773,0.0220541232454978,"NPM1P27"
1472.99395801424,-0.189800641401328,0.0619668108139959,-3.0629402886498,0.00219173788719664,0.0220644983367642,"DCP1A"
47.4119093697862,-0.631903052587064,0.206316405519973,-3.06278626265564,0.00219286624613969,0.0220689675738996,"KLRF1"
371.462800671801,0.46072886216804,0.150447217661251,3.06239536583137,0.00219573225695079,0.0220909162637685,"TRPV1"
333.822328656647,-1.00978019502456,0.329755886386523,-3.06220521516619,0.00219712766078171,0.0220980603312246,"NCCRP1"
316.175961157725,-0.230876097531192,0.0754086549489157,-3.06166576883774,0.00220109076481968,0.0221310170600595,"LSM11"
2.66908591924886,0.735523649401275,0.240264463135797,3.06130852562062,0.00220371889791864,0.022150534870133,"MIR4326"
2.75981372632668,0.611819880480946,0.199874902342619,3.06101403082706,0.00220588757169114,0.0221654237298787,"AP000926.2"
3.28757405653767,-1.17616638234041,0.384311198842238,-3.06045305440926,0.00221002404148082,0.0222000701612303,"AL034418.1"
31.7104891762192,-0.721939007690938,0.235960792633441,-3.05957188748916,0.00221653585395529,0.0222585483060692,"BRINP3"
14.4133732685485,0.519611050674742,0.169861199383401,3.05903321394725,0.00222052530011343,0.0222847302527724,"EDRF1-DT"
3.00345637890954,0.976441324579271,0.319192808640676,3.05909562542331,0.00222006274045704,0.0222847302527724,"RPL35AP20"
1852.31053102337,-0.431266599583094,0.141027056608888,-3.05804155566496,0.00222788678819279,0.022346920320017,"OCLN"
89.4479209766036,0.537080756324772,0.17563280738456,3.05797512618925,0.00222838071991359,0.022346920320017,"FAM71F2"
23.1462345484104,-1.47326463993392,0.481786745018478,-3.05791858154465,0.00222880123272367,0.022346920320017,"HOXA11"
40.1230297516229,0.469814368912771,0.153656074470654,3.05757107573705,0.00223138717083595,0.0223658934795167,"RASA4"
973.164969189275,0.295978689291138,0.0968112084316266,3.05727708687961,0.00223357701314813,0.022380885888428,"TRPT1"
7.83200556827908,-0.835466413458826,0.273298234338064,-3.05697698882815,0.00223581439211198,0.0223963451611218,"FAM87A"
688.117442151664,-0.329054416496748,0.107647177120324,-3.056786302245,0.00223723712148005,0.0224036369509702,"SERPINB8"
160.337872023434,0.350487199086186,0.114670923172377,3.05646095269785,0.00223966649841281,0.0224210016272341,"CCDC171"
73.3692476524116,-0.764714115401273,0.250215604624516,-3.05622072032172,0.0022414618586692,0.0224320104384818,"GPA33"
11.2702169389879,-0.958779027803843,0.313726595335126,-3.05609738562223,0.00224238410434425,0.0224342772089917,"LINC01331"
18.8109758825849,0.537374255750632,0.175847460770019,3.05591137567482,0.0022437756671345,0.0224412364723176,"AC010973.2"
7.75158332634433,0.642615785523122,0.210319330192988,3.05542902277912,0.002247387894352,0.0224703946212031,"AC009704.2"
152.211262287281,0.326815779818148,0.106966112923779,3.05532070751256,0.00224819977411716,0.0224715442394321,"AL132800.1"
1202.68543380805,-0.763491326974916,0.2499134878523,-3.05502249412862,0.00225043642858153,0.0224869298542335,"SEMA3A"
14.3232646900212,0.720626583052309,0.235890033796407,3.05492593923773,0.00225116104458307,0.0224872019462767,"DTNB-AS1"
3.48396106210154,0.764544278276682,0.250278488515084,3.0547742349443,0.00225229997240876,0.0224916112140974,"EPO"
148.460993057121,0.249277102896728,0.0816082371488473,3.05455811331968,0.00225392342850911,0.0225008547839864,"ZFPL1"
121.089113369229,0.556922199156817,0.182342946270144,3.05425688543898,0.00225618797191036,0.0225164906079386,"SOX5"
3081.08135349124,-0.390132924628824,0.127750462674399,-3.05386701904295,0.00225912196874883,0.0225230141327019,"FUT8"
795.5624645901,-0.475980982913473,0.155859535038239,-3.05390993753891,0.00225879880815887,0.0225230141327019,"SLC37A2"
13.9995938970836,-0.848705221052898,0.277908516786731,-3.05390144521624,0.00225886274888372,0.0225230141327019,"SCARNA6"
42.1325136541157,-0.87137421781342,0.285341069028265,-3.05379881270125,0.00225963562472602,0.0225230141327019,"SH3PXD2A-AS1"
2798.19639482025,-0.193423913984339,0.0633436491486579,-3.05356443122502,0.0022614015467912,0.0225336504562058,"THUMPD1"
24.0442005584911,0.760475786962511,0.249065493258056,3.05331652737051,0.00226327072762096,0.0225381581680568,"STPG3-AS1"
10.9297648530952,-0.484419942860409,0.158658377529943,-3.05322637481899,0.00226395082357997,0.0225381581680568,"HNRNPA1P12"
6.15480991195619,-0.64378168938389,0.210841187279212,-3.05339624430849,0.00226266951214216,0.0225381581680568,"RPL21P93"
1232.53409677859,0.419661972652829,0.1374594455911,3.05298752550767,0.00226575356857243,0.0225491431538944,"SNHG3"
1044.50124379805,0.350170798735928,0.114723197211818,3.0523103195023,0.00227087201828374,0.0225931096049242,"CEP131"
375.094012279545,0.656273970812647,0.215027426615116,3.05204773708858,0.00227285951367888,0.0226059083956124,"VSIG10L"
107.15753976604,0.341116100303109,0.111772422371692,3.05188071498308,0.00227412453883779,0.0226115158047562,"MZF1-AS1"
137.912385781959,0.365931575132907,0.119916959449544,3.0515414734717,0.00227669593926181,0.0226301049819658,"AC025181.2"
359.528525764201,-0.475144718754291,0.155719541450038,-3.05128511380017,0.00227864087424953,0.0226406282756672,"CCRL2"
21.395237816926,-0.763133750982181,0.250108001121544,-3.05121686455494,0.00227915892022998,0.0226406282756672,"CAMP"
44.92357838791,0.567168427712116,0.185889196912033,3.0511102158374,0.00227996865348254,0.0226416967143654,"AL121906.2"
3023.74801596663,-0.353836059175779,0.116013474983434,-3.04995656087627,0.00228874466942664,0.0227218509438615,"FCHO2"
1354.88606638707,-0.557200695180616,0.182707814602834,-3.04968179052354,0.00229083944377722,0.0227356472344095,"ADAMTS12"
2084.00175505292,0.304274309576659,0.0997842473923,3.04932208768795,0.00229358437463903,0.0227517319109126,"PFKM"
2.54187591800739,1.02189206518314,0.335125194779648,3.0492845094952,0.00229387131159488,0.0227517319109126,"IGLV11-55"
924.957948117163,0.370674699860254,0.121568746054554,3.0490953628321,0.00229531608390119,0.022759061231671,"NAT14"
13.4849173239713,-0.602294439589596,0.197545891626869,-3.04888365244887,0.00229693419483381,0.0227681042460548,"LAMB4"
21.0587223273965,0.442305033089617,0.145079579468339,3.04870633558834,0.00229829023865436,0.0227745447896158,"AC067852.5"
90.8732284430379,0.346769708615872,0.113753758496357,3.04842418571143,0.00230044951255656,0.0227889384124075,"AL441992.1"
584.267616419908,-0.407429549316164,0.133660432077687,-3.04824354510058,0.00230183291840275,0.0227956395742926,"ABTB2"
490.257247720522,-0.539474539835171,0.176986457390282,-3.04811197302825,0.00230284102065777,0.0227986210350353,"RPL18AP3"
978.467747623931,0.210532760691893,0.0690776886791809,3.04776787870937,0.00230547937559998,0.0228132555281436,"RNF25"
25.2631587685492,0.455732992168561,0.1495317154426,3.04773466163772,0.00230573421510994,0.0228132555281436,"AC080112.3"
1727.41249524602,-0.170101497406537,0.0558168988660063,-3.04749100832137,0.00230760429855373,0.0228203141440658,"WDR48"
3.4616851633576,-1.49192159812925,0.489562755831399,-3.0474573082987,0.00230786306167773,0.0228203141440658,"PRKCA-AS1"
336.295494795272,-1.19873553502753,0.39340466540608,-3.04708011988158,0.00231076108888253,0.0228419654540212,"CNGA3"
7896.84740925173,-0.211119770003365,0.069288169983898,-3.04698146959903,0.00231151959183723,0.0228424606922438,"G3BP1"
98.3295797377037,0.482686659933901,0.158445168094445,3.04639558112737,0.00231602907581935,0.0228800115042264,"FAM47E"
45.5658655488396,0.479224290562086,0.157316499059164,3.04624304143622,0.00231720446911852,0.0228840753675419,"ZNF295-AS1"
27.0524171771349,0.661589594482666,0.217201329834593,3.04597395875289,0.00231927921541718,0.0228840753675419,"AC107959.4"
16.5879361167435,0.406552987783924,0.133465920226076,3.04611834313411,0.00231816573665442,0.0228840753675419,"AC026803.2"
6.97517771192227,-0.620891665226228,0.203838010269304,-3.04600532749474,0.00231903726099063,0.0228840753675419,"RPL4P3"
349.994605334046,-0.750009465335428,0.246301248047791,-3.04508999154523,0.0023261069735229,0.0229374065324911,"PCOLCE2"
48.5121799389061,-0.862243344966106,0.283156760982878,-3.04510950744434,0.00232595603431544,0.0229374065324911,"MYOM3"
104.298590063542,-0.505057290181706,0.165879264119148,-3.04472830201931,0.00232890596458422,0.0229509696907146,"LINC01106"
3.20388593987942,-0.532585859754628,0.174916292293918,-3.04480419045073,0.0023283184345097,0.0229509696907146,"AC099513.1"
479.951265653936,0.524028800491803,0.172123691825321,3.04448966283858,0.00233075439978944,0.0229621679258205,"ARHGAP33"
5.08378101707906,0.646100717679074,0.212227974518619,3.0443711256472,0.00233167305647723,0.0229642021093795,"AC091153.3"
57.6254819814435,0.630063664203628,0.206975683740611,3.04414341248533,0.00233343875129977,0.0229745748200491,"CCDC180"
1230.98382580209,-0.17829327824896,0.0585869242317003,-3.04322646370449,0.0023405611997604,0.0230327420615966,"KIAA1143"
131.586979650529,0.465646564523198,0.15301282947131,3.04318641862975,0.0023408727052289,0.0230327420615966,"NPIPA1"
2.25000944418971,0.735704120785398,0.241760833919417,3.04310714377591,0.00234148948605717,0.0230327420615966,"KRTAP5-7"
925.39038299209,-0.283941350634091,0.0933105511294444,-3.0429715310565,0.00234254493648458,0.0230360968212703,"KLHL28"
2991.22386581601,-0.374535345327961,0.123108790274435,-3.04231196239557,0.00234768446051911,0.0230795992162923,"LHFPL2"
249.437835261427,0.450265198506263,0.148049622162629,3.04131271616254,0.00235549051044668,0.0231441256994227,"KRTCAP2"
36.5960421178732,-0.824602167858632,0.27113583481827,-3.04128802602328,0.00235568368880463,0.0231441256994227,"SOWAHA"
7.99524380888497,0.562865841981983,0.185083138896577,3.04115137304057,0.0023567531390883,0.0231475799481884,"AC022819.1"
9.08848531381512,0.445493597648478,0.146498370198875,3.04094575962661,0.00235836311343471,0.0231563394009446,"NRBF2P6"
47.1885758214956,-1.03565127890783,0.340594282894452,-3.04071832946408,0.00236014508810889,0.023166781846597,"IHH"
221.362287278806,0.420811653868885,0.138401235068447,3.04051949869356,0.00236170398902832,0.0231750289489404,"SLC27A5"
2.59883756670483,-0.893891141724583,0.294030546381411,-3.04013019302098,0.0023647590084226,0.0231979477415841,"AC023794.5"
13.6606127104584,-0.604673151451182,0.198904099710712,-3.04002357080938,0.0023655963416064,0.0231991040252732,"RPL7P47"
224.889910397594,0.484776933890891,0.159497798170165,3.03939577506702,0.00237053209930772,0.0232404401161987,"AC005332.5"
71.4008421638041,-0.622491625703232,0.204816073145709,-3.03927136255749,0.00237151135461722,0.0232429737476086,"PCDHB3"
3089.31088337566,-0.229107713444491,0.0753862287672724,-3.03911891058747,0.00237271181449156,0.0232476731869584,"SMAD5"
258.153169974532,-0.998531558154547,0.328601178154897,-3.03873395634588,0.00237574555466329,0.023268712510752,"ORM2"
1.43879818970559,-1.0100529860697,0.332400424164323,-3.03866334890829,0.00237630238169968,0.023268712510752,"EIF3LP1"
17.7477905837806,0.996915568311056,0.328133770684737,3.03813766632654,0.00238045179725225,0.0232951952055839,"AC105118.1"
3.34348159545331,-1.13280004956099,0.372859193302936,-3.03814434485627,0.00238039903946414,0.0232951952055839,"FAM156B"
2.98384801486215,0.763324268724184,0.251267625468576,3.03789343056313,0.00238238190037655,0.0233070098233137,"BFSP2-AS1"
22.4452380927509,0.521790862533453,0.171798423930257,3.03722729578286,0.00238765339716257,0.0233514964487435,"AC073842.2"
199.857798925349,0.348207092266185,0.114666458202763,3.03669527884481,0.0023918712118245,0.0233856541010555,"C6orf226"
122.529528403756,-1.05091593254834,0.346137047697478,-3.03612670050516,0.00239638642325074,0.0234179131840494,"HAVCR1"
32.2379441817911,-0.475621584385464,0.156655600033378,-3.03609691759582,0.00239662315110445,0.0234179131840494,"AC138392.1"
9752.56808925574,-0.321487677312413,0.105897577310511,-3.03583599811497,0.0023986979710181,0.0234274937159183,"LTA4H"
3160.00063512517,-0.34130598775937,0.112442635792936,-3.03537875426441,0.00240233791934687,0.0234274937159183,"DHRS7"
2154.29336977419,0.360895971552335,0.118894543933218,3.03542920989754,0.00240193601277303,0.0234274937159183,"ATP5F1D"
551.093371865236,-0.608258104025755,0.200369889897431,-3.03567619035535,0.00239996956690407,0.0234274937159183,"AQP9"
632.7327122609,-0.551738644211875,0.181759208633667,-3.03554713051099,0.002400996950922,0.0234274937159183,"ACSM3"
75.4432426998221,0.479980098118777,0.158126294922034,3.03542240305724,0.00240199022936822,0.0234274937159183,"RAB5IF"
4.9387569732153,0.824386430158754,0.27159655566675,3.03533462762422,0.00240268946250711,0.0234274937159183,"AL136307.1"
139.404955221753,0.370885004489763,0.122196949252608,3.03514127609735,0.0024042303890132,0.0234354319509464,"ZNF296"
742.3385641472,-0.47468551513193,0.156405928333841,-3.03495858621634,0.00240568717800429,0.023442545498564,"APOL4"
1.49999490951874,-1.46224669949152,0.481883104107032,-3.03444276636589,0.00240980474403083,0.0234755752179075,"AC104763.2"
207.977536172516,-0.753659595955153,0.248411219825013,-3.03391930721185,0.00241398988530877,0.0234930938882001,"HES2"
87.1140277476237,0.783362407990604,0.258207074522584,3.03385338856038,0.0024145173870521,0.0234930938882001,"AP001042.1"
35.3382585045515,0.39228713342813,0.129300084718973,3.03392789170051,0.00241392119729902,0.0234930938882001,"PAN3-AS1"
2.52161775901104,0.648942161563537,0.213899865067037,3.03385961164658,0.002414467583453,0.0234930938882001,"CERS6-AS1"
10.0867392243933,0.508846891013711,0.167737046076885,3.03359873632491,0.00241655618540261,0.02350583837053,"CAMTA1-DT"
142.04120125559,0.369909347881257,0.121949538279452,3.03329847000811,0.00241896220380886,0.0235221460379423,"LENG8-AS1"
2914.70822918417,-0.278020128486091,0.0916600992385481,-3.03316416625881,0.00242003908228827,0.0235255231258322,"NBN"
3.61283819330221,-0.91798326496696,0.302677910634696,-3.03287168542299,0.00242238577963032,0.0235412385365219,"AC099804.1"
2530.46452866832,-0.396687758173197,0.130805409380423,-3.03265560692146,0.00242412080627634,0.0235510019278037,"HNMT"
46.3928653704557,0.418101645816446,0.137873382723348,3.03250444398972,0.00242533526213438,0.0235557034721455,"AC018638.1"
368.583317844767,0.344398547131273,0.11358227871557,3.03215035854058,0.00242818219498408,0.0235762525977903,"RPL32P3"
426.499400128597,-0.347501116727109,0.114610493590954,-3.03201832431979,0.00242924456477433,0.0235794674867996,"EIF3C"
20.8326870561007,0.53604588933661,0.176803832016541,3.03186804959329,0.00243045421837662,0.0235841096212922,"AC007098.1"
761.905402306102,-0.186780936012877,0.0616198684319106,-3.0311803768174,0.00243599675566086,0.023622393691087,"AGGF1"
59.0504400371358,0.341272030692543,0.112589998789216,3.0311043108851,0.00243661054542657,0.023622393691087,"LINC00539"
32.1799645828705,0.408342270948101,0.134736388704987,3.03067549065895,0.00244007342224016,0.023622393691087,"DBNDD2"
18.5459875037456,0.579189389125875,0.191093784707785,3.03091693961452,0.00243812308187217,0.023622393691087,"AP001189.1"
15.9313378270246,0.496530950265088,0.163813792183148,3.03106926253166,0.00243689340455876,0.023622393691087,"METTL14-DT"
2.0600233593591,-1.28525847573697,0.424070376582867,-3.0307669356523,0.00243933459359566,0.023622393691087,"AC073569.1"
4.71100252605068,0.692928921539,0.228640186384954,3.03065236472621,0.00244026030035698,0.023622393691087,"AL132765.2"
2.62071255446328,0.710205708423751,0.234319913246831,3.03092340118624,0.00243807090715792,0.023622393691087,"MIR4668"
795.495862464764,0.440448039600946,0.145350030454444,3.03025763547391,0.00244345208445656,0.0236461922158769,"PLEKHF1"
4.18434898567408,-1.09918928391498,0.362757401001524,-3.03009471586319,0.00244477056730987,0.0236518532681988,"OR7E11P"
25.5682372213547,0.743377141434143,0.24535208064784,3.02983834280636,0.002446846672684,0.0236634131832272,"AL021807.1"
11.4573026315471,0.672802769556511,0.222064271682822,3.02976595225317,0.00244743318238681,0.0236634131832272,"MTCO1P2"
84.5220671748126,-0.466724104742357,0.154058100309165,-3.0295330385467,0.00244932112686549,0.0236701828669486,"BX470102.2"
1.76941844523842,-2.34879828295468,0.775309283385377,-3.02949846375976,0.00244960149564297,0.0236701828669486,"CENPVL3"
4187.66692554636,-0.242859066071234,0.0801749056480112,-3.02911570781822,0.00245270724661464,0.0236930932196193,"ACOX1"
10110.8865106244,-0.549168927509111,0.181324368951428,-3.02865483930745,0.00245645159833162,0.0237221568697823,"COL5A2"
39.7029159378829,0.441849858695017,0.145915445224883,3.02812260904968,0.00246078224043371,0.023742646122916,"AC062029.1"
4.90354901672589,0.823269229811908,0.271871449974624,3.02815624769997,0.00246050832335171,0.023742646122916,"AC108667.2"
2.02084089908334,-1.43356504405636,0.473403821040575,-3.02820759009778,0.00246009029973131,0.023742646122916,"AC025423.5"
3118.15135323285,-0.38099241664355,0.125836820323069,-3.02767040414247,0.00246446722191892,0.0237644639929138,"ANTXR2"
8.84148176926089,0.608026735647789,0.200823700504116,3.02766423545376,0.00246451752495902,0.0237644639929138,"PVRIG"
4407.42587330823,-0.648479630031096,0.214192590023429,-3.02755398755935,0.00246541670823508,0.0237660274311032,"BCAT1"
3380.56554556407,-0.434092496835364,0.143387004577599,-3.02741868493695,0.00246652064847137,0.0237695631530064,"LGR4"
1161.57812832908,-0.327044657688538,0.10803834709556,-3.0271164496738,0.00246898823349109,0.0237862341167972,"ATP11C"
23.1435469705261,-1.2582341822399,0.415671016087699,-3.02699522829958,0.00246997857398601,0.0237886675980224,"AC005829.2"
11.2302295712891,0.497715660704239,0.164433165816341,3.0268568888356,0.0024711092079668,0.023792450406357,"ATP6V0C"
472.206939496891,-0.472475906101732,0.156100925999182,-3.02673352561796,0.00247211784205944,0.0237950566618527,"TMEM200A"
6.94788539438175,-0.499534656763503,0.165050299794282,-3.02656012976722,0.00247353618646951,0.0238016037996746,"AC068790.9"
6687.42961764614,-0.3045426433837,0.100628598681753,-3.02640250756988,0.00247482615146567,0.0238069120686189,"FNDC3B"
8.26722389832045,-0.539069674464273,0.178142034710105,-3.0260666739409,0.00247757663484918,0.0238170003676722,"AL590556.1"
5.7666266591069,0.827269201746139,0.273380454902039,3.02607295771227,0.00247752514498387,0.0238170003676722,"CT66"
2.23822953226135,-1.04125872384445,0.344103558700538,-3.02600393839759,0.00247809074999349,0.0238170003676722,"RPS3AP27"
7.62217693552813,0.834398534268233,0.275772065659004,3.02568185169261,0.00248073177433295,0.0238352789223379,"GDNF-AS1"
683.456702615724,0.319535829509581,0.105614250556282,3.02549918999142,0.00248223069526926,0.0238417134936629,"TMEM44"
447.934757022591,-0.788374092269562,0.260591104874893,-3.02533001902752,0.00248361965034002,0.0238417134936629,"CXCL11"
13.8629635956717,0.906717093322025,0.299703149168267,3.02538393686665,0.00248317688811155,0.0238417134936629,"AL732437.3"
168.5211112228,-0.28868559595958,0.0954282542270426,-3.02515851618474,0.0024850284768007,0.0238438689933532,"PTGES3P1"
11.5858055089293,0.612911915059993,0.202607293610886,3.02512266037722,0.00248532311014607,0.0238438689933532,"LINC01229"
1485.50726603199,0.303195218187503,0.100237739228953,3.02476113806773,0.00248829558740261,0.023865285905948,"ZNF787"
8.60550338533445,0.713804153861155,0.236010362353789,3.0244610734131,0.00249076522266903,0.0238818687496173,"AC007952.2"
1532.34293913491,-0.316059832140234,0.104513286466244,-3.02411150607454,0.00249364510985522,0.0238952708966661,"IFIT5"
8.04665898241609,-1.06747590503695,0.352983857761678,-3.024149352908,0.00249333316425454,0.0238952708966661,"MBL3P"
14.6065938359409,-1.23393776770932,0.408052736997742,-3.02396640392134,0.00249484141869931,0.0238996320695066,"WFDC12"
202.672285826376,-0.592663282103456,0.196025656126666,-3.0233964972447,0.00249954515251628,0.023937580470118,"HOXB4"
1.16265171023206,-1.50596129795964,0.498209846539367,-3.02274495058709,0.00250493264198193,0.0239820525655307,"WASIR1"
2.77143426826421,0.67073864061507,0.221905953667753,3.02262570935491,0.00250591976950274,0.0239843820028542,"KRT18P48"
28.2765030919727,0.495160609660716,0.163853681358241,3.0219681703588,0.00251136953984924,0.0240222814631975,"AC132192.2"
12.4060411722716,-0.478990672127527,0.158500823061672,-3.02200747526185,0.00251104347118138,0.0240222814631975,"LINC02193"
22.4894392798883,-0.508430352038557,0.168250332394536,-3.02186833632116,0.00251219792495388,0.0240230789116661,"AL353804.1"
5.44786787589642,-0.680020703657464,0.225057676562927,-3.02153969614686,0.00251492662292063,0.0240420423824713,"RPL26P37"
38.0511552429181,-0.965193847486423,0.319475239405527,-3.02118514499726,0.00251787349965056,0.02406307972621,"TARID"
2.60650062548401,-0.94112166330728,0.311541944729729,-3.02085057639262,0.00252065718630145,0.0240825454732712,"GAPDHP42"
3.05772458369099,0.726261283404704,0.240448702579597,3.02044168096223,0.00252406311156203,0.0241079428413263,"AC097532.2"
19.5207132007225,-2.26144140265381,0.748778123494893,-3.02017557898009,0.00252628188866142,0.0241219897837985,"HOXD13"
1509.7788137473,-0.238056615502903,0.0788270099526299,-3.01998789052078,0.00252784792104094,0.0241297975766623,"SAV1"
2.4683032321212,-3.54225984214095,1.17298065206745,-3.01987917353751,0.00252875543838977,0.0241313166945481,"LINC02336"
72.7763262443692,-0.685029677105942,0.226882172143315,-3.01931910574811,0.00253343534006572,0.0241688232368104,"RHEX"
774.931941197088,0.295227476807508,0.097786441831236,3.01910440014807,0.00253523151011211,0.0241788051001375,"CLBA1"
2.13973276789607,0.978404006277432,0.324112940871443,3.01871317956881,0.00253850735265368,0.0242028887008628,"ARMC2-AS1"
5093.61296342879,-0.63058591848772,0.208914473003598,-3.01839269162008,0.00254119380755467,0.0242213403265151,"LAMP3"
36.2257838019494,0.398907433071671,0.132183196549925,3.01783769407486,0.00254585216442712,0.0242585706388749,"BBS1"
155.929489560616,-0.611538098282894,0.202648684664305,-3.0177254754746,0.00254679501691417,0.0242603856190244,"CSMD2"
34.2606240456114,0.745111178203002,0.246949527679552,3.017260997437,0.00255070092491749,0.0242760777225397,"AC100803.4"
19.5664850544989,0.453532482282167,0.150310109715647,3.01731189698515,0.00255027263119774,0.0242760777225397,"AL133215.2"
2.07140805552244,0.937750445003279,0.310778439391576,3.01742439674758,0.00254932623643988,0.0242760777225397,"AC125494.3"
2.33046605697307,-1.49597930732016,0.49585362614834,-3.01697764911094,0.00255308635907373,0.0242916109909508,"AL358394.1"
280.834330603464,0.535148515398121,0.177390103015902,3.01678902204678,0.00255467549112797,0.0242995608293278,"DRC3"
31221.3617467053,-0.335046147332196,0.111078229637846,-3.01630795183326,0.00255873247403878,0.0243309727588854,"MSN"
1035.08811997653,-0.478564344309048,0.158664969956102,-3.01619408771484,0.00255969357995483,0.0243329361691166,"LARGE1"
452.519360891458,-0.225114908844521,0.074646642762893,-3.01574056799278,0.00256352493298565,0.0243621754978256,"MMAA"
2.89419530950034,-1.14354419387402,0.379259228007906,-3.01520466589724,0.00256805901517495,0.02439807393763,"LINC01917"
159.947061791554,0.249422790131638,0.082733259906433,3.01478257249529,0.00257163536281259,0.0244176947458819,"ZNF565"
10.4028034197946,-0.505427087402819,0.167654586869705,-3.01469286847261,0.00257239600098498,0.0244176947458819,"UBE2D3P1"
3.87629847952194,-1.00080062492566,0.331968322610392,-3.0147473622061,0.00257193390115325,0.0244176947458819,"AL359922.3"
21.3549073741704,0.703954022937936,0.233518490164992,3.01455367598754,0.00257357667996171,0.024421293223046,"FAM153CP"
2.17661412395466,-1.20359399772026,0.399272225541337,-3.01446962930721,0.0025742898330015,0.024421293223046,"AC024451.1"
126.749267314523,-0.742070964104675,0.246186266687941,-3.01426628742579,0.00257601597744229,0.0244232976161796,"KCNJ12"
1.96039096017812,0.788160263183041,0.261476262040982,3.01427080619468,0.00257597760666827,0.0244232976161796,"AL731553.1"
9590.02714624938,-0.22352197793879,0.0741654911024838,-3.01382724790323,0.00257974654055606,0.0244496517306193,"DIAPH1"
1.81723921400792,-1.4965443418711,0.49657038941201,-3.01376073519639,0.00258031213643348,0.0244496517306193,"EGLN3P1"
1298.33597636107,0.229547919605359,0.0761704525863579,3.01360845066675,0.00258160752657696,0.0244547399219959,"LRSAM1"
11.0568072146358,0.558798282033595,0.185449548388438,3.01320918217148,0.00258500668019466,0.0244797475485688,"AL513190.1"
112.816294357398,-0.943463111651375,0.313134113459377,-3.01296815357606,0.00258706064625221,0.0244920054428662,"MMP3"
849.162799312394,0.220172851101635,0.0730892600803492,3.01238308965767,0.00259205257653644,0.0245315244154655,"NSMCE3"
3.86968651395041,-1.36443809208313,0.452955479552494,-3.01230066458441,0.00259275655785103,0.0245315244154655,"AC017048.3"
6.75591198628838,0.621502396807889,0.206336662326894,3.0120793357763,0.00259464776207281,0.0245422168049392,"TAS2R6P"
6086.08501096014,-0.500107164556248,0.166061864861143,-3.01157141029595,0.00259899263902914,0.0245761048813767,"DRAM1"
1429.88481219232,-0.553682535467444,0.18388015895774,-3.01110537757743,0.00260298500927877,0.0246066407576059,"AIF1L"
173.797643967979,0.341459761616156,0.113419280697889,3.01059713582288,0.00260734536359098,0.0246406363566797,"ZNF674-AS1"
476.94485495504,-0.267492791760565,0.088858755448276,-3.01031440752364,0.00260977386183744,0.0246510477881341,"XRCC4"
4.78804410156292,0.617065218647843,0.204985246587257,3.01029088152046,0.0026099760319023,0.0246510477881341,"AC010547.1"
4.67970123776631,0.509883831340744,0.169386387489113,3.01018186230293,0.00261091307248932,0.0246526770197417,"AC008443.4"
2105.42087648301,0.359830144165579,0.119547812909009,3.00992661772453,0.00261310815057848,0.0246661804202,"MRPS26"
26.0948850747332,-1.29232506275613,0.429427389510614,-3.0094146165872,0.00261751639698377,0.024686651053998,"AKR1C4"
5.93481960512957,-2.05716015301809,0.683576359948616,-3.00940798065738,0.00261757357586042,0.024686651053998,"AC106875.1"
4.74624336316558,0.767617871485395,0.255061182445779,3.00954407928605,0.00261640110250115,0.024686651053998,"MRPL40P1"
1220.31783553866,-0.266750972264689,0.0886510092405835,-3.00900096400226,0.0026210828423247,0.0247052956009237,"ATF1"
5.60394380273386,0.885502535533259,0.294282169794229,3.00902544028553,0.00262087168819909,0.0247052956009237,"AP001781.1"
15.462542361507,-0.497166270985112,0.165243100757842,-3.0086960890046,0.00262371426804866,0.024722871587735,"DHFRP1"
2.17645367764705,0.717279899226914,0.238427397320746,3.0083786816747,0.00262645642819143,0.0247414804344238,"AC011487.1"
7.74343427773039,-0.555017671285338,0.184499592113876,-3.00823251111999,0.0026277201124849,0.0247461550896833,"AC007485.1"
13.6707191002304,0.474168560980842,0.157630111650179,3.00810902191797,0.00262878814340488,0.0247489850172527,"PDCL3P5"
323.410411448684,0.299828807416545,0.0996781304840547,3.00796981203924,0.00262999261480681,0.0247517906511894,"MORN1"
2.06505078826894,-0.94975799821985,0.315754810290837,-3.0078971634511,0.00263062138507136,0.0247517906511894,"RPS3AP51"
3952.7948471802,-0.261111702430509,0.0868187106810863,-3.00755102652535,0.00263361907212044,0.0247727674972356,"RIOK3"
5197.91047158838,-0.239842033060028,0.0797501063280876,-3.00741960234299,0.00263475807683112,0.0247747552822566,"ATL3"
226.875550850024,-0.476504212874094,0.1584465774762,-3.00734935688762,0.00263536705281873,0.0247747552822566,"ABCG2"
1032.76212029557,-0.277593557939756,0.0923307090832153,-3.00651387491856,0.00264261993387257,0.0248212291778972,"FAM13B"
18.9557270357539,-0.631726529652888,0.210111504288093,-3.00662513360858,0.00264165303697487,0.0248212291778972,"AC111170.3"
3.21381404388087,1.15202806899243,0.383169734406562,3.00657375973769,0.00264209946290905,0.0248212291778972,"AC009139.1"
15.381533442002,-0.514954319575119,0.171297694474857,-3.00619527398661,0.00264539053439086,0.0248400168262764,"HNRNPA1P4"
1673.31302411465,-0.372123614190357,0.123806450877545,-3.0056884076131,0.00264980379138372,0.02487421346526,"ALDH5A1"
87.8926758554001,0.333510145486517,0.110973447308371,3.00531481697387,0.00265306093094096,0.0248975406630358,"SCLY"
5.78382926942598,0.629588508009249,0.209524370067033,3.00484620384648,0.0026571516952431,0.0249286751274698,"AF287957.1"
240.851651580278,0.282019716330104,0.0938607440635129,3.0046609915991,0.00265877009687937,0.0249293520714961,"ASAH2B"
58.5511182196345,-0.947009607340809,0.315179284263011,-3.00466957895161,0.00265869503989102,0.0249293520714961,"SLC38A3"
1.48110763887825,-2.08336290693953,0.693573937491765,-3.00380794940737,0.00266623569478892,0.0249920842960665,"AC096741.1"
730.742534170029,-0.462198156945028,0.153887399839929,-3.00348278953181,0.00266908644706534,0.0250042685896635,"SLAIN1"
14.9614820227729,0.65497416586901,0.218065399639022,3.00356758547313,0.00266834275293696,0.0250042685896635,"AL139383.1"
18.3754474225509,-0.55371871100764,0.184425338611768,-3.00240040319658,0.00267859606190728,0.0250860673878014,"EEF1A1P38"
10.8167880980798,0.38543728412339,0.128398341833863,3.0018867737569,0.0026831195244213,0.0251211350362848,"PAICSP1"
1855.28897216335,-0.520650864271169,0.173446348395065,-3.00179778409208,0.00268390395308244,0.0251211851863986,"LOX"
706.272918735307,-0.41777516603336,0.139189840088873,-3.00147744811411,0.00268672939524077,0.0251317551009326,"LY75"
132.262697961965,-1.19434087117874,0.397912245295519,-3.00151826263033,0.00268636925012596,0.0251317551009326,"ALPG"
24.0024363583175,0.65810775811219,0.219266584734852,3.0014047006205,0.00268737142465547,0.0251317551009326,"AL359504.1"
2009.01242764006,-0.280447329965065,0.0934502583927562,-3.00103322118587,0.00269065208449492,0.0251400155615119,"ZBTB41"
1562.0281188318,-0.405248121821171,0.135030528128349,-3.00115927441219,0.0026895384560458,0.0251400155615119,"DCBLD1"
364.764401171241,0.41386452745237,0.137909149567394,3.00099397864911,0.00269099886217847,0.0251400155615119,"C21orf58"
8.29783518297394,0.510835723703478,0.170224579027119,3.00095160536185,0.00269137335147586,0.0251400155615119,"AL139123.1"
44.8633261816008,0.604857026776366,0.201584184209335,3.0005182656009,0.00269520588362811,0.0251685241000835,"RUNDC3B"
20.6211413043489,0.462422891310865,0.154139733402864,3.00002394646852,0.00269958381664714,0.0252021077497936,"AL136531.1"
55.0925999747377,-0.425695624749082,0.141916034422339,-2.99963021431547,0.00270307555010754,0.0252274011905116,"YWHAZP10"
3.20116796723032,-0.987595039239096,0.329303805520999,-2.99903925396975,0.00270832410750935,0.0252690714255321,"FOXP1-IT1"
47.416110156247,0.68965228889173,0.229981195883935,2.99873338009677,0.00271104435249477,0.0252871348412478,"AL450998.1"
76.2370547926258,-1.14382447347851,0.381468873899937,-2.99847392995568,0.0027133536913632,0.0253013562111065,"ATP13A4-AS1"
371.309612054303,-1.10496044194151,0.368608809630472,-2.99765066127754,0.0027206934262136,0.0253608256757268,"PITX2"
20.5123387955202,0.440365396820212,0.146911177865877,2.99749415406802,0.00272209079434612,0.0253608256757268,"CCDC28A-AS1"
3.37649350035285,0.704185868516386,0.234918979276344,2.99756907971248,0.00272142174203795,0.0253608256757268,"AJ011932.1"
48.1032868904327,0.413636835078801,0.138004715867989,2.99726594469768,0.00272412952744101,0.0253662811472675,"AC012073.1"
21.3840266723672,-0.51846576752987,0.172985423417449,-2.99716448523357,0.00272503637444983,0.0253662811472675,"RPS15AP12"
5.74543739119306,0.729014553904816,0.243231671490334,2.99720241791697,0.0027246972989809,0.0253662811472675,"FBXW12"
4.28232912931076,1.14461618488786,0.381924506654014,2.99696972816874,0.00272677789045187,0.0253751668333681,"SMG1P4"
708.94675369142,0.48697684826745,0.162510117475963,2.99659403261141,0.00273014022992159,0.0253918003212639,"NEIL1"
1.58554043504972,-1.30557471754191,0.435686096793034,-2.99659485843566,0.00273013283494088,0.0253918003212639,"AL445648.1"
5080.46456330441,-0.696430603816159,0.232480957958154,-2.9956457936719,0.00273864347781509,0.0254635406407577,"RN7SL1"
3916.37755787048,-0.185514479968458,0.061943621591174,-2.99489237476052,0.00274541693614978,0.0254971109176698,"CGGBP1"
365.612185603531,-1.26036952065298,0.420804762404243,-2.9951408188727,0.00274318166088871,0.0254971109176698,"IL37"
205.318557106221,-0.457051000327105,0.152606399030703,-2.99496615626945,0.00274475294327472,0.0254971109176698,"PRICKLE1"
2.5926869589122,1.1683912941122,0.390119144096147,2.99496015972044,0.00274480690342977,0.0254971109176698,"AC016885.3"
12.163747048856,-0.461117393567397,0.153983609068259,-2.9945875171882,0.00274816204217138,0.025515256276941,"AL161457.2"
3.18807224761811,-1.01972814525156,0.340539088641637,-2.99445255849811,0.00274937808530805,0.0255191987221526,"RPS15AP6"
527.23535130139,-0.50989534240745,0.170286535394372,-2.99433740446106,0.00275041606755751,0.0255214866470192,"ZNF322"
90.3204044515887,0.752053725273995,0.251169889412114,2.99420335389025,0.00275162483140575,0.0255253575053735,"POLRMTP1"
890.736398217067,-0.191964118343063,0.064122572094992,-2.99370583666988,0.00275611529901086,0.0255502240788533,"SRBD1"
5.72643961644284,0.515370473318881,0.172154951892607,2.99364303874556,0.00275668257312236,0.0255502240788533,"AC034198.2"
3.27654403712847,0.641571984104491,0.214309558900148,2.99366947231418,0.00275644377708689,0.0255502240788533,"AC102953.1"
18.8033398772381,0.409133632854563,0.136672045858456,2.99354290253533,0.0027575873567723,0.0255512656089433,"AC008735.4"
43.1573705138761,-1.32230515861279,0.44177251881138,-2.99318111088157,0.002760858596855,0.0255742273644325,"LRRTM1"
1967.09223205425,-0.521487546764762,0.174231555839704,-2.99307174438905,0.00276184816198436,0.0255760465201567,"VCAM1"
304.719287484621,-1.00899018412488,0.337160074505056,-2.99261466710155,0.00276598737627676,0.0256004950044987,"APOH"
6.5610184091861,0.76205876218493,0.254647303697367,2.99260487395771,0.00276607612329581,0.0256004950044987,"LINC00487"
344.860762277334,0.868040388604409,0.290143651240486,2.99176075331365,0.00277373545944925,0.0256478536708091,"IGKV3D-15"
45.2735646823649,0.77557789667413,0.259244037376998,2.9916903953562,0.00277437474348836,0.0256478536708091,"ELAVL4"
2.0619479127154,-2.29546780468555,0.767248954203355,-2.99181614013273,0.00277323230030255,0.0256478536708091,"AC015574.1"
6.60419961330255,-0.572003071077504,0.191188360518426,-2.99182999177598,0.00277310647868508,0.0256478536708091,"NAIPP1"
8790.19178622441,-0.386128747630609,0.129088415594055,-2.99119596327581,0.00277887103240954,0.0256778079681253,"CALD1"
3124.97319917981,0.549696772998855,0.183773840420458,2.99115897965237,0.00277920762315886,0.0256778079681253,"KRT80"
2578.37516568857,-0.216441597270902,0.0723813920507787,-2.99029337704722,0.00278709618053583,0.0257018611210578,"OTUD4"
2535.77951989699,-0.290190874166988,0.0970295255495166,-2.99074815138508,0.00278294910734433,0.0257018611210578,"BACH1"
378.985850702795,0.349469325748242,0.116876003573747,2.99008620300514,0.00278898726488516,0.0257018611210578,"CCDC191"
11.1953245328189,-1.47226653198573,0.492396965468568,-2.98999919827838,0.00278978179326104,0.0257018611210578,"RNU4-1"
214.983014692095,0.545189871594652,0.182313539243459,2.99039705913785,0.00278615021033834,0.0257018611210578,"LMNTD2"
103.042193493504,-0.806151351099505,0.269582678867656,-2.99036775836501,0.00278641751373856,0.0257018611210578,"PCDHB8"
17.2291400872537,0.629758717426631,0.210610744513809,2.99015474676003,0.00278836146790879,0.0257018611210578,"ATP5PDP4"
2.77239248034362,-1.48557377652691,0.496807570796811,-2.9902398108472,0.00278758502044333,0.0257018611210578,"AC093898.1"
2.87142494473024,-0.661773243477108,0.221289496146142,-2.99053165650513,0.00278492261410781,0.0257018611210578,"HNRNPA1P26"
1.61621123619271,-1.53700043098094,0.514026351046494,-2.99011991866136,0.00278867942860762,0.0257018611210578,"AL357552.2"
219.397995045172,0.247024824098079,0.0826202933408425,2.98988074369333,0.00279086385449875,0.0257044858578441,"SMN1"
3092.98517660293,0.272947365089771,0.0913030521736826,2.98946594436463,0.00279465599338656,0.0257247166733513,"TBRG4"
10.6893226442654,-0.916368190358708,0.306530277224873,-2.9894867112473,0.00279446602852654,0.0257247166733513,"LINC02487"
9825.92873656121,-0.212470314346379,0.0710791613932274,-2.98920682492216,0.0027970272778653,0.0257391965110635,"STT3B"
44.5145492474912,-0.378874637265022,0.126765780644153,-2.98877690288176,0.00280096568522465,0.0257623633460774,"EIF4BP3"
4.81846933953169,0.650277125699684,0.217574395109407,2.98875759425962,0.00280114268541936,0.0257623633460774,"ACSL3-AS1"
55.1972481328059,-0.34390894839784,0.11507359474853,-2.9886000272207,0.00280258746843819,0.025768301374334,"PTENP1"
2.74792578916195,0.764410234217995,0.255830332963169,2.98795778187899,0.00280848346611491,0.0258151509021879,"LINC00222"
9.12656861082509,0.460278797000799,0.154065656168041,2.98754964895466,0.00281223612823438,0.0258275573782163,"PIGHP1"
7.50085647500379,-0.667471715077024,0.223409852161116,-2.98765568581848,0.00281126071043979,0.0258275573782163,"AC209007.1"
4.82017817661456,0.731542058263294,0.24485870699931,2.98760892446171,0.00281169082331871,0.0258275573782163,"HMGB3P7"
405.642575663924,0.326336394364826,0.109241223089863,2.98730081130985,0.00281452636354938,0.0258293060015777,"IFI27L1"
56.349600070503,0.375488035592376,0.125693954085018,2.98731978260785,0.00281435169682489,0.0258293060015777,"DGUOK-AS1"
22.7824841473003,0.629802157111233,0.210833278917095,2.98720467824668,0.00281541160262919,0.0258293060015777,"BEAN1-AS1"
4.14294419336002,-1.17764205648936,0.394232356191311,-2.9871775819382,0.00281566116428513,0.0258293060015777,"AP002358.2"
1.68518141922006,0.836799460247138,0.280138314487823,2.98709393528357,0.00281643169178313,0.0258293060015777,"LINC02851"
2140.22614973791,-1.10268992259773,0.369189434390256,-2.98678624002039,0.00281926774400651,0.0258406163744997,"VSIG1"
3.38283992132631,0.626667494353335,0.20981151580478,2.9868117197934,0.00281903279587429,0.0258406163744997,"SNORA68B"
100.509615832959,-0.776728795890584,0.260084616025353,-2.98644651790889,0.00282240201920966,0.0258480391885718,"C13orf46"
26.7361907721355,-0.577434027703845,0.193343964052316,-2.98656350889548,0.00282132230169281,0.0258480391885718,"METTL24"
28.7960297008075,0.595331883864341,0.199345147095913,2.98643780667458,0.0028224824308563,0.0258480391885718,"AC105429.1"
11.0009512364281,-0.852086222861709,0.285363851195104,-2.98596412717718,0.00282685802161433,0.0258807600530818,"LINC02458"
38.0301495967858,0.827382871632169,0.277130561511035,2.9855345694135,0.00283083139457285,0.0259024285805907,"PNMT"
12.3436697438386,0.664904791703516,0.222705925845393,2.98557296659051,0.00283047601649973,0.0259024285805907,"CT75"
1194.07685554701,0.395064280300198,0.132348719033603,2.98502534202763,0.00283554831046435,0.0259382284456519,"SLC12A8"
2.35857513589999,-0.793271812833053,0.265772794289597,-2.98477432557928,0.00283787608721425,0.0259521595099897,"KRT8P31"
1323.94967464008,0.269214008442858,0.090199352669108,2.98465565967482,0.00283897713127683,0.0259548674788833,"RNF126"
1.60904767217556,-1.21131633291601,0.405877339315335,-2.98443942438213,0.00284098447793669,0.0259658572820489,"EIF4BP5"
13.1662542039986,-1.24205777161301,0.416222798045224,-2.9841175866538,0.00284397454869302,0.0259858201537565,"LINC00824"
30.7380029354932,-0.668099519008776,0.223906489876192,-2.98383275705049,0.00284662318757682,0.02600265288482,"PRSS35"
4883.70443412806,-0.235406906778944,0.0789138836442169,-2.98308606683553,0.00285357737644681,0.02600723643401,"ERBIN"
2395.73710000561,-0.221016759255204,0.0740817993310584,-2.98341510669199,0.00285051100311256,0.02600723643401,"TPP2"
217.186712804906,0.432655962753333,0.145027158472258,2.98327545896236,0.00285181203427269,0.02600723643401,"PI4KAP2"
183.63198890749,0.804141993272529,0.269539479449383,2.98339224708468,0.00285072393804912,0.02600723643401,"GAD1"
87.2751556113686,-0.866742831997417,0.290546773601218,-2.9831438885191,0.00285303830921581,0.02600723643401,"AC007319.1"
31.0058122372408,0.462365070229655,0.154971984437068,2.98353971467285,0.00284935054763793,0.02600723643401,"AC079174.2"
17.7757171573861,-0.918251758710914,0.307803788681419,-2.98323734949643,0.00285216717610631,0.02600723643401,"RPS14P8"
14.6652483439642,1.09158256571242,0.365862673856133,2.98358549181124,0.00284892434034629,0.02600723643401,"AL035252.2"
55.6668935117901,0.414159870240705,0.138853325342185,2.98271481233931,0.00285704077025427,0.0260314438080952,"LINC01023"
91.6101717575347,-1.06558793387261,0.357291625157671,-2.98240389318494,0.0028599442544348,0.0260505374249295,"C8B"
5084.54211984578,-0.483295028344661,0.162094716445022,-2.98155941750624,0.00286784389706396,0.0260800823376977,"CDH11"
2010.05387380167,0.240467534230039,0.0806485703555883,2.98167138201944,0.00286679538148455,0.0260800823376977,"ZSWIM8"
1626.29280606972,0.36069998490509,0.120975483486881,2.98159572922232,0.00286750380989641,0.0260800823376977,"PXDC1"
1118.59208334455,-0.403513284963007,0.135324129471082,-2.98182804899725,0.00286532882758224,0.0260800823376977,"HECW2"
902.070523852336,0.377360300816164,0.126550065804991,2.98190521210524,0.00286460675829921,0.0260800823376977,"HSD3B7"
2.50369364483536,-0.819975232753865,0.275017497898145,-2.98153840763089,0.00286804068753221,0.0260800823376977,"AC005034.2"
28.8472128658769,0.99778354834411,0.33468734159025,2.98124077117225,0.00287082984492058,0.0260980852408977,"CLPSL2"
18.4300046577761,0.403781030900062,0.135447939127604,2.98107917699408,0.00287234518422872,0.0261045012585837,"AC124283.2"
31.7068282933873,0.236999294485272,0.0795126109844679,2.98065038427135,0.00287636970131837,0.0261337111916063,"TTC4"
2.07218254065881,0.96441706710926,0.32357238551008,2.9805295825506,0.00287750443826334,0.0261366565103666,"TUBA3E"
1.57132732013221,0.850952543756082,0.285545432540219,2.98009509795337,0.00288158909780495,0.0261663870624389,"AL121829.2"
11.2242698640955,-0.710414348058591,0.238405212613083,-2.97986080200163,0.00288379394772135,0.0261723282011844,"CHORDC1P4"
6.29917630538048,0.533006465378257,0.178870049086186,2.97985307267085,0.00288386671108104,0.0261723282011844,"AC091133.6"
50.3382932793797,-0.395683376464652,0.132801132478328,-2.9795180890436,0.00288702183338562,0.0261935900443217,"CAMK1G"
55.0762812010203,0.757701711249036,0.254340225050499,2.97908720926308,0.00289108480930561,0.0262169115995642,"AL079303.1"
2.04458485529477,-1.56160237704278,0.524221013447348,-2.97890076319809,0.00289284451763838,0.0262169115995642,"AC005183.1"
2.62417551168843,-0.791380303974586,0.265658614366448,-2.97893710641342,0.00289250142775796,0.0262169115995642,"AC092653.2"
1.43134618784051,-1.46214419707881,0.490826811743472,-2.97894117048152,0.00289246306415392,0.0262169115995642,"C12orf40"
8518.27035030103,-0.598648545178359,0.200987635848644,-2.97853419017863,0.00289630714455162,0.0262335460326031,"SULF1"
51.8234876342979,0.355805589974513,0.119453190367845,2.97861939793189,0.00289550193987641,0.0262335460326031,"AC009065.8"
5.92728460603184,0.597973774469619,0.200815756262399,2.97772338983336,0.00290397935799585,0.026292525880121,"AC064801.1"
2.15294354113151,1.35121449992306,0.453781914806336,2.97767375876962,0.00290444959482062,0.026292525880121,"AC026785.1"
373.805757548029,-0.505007006285476,0.169613803613183,-2.97739332252217,0.00290710793543143,0.026309204428287,"CCR2"
13.8591214504918,0.583324163865679,0.195958348036775,2.97677628797017,0.00291296481418402,0.0263548121305735,"AC138028.2"
45.5502907800779,-0.667334061015983,0.224219263271535,-2.97625659490204,0.00291790608256957,0.0263921126598754,"BZW1P2"
2.36896974769943,-0.636494103900753,0.213875951607147,-2.9759965957738,0.00292038103751457,0.0264070910136448,"NAIPP3"
478.466911971876,-0.583773174350214,0.196173131380206,-2.97580596406342,0.00292219689498937,0.0264161028536396,"VEGFC"
3212.63810333864,-0.261989160688451,0.0880458321490837,-2.97559980175822,0.00292416184849832,0.0264183942145482,"GMFB"
233.767009615486,-0.648076638483405,0.217802705887912,-2.97552151999859,0.00292490827557565,0.0264183942145482,"KIF26A"
15.8577862167199,-0.483299046558638,0.162419015740276,-2.9756309281635,0.0029238651023572,0.0264183942145482,"RPL13AP3"
69.4548903476767,0.451188844640999,0.151641828781745,2.9753587665471,0.00292646070817727,0.0264250141515475,"TBCE"
19.91182922807,0.530772951257878,0.178398827334321,2.97520426108634,0.00292793516262047,0.0264309264610014,"PRR4"
1.55300722969472,1.01766755807707,0.342078398425853,2.97495417062311,0.00293032322711478,0.0264450804529292,"PRSS45P"
301.583779020509,0.437691071856565,0.147158754748002,2.97427817057895,0.0029367871168124,0.0264854333436042,"MRPL12"
226.129890008454,1.84736979947928,0.621129059271026,2.97421247952463,0.00293741594562247,0.0264854333436042,"PSPHP1"
11.1438650359207,-0.63711921532816,0.214213713734899,-2.9742223512199,0.00293732144079588,0.0264854333436042,"RN7SL5P"
151.437671495396,0.302441228812486,0.101690207280987,2.9741431048202,0.00293808016964094,0.0264854333436042,"ZNF771"
6.37966343468555,1.25801929728511,0.423022544419127,2.97388239440657,0.00294057755172584,0.026500537494522,"LINC01163"
1102.49822648295,0.345184774850823,0.116083092886344,2.97360077396275,0.00294327741029256,0.0265174574168437,"HSH2D"
3.00806103581046,0.705189062911597,0.237160326435013,2.97346977680448,0.00294453403367229,0.0265213686915539,"AC074050.4"
5776.2354102583,0.796685142727426,0.267973580120106,2.97299883955109,0.00294905566326989,0.0265214806973296,"IGHV5-51"
1779.93124905423,-0.724846459177452,0.24387662410354,-2.9721850621883,0.00295688395431539,0.0265214806973296,"C5"
976.831156688622,-0.658391624636331,0.221504003244421,-2.97236896395873,0.00295511321864035,0.0265214806973296,"GPC6"
995.906743299931,0.258361658638801,0.0869170632261508,2.97250791788219,0.00295377591429738,0.0265214806973296,"HSPB11"
798.401599876368,-0.393968668569551,0.132548099317766,-2.97226946744114,0.00295607112096383,0.0265214806973296,"HSD17B8"
152.114558547823,0.67628113050398,0.227521809465881,2.97237936042959,0.00295501314300483,0.0265214806973296,"AL670729.3"
26.8593533906027,-1.08554309419705,0.365169395395853,-2.97271104283067,0.00295182201620504,0.0265214806973296,"RPSAP52"
15.1110735716002,0.487005265300781,0.163842883860103,2.9723919271136,0.00295489218119143,0.0265214806973296,"AL603756.1"
5.48888881371125,-2.08736117758701,0.70227924351609,-2.97226665440979,0.00295609820752988,0.0265214806973296,"SOX1"
9.36484375697076,0.57123941742649,0.19219423750106,2.97219846366799,0.00295675488273801,0.0265214806973296,"AL807752.5"
8.33700958658344,1.00275024099346,0.337262351291528,2.97320539085813,0.00294707171405868,0.0265214806973296,"PLK5"
4.17435824490523,-0.933671730095598,0.31403394204692,-2.97315546214459,0.00294755117347904,0.0265214806973296,"MS4A6E"
2.85486743863083,0.585020419387944,0.196830019617994,2.97221135537834,0.00295663072567384,0.0265214806973296,"AC104561.2"
2.92818801072787,0.730122191653759,0.245610150718308,2.97268736458349,0.00295204972109197,0.0265214806973296,"AC100827.4"
2.20160410598512,0.929101122946439,0.312567111818308,2.97248522898505,0.00295399423643755,0.0265214806973296,"THEMIS3P"
3.12748734281273,0.94193405343846,0.31694113650734,2.97195265915457,0.00295912307914291,0.0265341834502122,"MTCYBP35"
6.02242898024854,0.549795394138908,0.185004640402706,2.971792453109,0.00296066751110751,0.0265406516251492,"AL590729.1"
863.922492399463,0.290993683631412,0.0979222359506624,2.97168136334251,0.00296173887993311,0.0265428766490948,"CDK5"
3162.98748205003,-0.205771464739434,0.0692486812439934,-2.97148568092454,0.00296362693526413,0.0265474009298658,"PPM1A"
3.12630939809592,-0.821457295922433,0.276449200187472,-2.97145839223036,0.00296389031935236,0.0265474009298658,"AP002381.1"
9089.32889488714,-0.236395389651651,0.0795623235455212,-2.97119766137044,0.00296640790970635,0.0265625723544797,"SEC62"
19727.5396172245,-0.278868495297005,0.093894188303589,-2.97002935256586,0.00297771295717239,0.0266564004175524,"CLIC1"
5490.30656686755,-0.190813260343561,0.0642520462593207,-2.96976160997956,0.00298030927729732,0.0266722377592151,"ETF1"
2354.56489322443,0.755848161757488,0.25452236848652,2.96967282778339,0.00298117066085554,0.026672543828881,"IGHV4-34"
32.9562608431945,-1.22998023060252,0.414215476028058,-2.96942123552912,0.00298361289589502,0.026686989688803,"DSG3"
663.569435973958,0.307051605830913,0.103414759062712,2.9691275076579,0.0029864664556712,0.0266977019304457,"MORN2"
2.20355483285451,-1.49459629480395,0.503378498917967,-2.96913018338417,0.00298644044981576,0.0266977019304457,"AC012560.1"
18.2568951254072,-1.5476031584852,0.521320713897377,-2.9686201166176,0.00299140161453655,0.0267344082762558,"LINC02747"
1.21701298496099,-1.8492306572393,0.623016809737018,-2.96818742020762,0.00299561612984397,0.0267646556128619,"AC015871.1"
13.7263127369594,0.338737307149225,0.114130983446758,2.9679697564969,0.00299773824789337,0.0267761966214187,"GABARAP"
87.2438194875491,-0.865361680049502,0.291600744868643,-2.96762506707354,0.0030011016121394,0.026798815143571,"RPL26P30"
1041.83676907868,0.265187114352489,0.0893634913864141,2.96751067173283,0.00300221860426662,0.0268013673573027,"KCTD13"
14.177127232281,-0.62571517093878,0.210864068868519,-2.96738640346039,0.00300343242856999,0.0268047823579406,"TPT1P6"
4765.10291149407,-0.201506600661566,0.0679100565059915,-2.96725714907611,0.00300469543107224,0.0268086342487339,"DLST"
1159.08044473946,-1.08841278163621,0.366828791129309,-2.96708657541697,0.00300636292431862,0.0268160919763911,"WIF1"
23.2425499949342,-0.790509390306226,0.266439011296093,-2.96694311565259,0.00300776601118718,0.0268211877850472,"GDNF"
2373.73274485061,0.477197831630895,0.160882729234281,2.96612218043609,0.00301580654188927,0.0268749414304954,"EGFL7"
12.3518114460224,0.700819673290672,0.236278677891722,2.96607243422884,0.00301629440337922,0.0268749414304954,"ZDHHC19"
15.0301012397121,0.460618617991141,0.155289852470468,2.96618620381997,0.00301517876993419,0.0268749414304954,"AC087741.2"
24.0317745545342,-0.932999854124116,0.314577086528963,-2.96588624562208,0.00301812099569966,0.0268837877089324,"MAEL"
2.68960018541372,-0.949492073757659,0.320153036782951,-2.96574439305216,0.00301951330909635,0.0268887618480563,"ANKRD26P4"
33.2257188418425,0.359195098216411,0.121121869451968,2.96556765381543,0.00302124886234924,0.0268967889471152,"AP002840.2"
4103.63476782352,-0.306304204991992,0.103295770582436,-2.96531216394327,0.003023759343709,0.0269117085393035,"SCOC"
6.96937987560774,-1.13605986485035,0.383190004746084,-2.96474294939699,0.00302935937378353,0.0269541095495723,"AC007099.1"
159.690122703144,-0.691157214923254,0.233156324569605,-2.96435113308247,0.00303321962499429,0.0269810115332251,"FAM155A"
117.53485896986,0.534741967362675,0.18041440588117,2.96396490485845,0.00303702921191585,0.0269925597955421,"MYH7B"
8.79642554609839,0.550968170137769,0.185883732491903,2.96404727165552,0.00303621641580617,0.0269925597955421,"AC007786.1"
2.85306750830296,0.888945719188027,0.299917169575031,2.96397075381721,0.00303697148780598,0.0269925597955421,"LIF-AS1"
4843.67329877892,-0.284387484193242,0.0959640525684609,-2.9634793089877,0.00304182511052681,0.0270202894459881,"SETD7"
34.3371437252133,1.30544234249542,0.440497817928585,2.96356142837252,0.00304101358849049,0.0270202894459881,"LINC01518"
78.058201795409,0.379966621865524,0.128247407069377,2.96276260509483,0.00304891612691534,0.0270609139863433,"AC010327.6"
75.6170219584317,0.418758457699807,0.141337351328369,2.96282938490127,0.00304825477598322,0.0270609139863433,"PTCH2"
48.6250950546591,-0.489994935233796,0.165384316093694,-2.96276543512266,0.00304888809720152,0.0270609139863433,"GPBAR1"
10.7993974946217,0.671202348664406,0.226583259378157,2.96227687123258,0.00305373051036718,0.0270831747281031,"AP003068.4"
9.18753249563914,-0.833899847247912,0.281504255813569,-2.9622992549007,0.00305350850085395,0.0270831747281031,"ADRB3"
7.27781550263044,0.607202198453654,0.204979695032096,2.96225535099259,0.00305394396996071,0.0270831747281031,"BMPR1AP1"
46.032372484278,-0.538781993626096,0.181894638505269,-2.96205538576383,0.0030559280789517,0.0270933189182837,"RPL7AP30"
124.375193665629,0.5176274583545,0.174760856221452,2.96191875884709,0.00305728440406616,0.0270978932405479,"RTEL1-TNFRSF6B"
15.5793768210279,0.341625912368318,0.115342902316002,2.96182864752591,0.00305817925917905,0.0270983759857731,"AC135721.1"
3331.2359782381,-0.203603320768656,0.0687483746415943,-2.96157286379642,0.00306072063416159,0.0271134441891594,"TASOR"
1018.72655147346,-0.305394960596,0.103123500643395,-2.96144873564823,0.00306195462071545,0.0271169257745042,"COMMD10"
828.761497855258,-0.347895344409677,0.11749820750109,-2.96085661056957,0.00306784731942782,0.027161652063413,"PTPN21"
42.1255774996254,0.840895787937464,0.284047804380212,2.96040235118975,0.00307237501727447,0.0271942718726367,"IGKV2OR22-4"
1.60356106503486,0.976560904268209,0.329941181958766,2.95980301237526,0.00307835807577366,0.0272397519630411,"AC009227.1"
107.564381014002,0.337268469362312,0.113956918864533,2.95961379723896,0.0030802491714673,0.0272450340083204,"CRELD1"
33.978880168253,0.499659713430204,0.168828242372753,2.95957421819871,0.0030806448749988,0.0272450340083204,"AC080080.1"
3156.54051166482,-0.193536111434618,0.0654029323799232,-2.95913507838416,0.00308503842074893,0.0272714006665031,"TNFAIP1"
156.915470090452,0.596830566044204,0.201698015626829,2.95903043066337,0.00308608625241206,0.0272714006665031,"SCART1"
11.4505349731173,-0.597313535582738,0.201861760464132,-2.95902272034763,0.00308616346819879,0.0272714006665031,"AL138955.1"
103.3003313166,0.55621460489644,0.187977991071222,2.95893472276602,0.00308704485424761,0.0272717154315656,"C11orf21"
542.041516262572,0.397134931753665,0.134242077261125,2.95834912462778,0.00309291606882574,0.0273160993260164,"LINC00174"
37.4534833750842,0.495328676727033,0.167453026801243,2.95801566677537,0.00309626386950951,0.0273306949007211,"U73166.1"
1.85181491309696,0.761461645976005,0.257422597709781,2.95802176168885,0.00309620264906853,0.0273306949007211,"AC107871.2"
950.582364580315,0.4066945927224,0.137517702704754,2.95739810019631,0.00310247275027808,0.0273700508079597,"ARVCF"
57.3468355958775,-0.597683605763746,0.202099667316707,-2.9573705573059,0.00310274992479521,0.0273700508079597,"RPS7P10"
7.99836900011987,-0.609625837077617,0.206141386383028,-2.957318992436,0.00310326890227634,0.0273700508079597,"RPL34P18"
139.051526515518,0.303132106920495,0.102513717956071,2.95699066392649,0.00310657523952,0.0273842314374856,"AC006449.6"
46.6540693758471,0.44661219550485,0.15103385552984,2.95703366598235,0.00310614201705141,0.0273842314374856,"LINC01703"
46.3594794873965,-1.20242951966996,0.406687797949816,-2.9566402673786,0.00311010734923392,0.0274008755207409,"SERPINB7"
18.1857080751779,-0.833602531249946,0.281943019864548,-2.95663475425079,0.00311016295257906,0.0274008755207409,"SLITRK2"
2.09448096408548,0.812640457376978,0.274871181658074,2.95644109533411,0.00311211669917283,0.0274105990070549,"FTLP12"
22.2140122970281,-0.577133423796833,0.195269925269227,-2.95556739216812,0.00312094505716872,0.0274808501825247,"PGM5P2"
1751.6836939448,-0.2278710775076,0.0771041107732695,-2.95536872447271,0.00312295568392964,0.0274910472367762,"DDX52"
760.675095734695,0.38935846272677,0.131750613385769,2.95526869075531,0.00312396852732858,0.0274924577411872,"CASTOR2"
2284.48327171718,0.360854694210217,0.122113079628467,2.95508634544415,0.00312581554779094,0.0274937049477684,"ABHD11"
8.54308541298075,0.487345160477391,0.164914524088915,2.95513790049587,0.0031252932330806,0.0274937049477684,"PPP1R14B-AS1"
11898.3074769602,-0.392315433324639,0.132780709262185,-2.95461167141369,0.0031306283077009,0.0275285273471,"TIMP2"
3998.12391537152,0.213370139551279,0.0722307850124683,2.95400554645014,0.00313678368010755,0.0275450952519248,"INTS11"
2249.11520571081,0.214684780741383,0.0726697983127252,2.95425040011139,0.00313429579410111,0.0275450952519248,"EML3"
1581.09222779562,0.379743842350766,0.128549773892272,2.95406075680073,0.00313622254683307,0.0275450952519248,"BAHCC1"
153.744110903022,0.49298464038281,0.166876831420024,2.95418265188642,0.00313498398381461,0.0275450952519248,"RIBC1"
12.2920958492185,-1.19880952348116,0.405813409626484,-2.95409046385272,0.00313592065552987,0.0275450952519248,"LINC00501"
1519.4542785048,0.383128697704322,0.129736495734593,2.95312969211149,0.00314569772268004,0.0276155336298394,"ZNF692"
4.99062198127246,-2.19529487524873,0.743399352514687,-2.9530492161753,0.00314651792699736,0.0276155336298394,"KCNJ18"
27.1091609024269,0.546024655849077,0.184942564892286,2.95240122881984,0.00315312927023122,0.0276660281139063,"AL031009.1"
261.347619172429,0.321566146795843,0.108923281397146,2.95222603167249,0.00315491896067355,0.0276742007309354,"POLA2"
3374.10244724852,-0.30518121077591,0.103392836738526,-2.95166686980156,0.00316063715928313,0.0277153756993154,"ERAP1"
16.9457109261353,0.689463562380439,0.233589849616004,2.95159898220681,0.00316133204596316,0.0277153756993154,"ELMOD1"
352.85848875803,0.311112949421232,0.105412025691672,2.95139902093553,0.00316337962714717,0.0277257885505193,"INAFM1"
1327.1990139482,0.281498391780006,0.0954089560800675,2.95043990989454,0.00317321763221604,0.0277591976535014,"DHX34"
581.460014408015,0.293505749513863,0.0994747719952091,2.95055463437503,0.00317203938843682,0.0277591976535014,"APOO"
3.80124651600359,-1.16706156773543,0.39555050752264,-2.9504742012463,0.00317286541125966,0.0277591976535014,"ZP2"
21.069008977279,-0.511084392560754,0.173210169932976,-2.95066041883406,0.00317095331386952,0.0277591976535014,"AL049840.6"
4.03615440534277,-0.706928377971545,0.239584181097418,-2.95064713677444,0.00317108966034933,0.0277591976535014,"AC106872.2"
3.32084276731848,0.734586831036783,0.248952568118718,2.95070999503198,0.00317044443848121,0.0277591976535014,"AC020633.1"
2.52133445203546,0.634462575860752,0.215016090881771,2.95076788559801,0.00316985031438352,0.0277591976535014,"AC005244.1"
1.90357510934923,0.726475203132412,0.24628020271449,2.94979131544165,0.00317988633502577,0.0278099904727166,"AC013400.1"
418.282450033165,0.314241934144469,0.106534684470034,2.9496678542551,0.00318115718146761,0.0278135610944748,"PRPF40B"
4584.22433606123,-0.257388179750922,0.0872692378134846,-2.94935748494816,0.00318435400952241,0.0278318313138491,"PRKAA1"
101.485028151276,0.329033080676624,0.111563207995758,2.94929741254066,0.00318497309809593,0.0278318313138491,"ALOX12-AS1"
12.6453172084419,0.781665037682549,0.265047790051189,2.94914753875739,0.00318651813152057,0.0278377884451045,"ISL2"
1.98097722494296,-1.33801347989647,0.453710240211645,-2.9490484483496,0.003187540019428,0.0278391733278591,"AP003696.1"
44.1665627232451,0.397753639669582,0.134893039009311,2.94865949044358,0.00319155410655717,0.027866683500118,"AC007541.1"
1699.72812184973,0.368835366659859,0.12509441281455,2.948455957075,0.00319365642824627,0.0278751769743016,"SOX12"
60.6638754142598,0.4094658937438,0.138877417725531,2.94839795014799,0.00319425582012853,0.0278751769743016,"KCNIP2"
2.21903026177619,0.780725716963556,0.264812680106616,2.94821878109926,0.00319610784083116,0.0278837925669916,"AL023803.1"
2057.35161466618,-0.192582703481673,0.0653272000551664,-2.94797118687229,0.00319866876417406,0.027898586502784,"UFL1"
24.2728445869004,0.616899167777609,0.209274690707742,2.94779634217271,0.0032004783490371,0.0279068210829371,"AL683807.1"
2.51242788094721,0.600607195153377,0.203778508062901,2.94735299057144,0.00320507107454759,0.0279393124624999,"AC126283.1"
34.4189965819761,-1.03331725155288,0.350622790684138,-2.94709094504856,0.00320778845472394,0.0279554428979928,"AC245041.1"
1353.39708036292,0.314078330068047,0.10659287889976,2.94652263181114,0.00321368900944868,0.0279992980571934,"LRRC45"
9.63878797769872,0.451441228862128,0.153231272526758,2.9461429212062,0.00321763689319595,0.0280261214535665,"AC068620.1"
169.722335499206,0.539461061416218,0.18313422590785,2.94571404521439,0.00322210126810195,0.0280574278665804,"NKILA"
3.72341843647315,-1.91919076113208,0.651580026512852,-2.94544136259559,0.003224942686083,0.0280745887993376,"MCCD1"
605.604406594269,0.222442699807912,0.0755275721435281,2.94518536072091,0.00322761236453855,0.0280794880470476,"ACTR5"
48.7594830044617,0.327750243153041,0.111281919445666,2.94522456824684,0.00322720336398819,0.0280794880470476,"AL355574.1"
9.61229619186709,-0.732029119821946,0.248555209383506,-2.9451369039402,0.00322811791565841,0.0280794880470476,"SCRG1"
2.64830033415509,-1.6477466015365,0.559516953402226,-2.94494490563179,0.00323012174947787,0.0280893408338495,"NWD2"
355.637930942985,0.63313835119991,0.21499826527991,2.94485330091206,0.00323107820220086,0.0280900826718703,"ZDHHC11"
494.643524772068,-0.230123590510231,0.078161084111869,-2.94422209114786,0.00323767573586339,0.0281270588297825,"ZSCAN26"
7.88045430140362,0.858389701788588,0.291553174410127,2.94419604082614,0.00323794828271523,0.0281270588297825,"LINC02551"
0.984175890791994,1.32913952809479,0.45142713515779,2.94430579063487,0.00323680018635362,0.0281270588297825,"OPTC"
276.397711277247,1.01735321085199,0.345568293141715,2.94400045097535,0.00323999527448791,0.0281294383773526,"IGHV3-64"
209.113794087611,0.525904854702422,0.178641024200929,2.94391983619005,0.00324083931064863,0.0281294383773526,"PIF1"
75.9982866070712,-0.358054613005262,0.121622144371374,-2.94399194205901,0.00324008435331892,0.0281294383773526,"HMGN2P17"
10.0953937079386,0.442545332783659,0.150353991656396,2.94335606197279,0.00324674762404025,0.0281579820164545,"AC100778.2"
7.07086820894439,0.504766718377336,0.171485520449643,2.94349468721216,0.0032452939322863,0.0281579820164545,"AP001931.2"
3.67111346750966,-0.746812296832206,0.253727575725078,-2.94336275707534,0.00324667740230267,0.0281579820164545,"AL138752.1"
30.946690533702,0.356569660938348,0.121162072051824,2.94291484868165,0.00325137835146625,0.0281905606192603,"RBM38-AS1"
15.0594118619519,0.433164804711737,0.147193533177617,2.94282496900894,0.00325232241558348,0.0281911656694863,"AL121987.2"
220.86915356934,0.647966062784936,0.220196898315644,2.94266662128956,0.0032539862513149,0.0281980077058986,"DOCK3"
363.154194860535,0.457537223914233,0.155489991117663,2.94255096823565,0.0032552019636474,0.0282009638145649,"ANKRD13B"
376.585755025382,0.247943809297634,0.0843165071031554,2.94063188592824,0.00327543531187768,0.0283686305752071,"TSEN2"
59.4933308180323,-0.535330045266361,0.1820545301093,-2.94049285642585,0.00327690557485683,0.0283737433569437,"AC131235.1"
301.553691408715,0.51431645146649,0.174955547924415,2.93969786936214,0.00328532426557619,0.0284323968423291,"ANG"
5.91549603051546,-0.77501709336182,0.263639353816896,-2.93968666718888,0.00328544303409888,0.0284323968423291,"RNU7-45P"
5972.74201530443,-0.495315085166098,0.168499940256851,-2.93955644382467,0.00328682398506843,0.0284367156958764,"FBN1"
61.5588891818789,0.305080696227157,0.103797373253826,2.93919476633684,0.00329066216052537,0.0284548531657281,"AP002495.1"
3.79725721845246,0.55585946787385,0.18911978422315,2.93919258715931,0.00329068529865096,0.0284548531657281,"AL353588.1"
115.887074895372,0.377024601767184,0.128292218547879,2.93879555622835,0.00329490337764692,0.0284836888504625,"RTCA-AS1"
15203.8198536594,-0.606215931179073,0.206297269377963,-2.93855528484193,0.00329745842591061,0.0284943027616131,"TGFBI"
279.365220959317,-0.748116569613353,0.254590106081945,-2.93851391606144,0.00329789852399876,0.0284943027616131,"PCDHB5"
6.29438091214961,0.524237203823011,0.178425835051101,2.93812386346894,0.00330205069499622,0.028522535403202,"AL121845.4"
60.0734989915908,-0.778413170179084,0.264947045814345,-2.93799528047782,0.00330342052434555,0.0285267259795186,"SH3TC2"
88.5469222187103,0.620899344475252,0.211375273217759,2.93742657323783,0.00330948532570725,0.0285485164064822,"DPY19L2P2"
36.0471734583416,0.355750932806004,0.121107120270698,2.93748981901997,0.00330881035989538,0.0285485164064822,"ZNF23"
26.2109390490696,-0.55247143310748,0.188069719956855,-2.93758842855841,0.00330775823840351,0.0285485164064822,"DND1P1"
5.64209654579028,-1.34919085235792,0.459300217253525,-2.93749230171427,0.00330878386687172,0.0285485164064822,"AC055807.1"
105.323816806927,0.484855794697179,0.165087499148155,2.93696250290916,0.00331444177169757,0.0285683440065191,"AC124944.2"
11.3946336660063,0.342817073055849,0.116722769426473,2.93701969838711,0.00331383053736843,0.0285683440065191,"AP001462.1"
1.85358077758345,0.953932049235693,0.324791625331614,2.93705863955612,0.00331341444120021,0.0285683440065191,"AC244250.4"
100.95836837855,0.465706071123023,0.158592213779612,2.93650022295668,0.00331938581674453,0.0285956707616691,"LINC00672"
3.22843947128893,0.665304599235746,0.226559007751145,2.93656211615529,0.00331872348499056,0.0285956707616691,"AC139887.5"
30.455387877997,0.644408516699973,0.219465352282036,2.93626538311998,0.00332189998093305,0.0286032987937114,"L1TD1"
17.0934417134623,0.356981914949856,0.121577418656139,2.93625180478226,0.00332204540184367,0.0286032987937114,"CNNM3-DT"
4.25305342229095,-0.708542950594023,0.241320195142205,-2.93611129469082,0.00332355057345396,0.0286086193916238,"AC006122.1"
44.4393459473357,-0.579198307606743,0.197272880372642,-2.936026008809,0.00332446447540722,0.0286088489483602,"AL009174.1"
4446.96638011512,-0.288225978840079,0.0981807809856177,-2.93566598214676,0.00332832495307676,0.0286304462282062,"PPP2R5A"
3.77606386749799,0.788857912238065,0.268718771846399,2.93562636810867,0.00332874997393535,0.0286304462282062,"AC073349.1"
67.2963211972112,0.535300517625721,0.182378802480334,2.93510271120156,0.00333437296059304,0.028671161630486,"AC009318.1"
338.319426617364,0.299533013294081,0.102056706176311,2.93496649575004,0.00333583704845093,0.028676103872914,"PARL"
27.1876639584083,0.545754547428948,0.185974521615872,2.93456621201155,0.00334014281664443,0.0287054651179903,"SCAT2"
1913.27781095916,0.257720735306448,0.0878340556913581,2.93417778876177,0.00334432584207474,0.0287059028886475,"PEDS1"
1073.17332515632,0.281110815643502,0.0957985098416694,2.93439653819362,0.00334196948924716,0.0287059028886475,"MIGA2"
6.75936893886107,0.680147518323881,0.231804080138901,2.93414817338989,0.00334464497294615,0.0287059028886475,"LINC01968"
3.50351141966945,-0.820234994608103,0.27954204346723,-2.93420976835728,0.00334398126581804,0.0287059028886475,"BDH2P1"
2.58422887929754,0.534395443989035,0.182125749192323,2.93421136966591,0.0033439640127621,0.0287059028886475,"PLSCR3"
145.32955039225,0.475333402473861,0.162011070889949,2.93395630226248,0.00334671321981901,0.0287083713149944,"CCDC96"
3.91446665385114,0.796682038589007,0.271536811681255,2.93397434276498,0.00334651870525523,0.0287083713149944,"GPRACR"
4097.71490920557,-0.218282595490402,0.074417617447539,-2.93321128755944,0.00335475504311979,0.02876970116101,"YTHDF3"
684.547872588149,-0.545930513470702,0.186127275376108,-2.93310323469539,0.00335592284527357,0.0287720638515943,"ENTPD3"
3.71423531143539,1.42163167364398,0.48471261503631,2.93293722825326,0.00335771771314964,0.0287798000160846,"AC016769.3"
74.1285514430151,0.338642158589516,0.115466462010863,2.93281834995218,0.00335900356687913,0.0287826818485265,"AL121753.2"
25.4488425651879,0.525219648540326,0.179088309294772,2.9327411186614,0.00335983918368285,0.0287826818485265,"ARMC12"
9.56467989271499,0.84085230317187,0.286720882579967,2.93265107028734,0.00336081371607007,0.0287833833398883,"RPS20P22"
2881.40285631552,0.299389234565929,0.10213369271116,2.93134642074107,0.00337496196125269,0.028883403562316,"CIAO2B"
477.372367817755,-0.427089067761543,0.145697580237016,-2.93133947088736,0.00337503747379794,0.028883403562316,"LRRC25"
10.5906837698214,0.520176956737357,0.177459454888135,2.93124396818001,0.00337607529931367,0.028883403562316,"AC017083.1"
5.09018562483495,-0.785282675863282,0.26789724792277,-2.93128310183189,0.00337564999976983,0.028883403562316,"KRT18P31"
1262.49992101091,0.193176639644107,0.0659070430549359,2.93104698208182,0.00337821686013751,0.0288863968854771,"ZNF746"
93.1075542833646,-1.14008145295504,0.388965844016436,-2.93105801060225,0.00337809692941763,0.0288863968854771,"AL365357.1"
4.60683165763911,-0.913728354804994,0.311756270118558,-2.93090610321169,0.00337974920224003,0.0288918380239209,"AL162724.1"
210.713190647339,0.40188064272964,0.137127815759003,2.93070111636526,0.00338197997839037,0.0288955867523045,"HYKK"
38.1952554312854,0.511383213920617,0.174491347340393,2.93070815094931,0.00338190340208767,0.0288955867523045,"AC024560.4"
3.65767276981915,-0.713656660390747,0.243523058811185,-2.93055065863015,0.00338361819271669,0.0289019254633509,"RPL18AP16"
875.95999710023,0.36382603220597,0.124161195512842,2.9302716577688,0.00338665792292131,0.0289125477459817,"PIDD1"
122.633265990866,0.328228779760642,0.112030289270109,2.92982176426653,0.00339156477562999,0.0289125477459817,"CTU1"
62.851907536855,1.07254922894544,0.366050410211522,2.93005880891012,0.00338897859502711,0.0289125477459817,"AL121949.2"
9.16580935587644,-0.611101541942414,0.208565548224884,-2.9300215071163,0.00338938544222516,0.0289125477459817,"SPIN2A"
6.80485062449845,0.597034205274507,0.203765314640498,2.9300089974972,0.00338952189343504,0.0289125477459817,"AC005534.1"
3.57996381231753,0.598175749845515,0.204170968016049,2.9297786833165,0.00339203498598384,0.0289125477459817,"HTD2"
3.12013222356242,0.474690886090479,0.161995109716138,2.93027911103165,0.00338657668688746,0.0289125477459817,"AC005034.6"
2.30674563919848,0.831197123370896,0.283694184660819,2.9299053992406,0.00339065210468266,0.0289125477459817,"AP001085.1"
58.5880085832972,-0.429369549205604,0.146574653134854,-2.92935742996826,0.00339663591679901,0.0289441134083468,"LILRA1"
11.7027690793189,0.868903748795443,0.296636087615746,2.92919096856818,0.00339845557456015,0.028951968296352,"IGHV1-17"
1442.28608530415,0.246207685444702,0.0840618465715721,2.92888742617705,0.00340177600571882,0.0289726009784478,"POFUT2"
2649.70396707365,0.414352470565405,0.141485134648044,2.92859367590907,0.00340499213337516,0.0289846809241505,"MICALL2"
102.26245091856,0.739153464944045,0.252391644783037,2.92859720288856,0.00340495350179271,0.0289846809241505,"SPEF1"
142.842800940336,1.031978794686,0.352391146577545,2.92850375132484,0.00340597722682625,0.0289854145365565,"IGLV1-41"
26.4098903123767,0.471486811792995,0.161015426010861,2.92820895161432,0.00340920847790317,0.0290033265790555,"BRWD1-AS2"
2.29724382138515,-0.829745528113978,0.283368747907214,-2.92814763181177,0.00340988094467978,0.0290033265790555,"AC011416.2"
1.40622694804878,-2.90310171753706,0.991494775281171,-2.92800505853779,0.0034114449486539,0.0290089774180762,"LINC02448"
3330.57486978877,0.29645395048542,0.101256138453615,2.92776275110692,0.0034141045171264,0.0290195434582161,"NDUFA1"
28.6333709280587,-0.688393039784075,0.235128764940178,-2.92772787693253,0.00341448745171258,0.0290195434582161,"THBS4-AS1"
419.461204286726,0.210708067924288,0.0719786858640532,2.92736753102515,0.00341844650660296,0.0290455356008992,"C14orf93"
4255.43811062327,-0.30009001351134,0.102515760614123,-2.92725734768629,0.00341965790487311,0.0290481741682385,"NR3C1"
1.364596256811,-1.86469572815087,0.637056571869507,-2.92704888465201,0.0034219508973208,0.0290599964930496,"LINC02260"
2419.75928919743,-0.255869157702752,0.087437949498024,-2.92629412253697,0.00343026462762985,0.029122928625046,"RCOR1"
223.419842523625,0.713286286713895,0.243760745055912,2.92617372231237,0.00343159253934047,0.0291244244012752,"C2CD4B"
3.52420863372973,0.622742361878343,0.212822289881119,2.92611437564272,0.00343224725460833,0.0291244244012752,"AC079336.7"
904.969294333711,-0.252584593215932,0.0863362829882459,-2.92559031352229,0.00343803366996487,0.0291658499573842,"TTC33"
1422.0831034061,0.42925431711195,0.146729260807857,2.92548544679212,0.0034391926183324,0.0291680078848312,"ZC3H12A"
23.0005276256708,0.605384288639447,0.206950573885156,2.92526025550137,0.00344168255114276,0.0291737786176651,"ADAMTSL4-AS2"
0.952631010750561,-1.38919250932477,0.474888662899012,-2.92530148191848,0.00344122658931758,0.0291737786176651,"AL133370.2"
354.911948514114,-0.559572035898523,0.191321202528766,-2.92477795718636,0.00344702082934938,0.0292113499717137,"TLR8"
654.923417113858,-0.551357223631561,0.188557766637779,-2.92407591298386,0.00345480481671445,0.0292625826316274,"OASL"
8.2353549939426,0.515184453364001,0.176187515317142,2.92406900929759,0.00345488144142054,0.0292625826316274,"SOD2-OT1"
4.32612602839952,0.758653072766134,0.259471290332565,2.92384206281075,0.00345740120460839,0.0292762347275729,"AL589745.1"
14246.1391180245,-0.208991872831698,0.0714914931350218,-2.92331106355532,0.0034633033705641,0.0293041236771997,"PRKAR1A"
344.372585661807,0.304355721313067,0.104108099259261,2.923458630775,0.0034616622111194,0.0293041236771997,"AC006978.1"
16.4922370313728,0.486513275133228,0.166430674630459,2.92321878892503,0.00346432995681456,0.0293041236771997,"AC137630.5"
12.1561641623047,1.00484571078351,0.343738859027,2.92328226615945,0.00346362372153954,0.0293041236771997,"OXGR1"
3414.82989787543,-1.06460019518244,0.364218762181161,-2.92296912110451,0.00346710898376451,0.0293199394653781,"HP"
9.40161424075834,0.66453475111278,0.227362106264136,2.9228034611043,0.00346895404786018,0.0293278508844393,"AC022182.1"
202.003950778068,0.726537455803164,0.248585190094199,2.92269002641649,0.00347021795979414,0.02933084616345,"DNAH10"
27.8621927806686,0.534035906828073,0.182761746739,2.92203328298632,0.00347754376729167,0.0293773641017343,"LINC02166"
2.65645523547174,-0.999958458994728,0.342211233494637,-2.92205036282188,0.00347735306790816,0.0293773641017343,"AC077690.1"
106.368802627075,0.750970289618464,0.257040371812408,2.92160443249956,0.00348233507953591,0.0294101347929899,"CFAP91"
572.756266339523,-0.409684208155211,0.140240242417397,-2.92130276654734,0.00348570902694044,0.0294309210719284,"GAL3ST4"
3128.89604771756,-0.173866707257176,0.0595229336517405,-2.92100366346933,0.00348905724699996,0.0294514793009198,"SETD3"
31.8671558487601,-1.12338385561656,0.384651603323264,-2.92052300292235,0.00349444398923456,0.0294892296343544,"KRT40"
2811.84695721062,0.199827116795388,0.0684243625887672,2.92040888997909,0.0034957239592696,0.029492312680965,"IP6K2"
1.54821648827799,-0.917596674033628,0.314222815590993,-2.92021020914031,0.00349795351967658,0.0295034034114495,"MAP2K1P1"
5392.43279657885,-0.201289168466718,0.0689467887685041,-2.91948576666227,0.00350609404764506,0.0295257254025372,"RPL7L1"
1055.67270449871,0.387734291656325,0.132803793456977,2.91960253215158,0.00350478079474397,0.0295257254025372,"NINL"
1016.9782525477,-0.315190248919956,0.107951923682055,-2.91972795082623,0.00350337071870843,0.0295257254025372,"DHRS4-AS1"
1.35683007358265,-1.76396726850457,0.604163458978894,-2.91968546307962,0.00350384834853874,0.0295257254025372,"AC092139.1"
3.16104457709033,0.682073844646073,0.233627738705893,2.91948999046178,0.00350604653507688,0.0295257254025372,"LRRC74A"
1.24753641219325,-1.11090132557366,0.380511642420776,-2.91949365466511,0.00350600531775438,0.0295257254025372,"CRIP1P2"
3789.25430858121,-0.45801101882338,0.156891583294753,-2.91928355368122,0.00350836938144471,0.0295371725077505,"OAS2"
1105.01627895547,-0.248162067360504,0.0850149767378675,-2.91903940791137,0.00351111834033555,0.0295482309558907,"CHAMP1"
5.224462968517,0.735176613154886,0.251858708728418,2.91900413873572,0.00351151561553647,0.0295482309558907,"AF064858.2"
1240.1534725384,-0.265461233031684,0.0909479208669969,-2.91882684618923,0.00351351327455511,0.0295573272992511,"TVP23B"
820.078580296498,0.794313090192028,0.272175798176217,2.91838251422252,0.00351852436740686,0.02959176270919,"STRA6"
1.68790907837779,0.914003322350857,0.313315334362164,2.91719945406295,0.00353189842310167,0.0296964966500426,"AL138889.3"
16.5267803530577,0.494910952737379,0.169720888984578,2.91602852010957,0.00354518092419259,0.0298004063870152,"LINC01389"
3.42564745949227,1.42567974953886,0.489005489979855,2.91546777848567,0.00355155778121689,0.0298462289953971,"AC023781.1"
556.906038261105,-0.592039966721929,0.203075743372427,-2.91536525677598,0.00355272480472015,0.0298482572507038,"CEBPA"
13.3266478896613,0.474562893470336,0.162789594559333,2.91519181404047,0.00355469992970028,0.0298570719544635,"STK24-AS1"
2363.76375739225,-0.169157958514612,0.0580400640710264,-2.91450330426246,0.00356255037431372,0.0299152179218088,"SNW1"
80.2094735195011,-0.819338088250683,0.281161308181864,-2.91412105580584,0.003566915608151,0.0299365843570203,"HSD17B13"
2.75996530062977,0.651243832946282,0.223478889890474,2.91411789840845,0.00356695168552247,0.0299365843570203,"AC011477.6"
606.335686781684,-0.882657144271553,0.302901987986555,-2.91400248027006,0.00356827071573365,0.0299398618862429,"IYD"
6.01210064824081,-1.17700706287635,0.403957679949813,-2.91368903550138,0.00357185508777441,0.0299621402979411,"ANTXRL"
38.6170001081283,-0.762072862557383,0.26160376762945,-2.91308060836809,0.00357882205742372,0.0300127743151178,"AC019197.1"
9825.28874905918,-0.243343117920643,0.0835419915818255,-2.91282399800464,0.00358176415252343,0.0300218313226197,"CAST"
25.3135664968535,-1.16897615403934,0.401312181495166,-2.91288480126392,0.0035810668307599,0.0300218313226197,"GJB4"
22.4479653777594,0.629759719962507,0.216249931256284,2.91218460188162,0.00358910454490642,0.0300755395141651,"C5orf58"
85.8631913674632,0.575073677048424,0.197496306810221,2.91181990355408,0.00359329747854283,0.0300961443209717,"RAG1"
60.59771109848,-0.464451018612036,0.159506038775577,-2.91180836899543,0.00359343016392436,0.0300961443209717,"RPS3AP47"
8277.74622742049,-0.225959712838376,0.0776156746180376,-2.91126391608872,0.00359969823607025,0.0301251673039412,"JAK1"
633.479310209571,0.459663336909067,0.157884569387263,2.91138860936811,0.00359826181406185,0.0301251673039412,"DNAH1"
8.87755762664812,0.943642101185574,0.324127926157854,2.91132613092403,0.00359898147822397,0.0301251673039412,"ARHGDIG"
4507.2032823874,-0.385947358815935,0.132577367449849,-2.91111044245112,0.00360146691352855,0.0301321485798464,"LRATD2"
3588.02574185591,-0.27390188041209,0.0940983406150928,-2.91080457552891,0.00360499417569408,0.0301538358483153,"MRPS18B"
1064.10687030142,-0.232277778610686,0.0798052954061064,-2.91055596534904,0.00360786346673521,0.0301700097211818,"TBCK"
6.11234189703703,-0.596400787470259,0.204956119546078,-2.90989499992059,0.00361550198881975,0.0302260465723341,"AL023807.1"
381.261033433414,-0.871392203517902,0.299477630878187,-2.90970714895345,0.00361767559241334,0.0302362041257966,"LRRK2-DT"
60.9225240371393,0.422715467899341,0.145281622149494,2.90962794636454,0.00361859239328421,0.0302362041257966,"DCST1-AS1"
2.19208124433941,0.676834476859279,0.232637467688338,2.90939582340204,0.00362128052440627,0.0302508265568601,"CLDN34"
8.55464694200793,0.643022674687791,0.221029629695659,2.90921482143903,0.00362337790201068,0.0302605077571443,"CLEC18B"
1.73829411730052,-1.67132116651333,0.57455664928825,-2.90888839000251,0.00362716325063491,0.0302842773217822,"SCARNA3"
24.0437748447455,0.89381580582172,0.307281880626928,2.90878135735867,0.00362840520018191,0.0302868044731726,"DDX25"
3278.21422722148,-0.520109124764169,0.17884304842291,-2.90818753846259,0.00363530258445723,0.0303286757660604,"KDR"
46.3744057077729,0.495616291411411,0.170417767557778,2.90824306945213,0.00363465707036908,0.0303286757660604,"POM121L9P"
1.77194409554907,-2.2936216212139,0.788699801404977,-2.90810472771525,0.00363626540285516,0.0303288613334363,"GKN1"
287133.296426054,0.693880988774275,0.23861265695174,2.90798064796124,0.00363770847900662,0.0303330514366611,"IGKC"
18860.2655295399,-0.776699999877344,0.267150087463808,-2.90735446598934,0.00364499906901726,0.0303701403609052,"IGHGP"
232.993205846881,-0.329532885411727,0.113339196019035,-2.90749270319849,0.00364338844157369,0.0303701403609052,"ANKRD18EP"
168.881982330518,0.472491741320973,0.162516414739991,2.90734780284755,0.00364507671887601,0.0303701403609052,"AC010168.2"
13.1791083702487,0.842684407480408,0.289861718018534,2.9071945520813,0.00364686306342388,0.0303701403609052,"AC012101.2"
5.60957377369103,0.577649594641119,0.198696588304545,2.90719432865021,0.00364686566839587,0.0303701403609052,"NASPP1"
4035.88663613599,-0.236546913315497,0.0813708887413945,-2.90702138042597,0.00364888257082906,0.0303790907555856,"RALBP1"
172.727160405532,0.576210554734135,0.198233812018948,2.9067218597353,0.00365237794653,0.0304003425105472,"AL132857.1"
528.138915292777,0.185370457101416,0.0637815023565842,2.90633569690884,0.00365688892025946,0.0304300343829075,"DEPDC5"
1589.44696935775,0.501399171030164,0.172536121431772,2.90605333462558,0.00366019055040231,0.0304496502316105,"CRACR2B"
28.5490658094335,0.469394264203065,0.161533451514349,2.90586414022961,0.00366240429529539,0.0304602080221305,"LINC02026"
507.776573691085,0.29913956327029,0.10295632036645,2.90549975179348,0.00366667139911079,0.0304799740305046,"NDUFA9"
147.454464208413,-0.336582190556223,0.115841578906139,-2.90553869978706,0.00366621509011638,0.0304799740305046,"HNRNPA1P48"
2.48681174957915,0.708920584277188,0.244023499952696,2.90513243361648,0.00367097738589454,0.0305079035588066,"RPS12P31"
8660.74792046518,-0.486116254274235,0.167351886918844,-2.90475514333444,0.00367540505973816,0.0305342702635979,"DUSP6"
38.5286574428154,-0.507711093928504,0.174794318837797,-2.90462011182206,0.00367699089575285,0.0305342702635979,"EIF4A1P10"
35.074573817335,0.431868626229926,0.148680525365358,2.90467514268382,0.00367634452765095,0.0305342702635979,"RPP21"
460.357242502966,-0.265356586846924,0.0913631347150965,-2.90441640027351,0.00367938450058108,0.0305384178175642,"DTWD2"
24.7246001715241,0.657204896446429,0.226277183398043,2.90442406334156,0.00367929443411429,0.0305384178175642,"TTC24"
2780.26103209787,-0.211777220096503,0.0729177576991556,-2.90432984747357,0.0036804019222586,0.0305390015396883,"RFC1"
640.610735128227,0.345305567040907,0.118923283012399,2.90359934820253,0.00368899908171709,0.0306024634396624,"PPP2R3B"
8257.85054961029,-0.247058235841113,0.0850956121736907,-2.9033017041682,0.0036925072514315,0.0306203414489563,"IL13RA1"
3153.43634736177,-0.352026294332233,0.121252265930341,-2.90325538769288,0.00369305343138444,0.0306203414489563,"BTN3A2"
255.328696201889,-0.627561053376828,0.216200802888042,-2.90267679395162,0.0036998826022085,0.0306636463569182,"HOXB5"
239.016437871937,-1.02268355299373,0.352327332110187,-2.90265176666422,0.00370017825941289,0.0306636463569182,"NR0B2"
1250.01088327475,0.216089260861788,0.0744479368086587,2.90255539810549,0.00370131689975272,0.0306652012930438,"COG7"
667.027147924941,0.272910789271049,0.0940372078130208,2.90215751422237,0.00370602146049426,0.0306825938429748,"ATG4D"
84.8255727969645,-0.663467762522592,0.228607582754685,-2.90221240489012,0.00370537211267432,0.0306825938429748,"HOXB-AS3"
2.94297809269935,-0.782468749396161,0.269618181811389,-2.90213643656842,0.00370627083325746,0.0306825938429748,"AC011458.1"
6.98701753448,-0.628162063043472,0.216454660429604,-2.90204914875356,0.00370730371038565,0.0306832669767416,"RPL9P18"
58.9466373931977,0.55475691298162,0.191166254911744,2.90196045969377,0.00370835343646164,0.0306840791785233,"CYP2D7"
2.12697684807145,-1.3712605816255,0.472567681957122,-2.90172314777532,0.00371116359562989,0.0306994536021256,"AC011246.1"
4.49709791248309,0.508128085061272,0.175134394571087,2.90136090232705,0.00371545690410615,0.0307270858868691,"AP001453.1"
129.589518925481,0.314112611626808,0.108278844096514,2.90096014828921,0.00372021187401351,0.0307585209942476,"DGCR11"
639.880891850071,0.296364708426887,0.102176042488474,2.90053031228254,0.00372531805117534,0.0307849514505763,"ZNF276"
448.904879855308,0.366450702803843,0.126337364456495,2.90057264040864,0.00372481493743019,0.0307849514505763,"KANTR"
1931.96209343405,0.286785394182482,0.0988875872398009,2.90011519329551,0.00373025544615602,0.0308099607738988,"ZNF444"
2.93340400314309,-1.56656623660999,0.540163553344023,-2.90017019273469,0.00372960094516744,0.0308099607738988,"AC148477.2"
104.950629785074,-0.624212716375715,0.215264574546158,-2.899746591801,0.00373464455056112,0.0308225271391972,"PTX3"
17.8272151793323,0.884827426784406,0.305122730464086,2.89990662261904,0.00373273841507111,0.0308225271391972,"AL391840.1"
5.12078686498509,-0.72310357471104,0.249363495088628,-2.89979723958407,0.00373404118647503,0.0308225271391972,"RPL9P21"
652.696246392385,-0.650699666743747,0.224416660998357,-2.89951585523551,0.00373739442347703,0.0308299248978675,"DIO2"
538.416454863925,0.266823367970025,0.0920235772108943,2.89951093031881,0.00373745313771947,0.0308299248978675,"ZNF341"
263.599084721115,-0.546192233480182,0.188393597694777,-2.89920804190537,0.00374106574744214,0.0308518324875375,"PCDHB16"
9220.17994025059,-0.245184320535913,0.0845828961188778,-2.89874586691045,0.00374658431661242,0.0308722834504871,"IPO7"
760.67395690497,-0.269676737485599,0.0930327772532626,-2.89872822727263,0.00374679508802871,0.0308722834504871,"CETN3"
136.618703950101,0.855341903773175,0.295057718864532,2.89889689063136,0.00374478021476225,0.0308722834504871,"IGKV1D-33"
28.8012439853664,0.387938825224726,0.133832940933633,2.89867967122609,0.00374737532718891,0.0308722834504871,"AC011472.1"
5.83811393164982,-0.559969093123676,0.193198600609274,-2.898411745001,0.00375057848366243,0.0308907798737407,"VDAC1P2"
1351.79659772,-0.216260588102405,0.0746197135051055,-2.89816963834374,0.00375347509792783,0.0309067427305114,"SUCLA2"
5.93473888550031,-0.673581567270379,0.232425474465915,-2.89805396253653,0.00375485978498216,0.0309102511531146,"FP325332.1"
4815.03159298944,0.287085260949031,0.0990719767872121,2.89774434970281,0.00375856826283746,0.0309247616747469,"SLC6A6"
2492.5991027764,0.224955446063518,0.0776414690884978,2.89736205026089,0.00376315195856397,0.0309247616747469,"PMPCA"
331.894880407935,0.274261932460183,0.0946553778459033,2.89747860820623,0.00376175391346396,0.0309247616747469,"COQ10A"
79.8730865712552,0.412018375500909,0.142198896620748,2.89747941293654,0.00376174426283066,0.0309247616747469,"KDM4A-AS1"
34.3940183724099,-0.528305292395474,0.182318551745166,-2.89770452506615,0.00375904551557636,0.0309247616747469,"HNRNPA1P10"
23.9514774380419,0.471312984653594,0.162653098057825,2.89765759325431,0.00375960801038397,0.0309247616747469,"AC112128.1"
1.70369123346541,1.14011696151471,0.393503805837208,2.89734672092694,0.00376333586018629,0.0309247616747469,"OR55B1P"
7831.79116726946,-0.464699219710057,0.16041970309497,-2.8967714734826,0.00377024284595127,0.0309443282942973,"FBLN1"
4555.70673619552,0.384677218026875,0.132783448079486,2.89702687790275,0.00376717478883344,0.0309443282942973,"GPCPD1"
969.989132375758,0.251520699368523,0.0868283631402767,2.89675735291906,0.00377041253608575,0.0309443282942973,"SLC66A1"
519.080872633361,-0.594826290117069,0.205328429356901,-2.89695047091186,0.00376809239330056,0.0309443282942973,"MTCL1"
8.31092207168758,-0.81510267613932,0.281385350238474,-2.89674880177138,0.00377051530061386,0.0309443282942973,"AL133268.1"
2943.56536947798,-0.481258737833265,0.16614887474647,-2.8965512921326,0.00377288960688676,0.0309480603851599,"DOK4"
20.7829353945919,0.547414417659483,0.188986348015575,2.89658180819689,0.00377252267791943,0.0309480603851599,"AC109322.2"
17.5167549442144,0.638338649323331,0.220404351506898,2.89621618157277,0.00377692115243483,0.0309625664976751,"AC110285.6"
3.98326437364173,-1.32872156739706,0.458774553019016,-2.89624077589583,0.00377662513751062,0.0309625664976751,"CCDC144NL"
1.52591294082792,1.19682734123155,0.413245582612832,2.89616487528884,0.00377753873784629,0.0309625664976751,"SALL4P7"
431.250352115271,0.332882293769931,0.114951305307181,2.89585483940682,0.00378127266363048,0.0309852953084536,"PPP1R3E"
671.75608309626,0.365862687072513,0.126367293085873,2.89523244613534,0.00378877860158938,0.0310389141281122,"ACACB"
60.2371860211009,-1.1024484458661,0.380830367866063,-2.89485434694595,0.00379334501061302,0.0310684302431336,"EPYC"
5.4107678643603,-0.642549116069024,0.221971030995505,-2.89474312565605,0.00379468921272097,0.0310715474007587,"AC063950.1"
1415.02915092792,-0.455061666820048,0.157250925606179,-2.89385684100652,0.0038054161798781,0.0311514711145391,"PLCH1"
8.5155204411656,0.863012240123585,0.29823348232193,2.89374698442477,0.0038067477244609,0.031154462024173,"AC010624.1"
6.31293853204074,1.50025355316064,0.518508783779299,2.89340045934345,0.00381095064412974,0.0311809448160272,"SOHLH1"
5.31947356300066,-0.685735006865301,0.237022110227568,-2.89312674757185,0.00381427340875581,0.0311843930185931,"AC106028.2"
4.29223026548192,-0.73365303003736,0.253583659644379,-2.89314000384024,0.00381411242167977,0.0311843930185931,"AC025287.4"
1.80269920131011,-1.12821253742506,0.389950834681712,-2.89321739327968,0.00381317271031704,0.0311843930185931,"GLRXP3"
633.771217634281,-0.357429469895733,0.12355453196705,-2.89288838058205,0.00381716924446269,0.0312001577408617,"HOMER1"
3.75391234945436,-0.917047078056115,0.317046538325003,-2.89246835149499,0.00382227689029884,0.0312339884256681,"AL139147.1"
179.885550948142,0.580845268502398,0.200827343267118,2.89226187556454,0.0038247899588366,0.0312466055796013,"LINC00926"
7.09061633693248,-0.803204277229692,0.277715951865302,-2.89217911983415,0.0038257976202433,0.0312469210397025,"AC023424.2"
2.16648753788081,-2.3503595548334,0.812696510124493,-2.89205075394425,0.00382736112345067,0.0312517749875074,"LINC01785"
8.99352161705308,0.490834507879213,0.16972466809481,2.89194560454246,0.00382864228115978,0.0312543216091132,"AL355312.5"
3073.73259727212,-0.210735233513339,0.0728799634475032,-2.8915386828526,0.00383360395496261,0.0312710750133492,"PRKAR2A"
193.736089445061,0.814683792480014,0.281744886935471,2.89156549153846,0.00383327689186067,0.0312710750133492,"TEKT2"
3.07289467947424,-1.0226942762292,0.353671033268995,-2.89165405143983,0.00383219665072586,0.0312710750133492,"MFSD1P1"
158.898316840997,-0.613187498440128,0.212076751262283,-2.89134709387253,0.00383594205820115,0.0312783913543006,"ANKDD1B"
7.75631410741238,0.86761459997331,0.300084347432822,2.89123577219414,0.00383730119472547,0.0312783913543006,"AC108448.3"
6.6520518536781,0.713959037091015,0.246939825365434,2.89122678383069,0.00383741095356221,0.0312783913543006,"Z97653.1"
14.4986115087073,-0.868953331154972,0.300596096078148,-2.8907671872394,0.0038430269894455,0.0313162510171014,"AC027288.2"
3320.55089392116,-0.1690876613937,0.0584951069498645,-2.89062915191562,0.00384471516825647,0.0313220921173396,"UBP1"
66.5860495457797,0.435482523848214,0.150662153389023,2.89045731826067,0.00384681764372679,0.0313313046026699,"ATP6V0E2-AS1"
0.899838419460375,1.4674617323368,0.507736931376026,2.89020089273359,0.00384995708792766,0.0313489561364211,"LINC02212"
69.0365759846388,0.269363556365809,0.0932015015147678,2.89012035201095,0.00385094363658222,0.0313490728506926,"MRPL2"
479.582347695462,0.281729623653817,0.0974960978644416,2.88965025088012,0.00385670652050709,0.0313880620277009,"CEP43"
66.8214204249386,-1.08096983153928,0.374122701102258,-2.88934573698543,0.00386044368088037,0.0314105492026211,"LCT"
1169.87097499745,-0.462360063130221,0.16004053639555,-2.88901845459622,0.00386446393639968,0.0314308272941819,"PDLIM3"
4.14567118276389,-2.120812226009,0.734103099261054,-2.88898416059516,0.00386488541545763,0.0314308272941819,"SLC6A10P"
2886.30330042867,-0.28121490901955,0.0973532244355092,-2.88860395379959,0.00386956101988067,0.0314609165622926,"GOLPH3L"
36.2815067054238,0.327499958350052,0.113381346054355,2.88848183362588,0.00387106388628052,0.0314652016670318,"AC099778.1"
1.20321706475488,-1.33837927462808,0.463368851114637,-2.88836694872476,0.0038724781961494,0.0314674323085023,"RN7SL230P"
2.15940136104694,0.76662569812454,0.26542444638798,2.88830101581501,0.00387329008629077,0.0314674323085023,"AC018638.3"
3338.87619802508,-0.224764700836794,0.0778291877341137,-2.88792299368013,0.0038779479921788,0.0314894064487045,"PIGS"
498.757103788893,0.295901524153194,0.102461251648611,2.88793587226498,0.00387778922139284,0.0314894064487045,"AMDHD2"
76.308683482891,-0.920278760533493,0.31872792798457,-2.88734898868995,0.00388503048563847,0.0315389748261361,"NOS1"
18.404740139521,-0.357512534350272,0.123828794753271,-2.88715185399823,0.00388746558697158,0.0315507998620434,"RN7SL689P"
13.8105924805767,0.483586422038164,0.16750945074554,2.88692022978912,0.00389032849064493,0.0315660901310634,"AC007546.1"
3.10296131821686,-0.725628559830824,0.251378826518449,-2.8865937910549,0.00389436656505983,0.0315909056327935,"FKBP1AP1"
214.774602176309,0.43572687642591,0.150954151522398,2.88648488320151,0.00389571461103969,0.0315938927648327,"AC023157.2"
32.2951593575718,0.420546011557638,0.145711318527888,2.88615885029651,0.00389975273425116,0.0316186891918352,"AC011290.2"
3154.59924895482,-0.511898004108384,0.177369017914378,-2.88606212137621,0.00390095151405842,0.0316204579112152,"KCNK5"
3.01763079954998,0.594489515753425,0.20602229548683,2.88555913013516,0.0039071905769737,0.0316630711622309,"C11orf52"
4334.30022837453,-0.153601748655373,0.0532382595590712,-2.88517599800463,0.00391194899668774,0.0316936671854765,"FBXO7"
9.69628281894715,-1.34295455062785,0.465510415821499,-2.88490763038654,0.00391528519952233,0.0317127282739506,"PCAT14"
15.6237350491544,-0.699004603600483,0.242329073936321,-2.884526368405,0.00392002928824128,0.0317431804116877,"CHRNA7"
3.22417173581833,-0.806786294397371,0.279710071240419,-2.88436626832759,0.00392202298877566,0.031751351060274,"SNX5P1"
188.646624111582,-0.37375357015924,0.129589724422991,-2.88412967790007,0.00392497089738056,0.0317672406089448,"ACTR3C"
170.203241382537,-0.525086668000045,0.182074671465753,-2.88390836448007,0.00392773027648398,0.0317815966788522,"PLPPR4"
3.25644189754712,-0.893567455334531,0.309873115621867,-2.88365595557162,0.00393087951070404,0.0317990993032242,"AC024382.1"
1137.42388130748,-0.24600758904863,0.0853337628867401,-2.88288692220388,0.00394048866380324,0.0318638694689676,"TMEM128"
6.95535684376848,-2.13795173175709,0.741608655509577,-2.88285703770279,0.00394086250402366,0.0318638694689676,"VAX1"
3283.10123136725,-1.33739132747952,0.463992787496794,-2.88235369927763,0.00394716385862639,0.0318908290206485,"PAEP"
9.37785074621293,-1.12095146115466,0.388890810734065,-2.88243236974094,0.00394617837067257,0.0318908290206485,"NKX2-3"
4.79329985907323,-0.769890816949356,0.267097023366909,-2.88243877540995,0.00394609813807436,0.0318908290206485,"RNASE3"
1515.13569707903,-0.303057334399547,0.105145499071314,-2.88226635544335,0.00394825825784129,0.0318916802415061,"FRMD4B"
250.901829739409,0.223897433264611,0.0776933203765289,2.88181058782823,0.00395397339843774,0.0318923310512083,"VMAC"
148.932954180174,0.561109784062231,0.194707726311685,2.88180543572274,0.00395403804666478,0.0318923310512083,"CHCHD2P9"
52.5109429354909,0.604566109217541,0.209809906244551,2.88149458735694,0.00395794032474516,0.0318923310512083,"AC092053.3"
47.7311673255169,0.51329738865975,0.1781234994841,2.8816938256121,0.00395543875747206,0.0318923310512083,"IDI2-AS1"
7.51044929664906,-1.14533031759531,0.397458915524314,-2.88163196964503,0.0039562152460791,0.0318923310512083,"EPHA5"
28.9853083532763,0.414066215626747,0.143678515433947,2.8818937499191,0.00395293001963762,0.0318923310512083,"PITRM1-AS1"
5.73556775317054,-1.46728004544373,0.509205635950033,-2.88150786608282,0.00395777355693884,0.0318923310512083,"AC097512.1"
2.69005989757671,-1.38234031687078,0.479694784029114,-2.88170804205969,0.00395526031551715,0.0318923310512083,"HAND2"
2.38213471600915,-1.22084998561496,0.423645979392291,-2.88176931919958,0.00395449126099485,0.0318923310512083,"AC027018.1"
3.74650754054434,0.942021700171371,0.326923822911952,2.8814715666196,0.00395822945780542,0.0318923310512083,"AL121899.1"
2872.49512375332,-0.196774733880056,0.0683019825850715,-2.88095200801777,0.00396476005018799,0.0319084541957498,"PAPSS1"
1434.76111245442,-0.3490641434619,0.121161607365942,-2.88097980086735,0.00396441046039968,0.0319084541957498,"WWC2"
2.04707371485982,-1.16674060242796,0.404972116951816,-2.88103934465884,0.00396366158854415,0.0319084541957498,"ST7-OT4"
5.46807462863746,-1.1711971532715,0.406502133958019,-2.88115868388639,0.00396216106665138,0.0319084541957498,"LINC01811"
2.08849773462172,0.840309503522095,0.291681083317527,2.88091875539054,0.00396517835206604,0.0319084541957498,"LINC00670"
11.1642652405027,0.540371936794549,0.18758922358064,2.880612897053,0.00396902778115448,0.031931462276279,"AC110769.2"
1526.60039769026,-0.184061120106048,0.063904808962444,-2.88023895375727,0.003973738714751,0.0319534176701112,"MAP2K4"
21.2204018307636,-0.3799233206642,0.131905107966915,-2.88027754588165,0.00397325229674058,0.0319534176701112,"RBMS2P1"
1.62997886463557,-0.904473023007444,0.314068265438843,-2.87986123572096,0.00397850235625785,0.0319837468156406,"RPL3P12"
8.66872206717564,0.54226549352509,0.188306999993329,2.87968845313399,0.00398068315490279,0.0319853297607377,"LINC01271"
6.03949804680555,1.16218552712057,0.403579312793963,2.87969549052157,0.00398059431037005,0.0319853297607377,"AC114489.1"
1245.25557093361,0.23141197402972,0.0803792251618454,2.87900229896179,0.00398935425992636,0.032047017466698,"UPF3A"
3232.07256880009,-0.217478436884158,0.075542021907649,-2.87890675139762,0.00399056307819968,0.0320487438247942,"RAB21"
3.26465024768957,0.67048909634046,0.232913690024174,2.87870196153292,0.00399315509381235,0.032061575199198,"LINC01771"
1.92820290805375,-2.1182618335422,0.735951624969673,-2.87826232278445,0.00399872474455202,0.0320903134365554,"LINC02582"
3.56959743183638,-0.82563471642615,0.286850936967187,-2.87827094153991,0.00399861548839171,0.0320903134365554,"NDUFA9P1"
28205.1045952084,-0.279442897401432,0.0970913003984329,-2.87814558312315,0.00400020486873632,0.0320942040289631,"ITM2B"
13773.9849059313,0.751079714799743,0.260996815151551,2.87773517222277,0.00400541235441296,0.0321057553785656,"IGKV4-1"
2746.7858068648,0.181098056656493,0.0629328434412145,2.87763982610537,0.00400662303127146,0.0321057553785656,"EIF2B5"
22.3747998188493,0.337218380695953,0.117176335570963,2.87787102278626,0.00400368793779174,0.0321057553785656,"AL117332.1"
6.31286295951595,0.535756685426485,0.18617638210922,2.87768340622381,0.00400606962257294,0.0321057553785656,"MIR497HG"
2.37777497077775,-0.905419483825799,0.314614400715623,-2.8778704400254,0.00400369533361618,0.0321057553785656,"AC091132.4"
1672.01095092364,-0.349763196358,0.121548600171864,-2.87755840761185,0.00400765712224152,0.0321060630824044,"DDX58"
13.5866186510736,1.02157465723544,0.355030407657498,2.87742862358136,0.00400930600171697,0.0321112945914962,"LINC02387"
1404.97138612666,0.304597225928599,0.105881693759741,2.87676948783772,0.0040176896970555,0.0321548174631434,"IFT172"
694.154317269807,0.238746790098372,0.0829913780340178,2.8767661864888,0.00401773172767886,0.0321548174631434,"AP4B1"
64.151591521568,-0.972975500077536,0.338210143908029,-2.87683713100611,0.00401682859618549,0.0321548174631434,"AC092868.1"
4.57028606772084,0.612632888702112,0.21297930312412,2.87649024912567,0.00402124619374948,0.032174958689194,"AL357874.2"
850.694370908898,0.266059383866481,0.0924987640492556,2.87635609622638,0.00402295583526352,0.0321806526688346,"SWI5"
14865.6757459629,0.307214082245086,0.106834730281694,2.87560123412157,0.00403258808935984,0.0322489802224115,"GPI"
8.35060308814974,-0.633372115073336,0.220262737520871,-2.87553002474293,0.00403349782096404,0.0322489802224115,"NPM1P24"
14.7419031934653,0.581011741298694,0.202061491785285,2.8754204285302,0.0040348983255357,0.0322521805916952,"GAS8-AS1"
4.72082440577613,-1.12384098343817,0.390885526833588,-2.8751153631652,0.00403879900985488,0.0322753591258415,"LINC02700"
12.0682662526853,0.735314816312842,0.255781453697907,2.87477768885188,0.00404312063610875,0.0323018892248084,"AC099521.1"
197.891919912386,-0.527256415339909,0.18342247798675,-2.87454635400791,0.00404608373012081,0.0323095517280202,"SIGLEC14"
117.682527584988,0.539558100259277,0.187696941535495,2.87462382628778,0.00404509119301191,0.0323095517280202,"DCST2"
8.75888142457923,0.837940788004466,0.291540880046181,2.87417938737008,0.00405078813214249,0.0323391095124869,"AC109583.1"
21.7749977053393,0.398969270675531,0.138824732998687,2.87390627057287,0.00405429262952765,0.0323590757027522,"AC067930.5"
36.6892271114896,0.527444855399931,0.183537621347932,2.87376970196239,0.00405604604116394,0.0323632498377124,"LINC00685"
1.48840368429634,-1.38160792830008,0.480775133539805,-2.87370920814417,0.00405682294445754,0.0323632498377124,"PCNPP3"
122.396558627254,-0.739008789736442,0.257191971506589,-2.87337425584262,0.00406112707768527,0.0323895727479499,"TINCR"
7515.33466449674,-0.309023026650573,0.107556751221287,-2.87311603541082,0.0040644480361685,0.0324080432557501,"ITGB5"
106.484308561796,-0.371158126989357,0.129206883263667,-2.87258788087899,0.0040712482799364,0.0324462186817967,"FOXO3B"
2.40017170014599,-0.885985342395046,0.308425962460365,-2.87260299141938,0.00407105358104935,0.0324462186817967,"RPL21P123"
2.4295656655392,-1.02062644800871,0.355369666716353,-2.87201340913362,0.00407865660342774,0.0324972281140419,"RPL7P11"
1459.2476318766,-0.436171582116278,0.151897633238561,-2.87148372767108,0.00408549815554622,0.0325411730869114,"DSE"
941.95120942392,-0.436768678399688,0.152108409903001,-2.87143017718885,0.00408619041181281,0.0325411730869114,"CCR1"
1.95079577928183,-0.904275828730319,0.314931621675771,-2.87134021003864,0.00408735367225764,0.0325423997930735,"PGBD4P1"
6575.02727174382,-0.223612467714519,0.0778856484759207,-2.87103557703126,0.00409129475901894,0.0325657367327982,"NDFIP1"
3.03559881957725,0.57355990297243,0.199787533627448,2.87084930955688,0.00409370623036081,0.0325768897823258,"AC079228.1"
3.57330768991832,0.682711168054499,0.237826917427828,2.87062194405171,0.00409665151664,0.0325922842719114,"AL512598.2"
3.3004036502936,-1.07810721538785,0.37558493823806,-2.87047510596526,0.0040985546749293,0.032599382213393,"AC073592.8"
4871.94853590564,-0.272081339920499,0.0948002625719605,-2.87004837896908,0.00410409000901271,0.0326273132003488,"MED13"
14.6147976127219,-0.461804978309811,0.160902121895907,-2.87009874617171,0.00410343631261402,0.0326273132003488,"AC022415.2"
5989.62674313756,-0.285302359697679,0.0994221911469992,-2.86960442539281,0.00410985599930997,0.0326490038673934,"RPS6KA3"
1311.84699069951,0.249575122859027,0.0869700659710123,2.86966693738294,0.00410904366023258,0.0326490038673934,"CCDC9"
46.984280868726,0.50863670265189,0.177242624710687,2.86971998683802,0.00410835440045402,0.0326490038673934,"AL139289.1"
1785.68584656893,-0.211817338438772,0.0738169815675896,-2.86949335966581,0.00411129965040735,0.0326520989561003,"KIFAP3"
166.729473734488,-0.553239159798902,0.192805311884821,-2.86941866067153,0.00411227085938047,0.0326520989561003,"CORIN"
8346.08752299809,-0.335818401573459,0.117038355120401,-2.86930212944288,0.00411378637148901,0.032656090977022,"TGFBR2"
12.1578939109305,-0.654791092757139,0.228230109609022,-2.86899521662086,0.00411778026016442,0.032679750058824,"RPSAP19"
5.86107578301049,0.572391318036456,0.199525714170098,2.86875965044027,0.00412084809391978,0.032688006590023,"AL359546.1"
2.86046102138401,0.536534957571857,0.187025404549155,2.8687811629935,0.00412056784485087,0.032688006590023,"AC055811.2"
4.31122622225326,0.618381819497757,0.215572447361276,2.86855684512139,0.0041234909365376,0.0327009260326254,"AL031289.2"
2209.79941002782,-0.52040221020761,0.181437048067823,-2.86822463079909,0.00412782348651278,0.0327071296302809,"ZNF117"
340.563172141355,0.379219270939057,0.132215728327949,2.86818577286386,0.00412833051931287,0.0327071296302809,"HHLA3"
5.12792779887139,-0.662655937901727,0.231025540113148,-2.86832329264195,0.00412653636393774,0.0327071296302809,"AC021086.1"
4.25463865251413,-1.26226403084941,0.440062026682354,-2.86837753388011,0.00412582889880114,0.0327071296302809,"WARS1P1"
1863.78518958599,0.259035892337496,0.0903184719132401,2.86802784469522,0.00413039180647232,0.0327154222057725,"ODF2L"
7135.6089495577,-0.272685487396817,0.0950907070940859,-2.86763550014423,0.00413551675178042,0.0327160723307261,"MAPK13"
2438.57204309818,-0.323070906354204,0.112655634004493,-2.86777407281129,0.00413370600718043,0.0327160723307261,"NR2F2"
133.305740067954,0.817415443846463,0.285048815314451,2.86763319098426,0.00413554693192866,0.0327160723307261,"CFAP74"
66.1756412620425,0.412183272020072,0.143724146784365,2.8678776756872,0.00413235268679525,0.0327160723307261,"NAALAD2"
18.9923838843204,0.494019206477054,0.17227200107283,2.86766975132658,0.00413506912078543,0.0327160723307261,"AC099343.2"
935.139398655151,0.331693344161708,0.115699350446603,2.86685571596867,0.00414571970617869,0.0327512152724462,"HSBP1L1"
922.771930213839,0.347594866265216,0.121247652679916,2.86681728332373,0.00414622316171357,0.0327512152724462,"EBP"
119.177405709498,-0.466523137950111,0.162725403697132,-2.86693489369621,0.00414468267774698,0.0327512152724462,"RPSAP58"
103.263267430064,0.631796883078053,0.220386211133921,2.86677138205408,0.00414682452656955,0.0327512152724462,"AC004687.1"
13.6631388219704,0.389271078006997,0.13578826915395,2.86675042278991,0.00414709914583339,0.0327512152724462,"AL021878.4"
1.49325519175102,-1.3415290512158,0.467903095851752,-2.8671087306523,0.00414240667790541,0.0327512152724462,"AC007533.1"
1.29336847853735,-2.48307478969131,0.86609772275734,-2.86696838526039,0.00414424409361054,0.0327512152724462,"PTF1A"
1734.15753682785,0.307990743675391,0.107450563453977,2.86634833522589,0.00415237070360214,0.0327848171737637,"POLR2J"
2.17037111083871,-1.12838961274944,0.393717644384913,-2.8659869041741,0.00415711442327855,0.0328142361269564,"KHSRPP1"
0.841304713768631,-1.57346368693662,0.549130289628465,-2.86537405904381,0.0041651691469484,0.0328617272188283,"ARHGAP23P1"
2.19866142758361,-1.17364722464629,0.409592672621315,-2.86540092901361,0.00416481569396276,0.0328617272188283,"RN7SL328P"
176.984117170984,-0.988188213513296,0.344891440094677,-2.86521524930287,0.0041672587180183,0.0328701705876957,"SLC15A1"
3.76382799380936,-1.27826521820556,0.446175204246491,-2.86494006399194,0.00417088177597779,0.0328907025841046,"MYRF-AS1"
2160.05913179098,0.174434396020804,0.0608941044294938,2.86455310666031,0.00417598124604544,0.0329067730397691,"TRAPPC12"
1076.8831809982,-0.37455866157279,0.130752490529307,-2.86463883063731,0.00417485105556807,0.0329067730397691,"FAM102B"
165.53580800247,0.415478279252444,0.145040893663725,2.86455956494396,0.0041758960899474,0.0329067730397691,"MINCR"
722.163786462484,-0.769916745120475,0.268784874955864,-2.86443478356771,0.00417754168135414,0.0329110265124027,"TMPRSS3"
12.7231254958998,0.637560088060678,0.22258944395275,2.86428716806542,0.0041794891641987,0.0329183263555416,"SNORD14E"
154.676584832494,-0.624637301515849,0.21808661476894,-2.864170743251,0.00418102573102016,0.0329223869833322,"XKR9"
122.088892808228,0.377207978858777,0.131702589632376,2.8640893084311,0.00418210080684237,0.0329228126261309,"AC107375.1"
85.3544731767918,0.366420961388522,0.12795349845895,2.86370412533954,0.00418718926705794,0.0329548249734643,"TPGS1"
2075.0219132809,0.258947415885799,0.0904383986482647,2.86324636167989,0.00419324385607103,0.0329783288143928,"PPP1R37"
888.376179936139,0.47209891001686,0.164879046488314,2.86330446513299,0.00419247491373836,0.0329783288143928,"CLCF1"
333.517800759996,-0.267307878882703,0.0933550253392386,-2.86334750498267,0.00419190540592532,0.0329783288143928,"GTF2IP4"
9.3327994954026,-0.613937342207792,0.214464132583849,-2.86265742812618,0.00420104503869256,0.0330316257675303,"CEBPE"
473.293555080713,0.451471792993072,0.157720938788935,2.86247213882767,0.00420350215509239,0.0330428881011589,"CFAP44"
598.519921861113,-0.476724270293347,0.166548943474178,-2.86236742394742,0.00420489135278193,0.0330457522959915,"FZD2"
856.008562443148,0.284234994701793,0.0993048337202359,2.86224732526663,0.00420648515205051,0.0330502226432429,"PPOX"
26.4278520763264,0.489913020831325,0.171173545810831,2.86208373210159,0.00420865703724456,0.033051180264479,"MIR647"
13.8533533433584,0.323345541919189,0.112973746755167,2.86212993023887,0.00420804360142245,0.033051180264479,"AC096887.1"
422.565321532565,-1.32350890518904,0.462454402346626,-2.8619230317047,0.00421079150798369,0.0330598909605391,"HOXB9"
8191.216677655,-0.19596439577583,0.068483258704852,-2.86149344353478,0.00421650224842297,0.0330966686953259,"GSPT1"
203.769027258748,-0.675164766899207,0.236036032267364,-2.86043092833568,0.0042306570071931,0.0331996921871359,"ZNF683"
7.32503052104903,0.8901055417281,0.311245668076735,2.85981664332322,0.00423886012034779,0.0332559719174245,"IGHV4OR15-8"
3.69710124314057,-0.902862837854438,0.315730487992892,-2.85959979219607,0.00424175937643998,0.0332706229854797,"MPRIP-AS1"
1.53470297686785,1.03694756297449,0.362647153580537,2.85938426025508,0.00424464277730622,0.0332851425958753,"AC093390.1"
34630.7272798063,-0.395472828351543,0.138319624983829,-2.85912305211772,0.00424813962003263,0.033292034208057,"TXNIP"
496.357517191005,0.355944763287395,0.124489899109975,2.85922605634816,0.00424676037103791,0.033292034208057,"OVOL2"
1.18304600489059,1.05644658912023,0.369504843528415,2.85908725588596,0.00424861903445975,0.033292034208057,"AC026523.2"
15.8119360833285,0.457169607410353,0.159915007333509,2.85882866801181,0.00425208372711227,0.0333110883821028,"AC119403.1"
420.866566224437,-0.890957684633197,0.311663817470053,-2.85871389199295,0.00425362237587225,0.0333150482171486,"IL20RB"
9.25234713980633,0.514824611439886,0.180096333232638,2.85860684778555,0.00425505782961759,0.0333181980854831,"AC090510.2"
40.6135442659649,0.875783567221748,0.306376453057639,2.85852113790541,0.00425620750853984,0.0333191092772195,"TREML3P"
33.2042406277601,0.383386174646742,0.134147006480346,2.85795549752287,0.00426380185521717,0.0333659626354347,"AC008507.1"
3.26751220073944,0.882293596413684,0.308718652676955,2.85792124564925,0.00426426211879753,0.0333659626354347,"ARHGAP29-AS1"
7077.45816279717,-0.215518376699244,0.0754237641261121,-2.85743331954219,0.00427082357766882,0.0333878894678472,"ARHGAP1"
5440.69667837023,-0.182912068491934,0.0640133532679985,-2.85740488747955,0.00427120620421367,0.0333878894678472,"SMARCA5"
135.461113806828,0.369542721710682,0.129320726625111,2.85756762550487,0.00426901656562214,0.0333878894678472,"AC009404.1"
3.13734149125047,0.557213834514917,0.195006679217958,2.85740897055183,0.00427115125406079,0.0333878894678472,"AC106779.1"
1867.02186932014,0.183444324963983,0.0642025567888398,2.85727444729851,0.00427296201090387,0.0333935191569548,"COPS7B"
14.57540975759,0.403544632796518,0.141240737308384,2.85714051403896,0.00427476551766762,0.0333995188071704,"RGPD3"
2974.55037790958,-0.266386558741749,0.093238800984816,-2.85703543941036,0.00427618090558992,0.0334024838422352,"RNF141"
2576.36352924276,-0.240921041931673,0.0843290374656359,-2.85691677709293,0.00427777983486257,0.0334068807883612,"MTMR12"
643.848440652036,-0.508538759877937,0.178016515839597,-2.85669426502066,0.00428077956139029,0.0334141217518833,"NID2"
9.46492568991084,0.60524893112388,0.211869536870424,2.85670578254975,0.00428062424464384,0.0334141217518833,"TMSB15B-AS1"
1045.50324676603,-0.295868547146071,0.103580693586814,-2.8564063137702,0.00428466431705844,0.0334248408076922,"SLC35E3"
324.829155250773,-0.324463295652268,0.113588533707035,-2.85647930352825,0.00428367930853031,0.0334248408076922,"ZNF613"
1.81441978226358,-1.75060291949461,0.612878523772316,-2.85636198951713,0.00428526258021397,0.0334248408076922,"AC123905.1"
3613.93857613358,0.430846662571635,0.150845409531405,2.85621328424936,0.00428727027140358,0.0334324135190831,"PIM2"
1093.64311047349,-0.346024705020111,0.121185150916947,-2.85533914346698,0.00429908942526726,0.0335164744965529,"PLSCR4"
6550.10994892763,-0.255307576108185,0.0894263362561675,-2.85494840554398,0.00430438209486208,0.0335172182199536,"DNAJC3"
2327.49212146615,-0.374501790701786,0.131174676053202,-2.85498544360724,0.0043038801491467,0.0335172182199536,"F2R"
507.120295080786,-0.302327701798509,0.105888114731231,-2.8551618145803,0.00430149066973933,0.0335172182199536,"ZNF350"
33.7748241158348,-1.06489228096613,0.372997424007929,-2.8549588078214,0.0043042411161864,0.0335172182199536,"DPYD-AS1"
3.17079145527488,0.806355019248032,0.282411846225572,2.85524502610266,0.00430036373515216,0.0335172182199536,"EFCAB6-AS1"
4000.06526938262,-0.264395721840263,0.0926197760668952,-2.85463572757185,0.0043086216723819,0.0335421308126399,"ANO6"
113.888468354729,0.411375539659125,0.144118306938575,2.85442945034359,0.00431142064251981,0.0335477216742401,"RNF139-AS1"
65.7112798637697,0.630265847217728,0.220799870780861,2.8544665582855,0.00431091700427782,0.0335477216742401,"LINC02384"
6.30186733797564,0.510892145302533,0.179001660984092,2.85411957907997,0.00431562837586914,0.0335723611531726,"AC027601.2"
118.04978217139,0.306869797674549,0.107527172395376,2.85388140354134,0.00431886508534903,0.0335894367286733,"AC100861.1"
28.3790315199622,0.314627669816878,0.110255277938442,2.85362910238676,0.00432229615675703,0.0336080153302701,"AC018690.1"
10.0913288874068,0.619940760324706,0.217257373132223,2.85348548307915,0.00432425035527422,0.0336151043167351,"MIR6772"
1496.29130796523,0.275622308740406,0.0965959572647209,2.85335242328066,0.00432606158755418,0.0336210787878247,"SCNM1"
15.9119822770818,0.761783899381161,0.266988519582853,2.85324590200127,0.00432751206875881,0.0336242473872597,"AL157373.2"
12.2153656646302,0.683164850359021,0.239451983515143,2.85303483533606,0.00433038742826301,0.0336384829256422,"STRCP1"
36.2767363649944,-0.596998710242818,0.209270516601564,-2.85276072299979,0.00433412424387935,0.0336594017928443,"TIMD4"
1167.07609251381,0.294449197896445,0.103245243921632,2.85193958299858,0.00434533587542569,0.0337383470510718,"TCEA2"
393.391374700695,0.236426503393422,0.0829045793399345,2.85179064022507,0.00434737231608332,0.0337460328194768,"CCDC142"
26.9340732092,0.425973497122962,0.149398664335595,2.85125371781166,0.00435472064527725,0.0337949379559482,"AL110114.1"
7.1425496575508,0.650527421164346,0.228177127617582,2.85097559057107,0.00435853152474374,0.0338163736803085,"LINC02848"
661.473627276589,0.411282254545412,0.144268405460027,2.8508130607943,0.00436075989536146,0.0338255238936565,"PAIP2B"
415.724625191603,0.414755892936218,0.145500220209708,2.85055165097643,0.00436434613098613,0.0338451998541721,"SLC25A10"
3.26956691911021,-0.768708220923908,0.269702104277264,-2.85021217384958,0.00436900734871843,0.03387320075966,"RPL27AP5"
2228.6905537874,-0.472893597245241,0.165923935074858,-2.85006257253898,0.00437106289359014,0.0338809911066861,"PRRX1"
1692.31857736172,-0.182382091771897,0.0639945961252262,-2.84996082192639,0.00437246146341116,0.0338836865868044,"TMEM184C"
161.157563192364,0.401654102141258,0.140937683191035,2.8498701911882,0.00437370753127183,0.0338851992661845,"TMED2-DT"
13.8084769692142,0.424308089248422,0.148891620144837,2.84977817311458,0.0043749730027028,0.0338868615114465,"AC079944.2"
556.809372904056,0.83771321449763,0.293978632935749,2.84957177374424,0.00437781270129146,0.0339007133893235,"IGKV2D-29"
2057.1345003713,0.207619746886435,0.0728648955607039,2.84937959889707,0.00438045819693031,0.0339130551164509,"DEF8"
1067.58963432656,-0.190220793037868,0.0667681580631332,-2.84897469925713,0.00438603682408409,0.033948093469177,"KLHL20"
707.270498493247,0.842061731168779,0.295596110209459,2.8486901623032,0.00438996096988793,0.0339703123287824,"ABCA13"
807.963931843508,-0.396408034269943,0.139171136994641,-2.84834946979852,0.00439466376217157,0.033998544388489,"SLC2A13"
1.21537193390317,-1.38140610189788,0.485063834984898,-2.84788516946619,0.00440108014276888,0.0340400165995641,"HNRNPA1P46"
114.078888701981,-0.528838702975749,0.185719347408331,-2.84751540620601,0.00440619614431881,0.0340714135907818,"RPL7P1"
2185.97823679023,-0.260623126066743,0.0915565903945774,-2.84657963936345,0.00441916739540581,0.0341635225760874,"RB1"
1810.87195925523,0.353273233248015,0.124143225588427,2.84569078637625,0.00443152038256709,0.0341770807787313,"ATF5"
862.615277693295,-0.645591691720101,0.226845503211183,-2.84595322623206,0.00442786982776365,0.0341770807787313,"ANKRD29"
330.469049178517,0.448870512251397,0.15772706865875,2.84586860117556,0.00442904666976873,0.0341770807787313,"FANK1"
89.3468465153206,-0.771731711999979,0.271181272973937,-2.84581491758891,0.00442979336982492,0.0341770807787313,"HOXA1"
44.4627735113548,0.400326847913382,0.140649875794386,2.84626520750445,0.00442353369448828,0.0341770807787313,"TOLLIP-AS1"
43.0662212636609,0.809592551041016,0.284496592279049,2.84570210333812,0.00443136290666429,0.0341770807787313,"CPB2-AS1"
14.1263983024401,-0.971433292316768,0.341357292200802,-2.84579622147145,0.00443005344614752,0.0341770807787313,"GSC"
1.35518631885775,1.36635841395047,0.480148717846794,2.84569834962352,0.00443141513916636,0.0341770807787313,"CYP4F8"
3.12387353401755,-0.815094029773671,0.286420233611811,-2.84579765715287,0.00443003347430489,0.0341770807787313,"AC104297.1"
3.39747668120905,0.747741200004178,0.262749970463011,2.84582791269787,0.00442961260674625,0.0341770807787313,"AL392046.1"
14.5269422500925,0.421487522989345,0.14812524769985,2.84548062895676,0.00443444565178605,0.0341914634246392,"AC138207.9"
1098.54146600974,0.355118194535702,0.124810441545655,2.84526030144523,0.00443751436169354,0.0342069449181946,"LAGE3"
2.05450986811938,-0.978662902136637,0.343993317478321,-2.84500556380231,0.00444106473277713,0.0342261310488524,"AL096712.1"
26.1648735553679,-1.08081757433196,0.379910549637221,-2.84492645798871,0.00444216778293856,0.0342264516513391,"PSAPL1"
1.39420037625457,1.00211809447052,0.35228092224083,2.84465615706955,0.00444593872830768,0.0342473230516677,"ATP6V1G1P2"
115.223697663713,0.637401947133341,0.22407640060796,2.84457419614004,0.00444708273136128,0.034247953826784,"LCN12"
4.74539156185168,0.516861406541013,0.181707450162373,2.84447008682994,0.00444853626407796,0.0342509674869135,"AL354928.1"
1692.3074360883,-0.461179709152841,0.162140050975825,-2.8443293706723,0.00445050157122067,0.0342525407786425,"HCK"
53.2596176619808,0.427487062868821,0.150295875924912,2.8443033465695,0.00445086512211233,0.0342525407786425,"AL357079.1"
144.743709596362,0.36101627815583,0.126936970312191,2.8440593569229,0.00445427491201255,0.0342706023712347,"SDCBP2-AS1"
24.4751950889705,-0.943680093659378,0.331831760179536,-2.84385103206759,0.00445718815459914,0.0342848358886091,"CPA4"
7422.05961540104,-0.197621714961576,0.0694965494100135,-2.84361909532592,0.00446043362005024,0.0342897972429307,"EIF4EBP2"
157.412559718453,-0.705443344503711,0.24808938133953,-2.84350479127624,0.00446203385168263,0.0342897972429307,"GPR27"
30.5595494184994,0.519320992728846,0.182634362035206,2.84350100902008,0.00446208681133005,0.0342897972429307,"AL034417.2"
14.6692837963733,0.506522387777108,0.178120552621664,2.84370545858895,0.00445922489821609,0.0342897972429307,"AC079684.1"
1.51787563205864,-1.62774450939522,0.572505940569902,-2.84319234796914,0.00446641064425805,0.03431484661046,"AC010997.6"
77.3602778602098,0.782276581741284,0.275195689518928,2.84261931249283,0.00447444799558971,0.0343602228191927,"WDR49"
7.39309660269199,0.60157251227485,0.211625720652607,2.84262475477806,0.00447437160091686,0.0343602228191927,"AC007220.1"
236.715226363538,0.285026675488554,0.100289729879025,2.84203253745292,0.00448269163503308,0.0344071391982008,"FAM86C2P"
50.5281771890764,0.335892391305409,0.11818574799257,2.84207188269879,0.00448213844106543,0.0344071391982008,"L3MBTL2-AS1"
3547.66651472583,-0.250365876718482,0.0881000896103645,-2.84183452963285,0.00448547656319838,0.0344121322341974,"PPP3CA"
46.5864428365671,-0.511674996174872,0.180048236570459,-2.84187729866844,0.00448487489520827,0.0344121322341974,"CSPG4P12"
3913.80803850715,-0.172835794763036,0.0608377379760092,-2.84093065444334,0.00449820925262577,0.0344966290352695,"DYNC1I2"
1340.70069791731,0.224831243249447,0.0791408279157525,2.84090082414586,0.0044986300230519,0.0344966290352695,"DGUOK"
1.22479820991381,-1.91890409832979,0.675494906494776,-2.84073807201184,0.00450092634681444,0.0345060318718573,"AC104332.1"
989.714400424201,-0.198410088790811,0.0698645005692571,-2.83992710423981,0.00451238439693446,0.0345856512667344,"FAM114A2"
27.9855001635032,0.598273064499236,0.210673345255126,2.83981375894861,0.00451398793976584,0.034589719847374,"AL021578.1"
9.03414471280973,-0.505612155688087,0.178049951643682,-2.83972082564746,0.00451530309085613,0.0345915771358175,"RPL21P11"
16.2171416367987,0.419213669524647,0.147629714342651,2.83962934827365,0.00451659797731018,0.0345932783321536,"AC011603.2"
6.65337852057705,0.771270162445471,0.271618572295914,2.83953396826346,0.00451794846485661,0.0345954044762055,"AL049539.1"
20.3415479685697,0.533467081553911,0.187888987580038,2.83926742288002,0.00452172442629776,0.0346160978456722,"LINC01786"
5240.65034240913,-0.200881463202118,0.0707809243690175,-2.83807346390136,0.00453867351486652,0.0347231793166566,"STAG2"
41.3247885868151,0.370779823724998,0.13064577068907,2.83805454833616,0.00453894249712227,0.0347231793166566,"ZNF497"
17.5739611758564,0.566950815554204,0.199764683265016,2.83809333205341,0.00453839100222747,0.0347231793166566,"MYBPC3"
7.84448363740814,0.615368049112196,0.216850100973183,2.83775772457813,0.00454316526838127,0.0347472400566779,"AC211476.2"
34.8613076048374,0.394961210028388,0.139185687582481,2.83765677986349,0.00454460217182638,0.0347499874390661,"RTEL1"
2.88424824992715,-0.611630346540962,0.215620261773717,-2.83660886741171,0.00455954307996276,0.03485596648018,"SNX19P2"
2.87495672152755,0.906247161990358,0.319511873621065,2.8363489335146,0.00456325604124547,0.0348760822588197,"AP005271.1"
4.32532409387213,0.616207146143697,0.217263205072467,2.83622413624141,0.00456503964982534,0.0348814463290564,"Z98885.2"
1.66801291841334,-1.92050952559268,0.677169513748093,-2.83608385581739,0.00456704529813808,0.0348885040602848,"RN7SL127P"
4.18841834100539,0.765914199046522,0.270082614407306,2.83585154389635,0.00457036851491233,0.0349056212134884,"AC046168.1"
3330.55118430649,-0.227638138686751,0.080279895995193,-2.8355559740683,0.00457459980055925,0.034921394547593,"CREBL2"
114.055137460283,0.326623470244866,0.115188073971802,2.83556672997955,0.00457444576009487,0.034921394547593,"TAF10"
18.2188798951187,0.499420757930109,0.176153211748817,2.83514988442136,0.00458041903968926,0.0349575412863385,"AL031716.1"
31.4161684930415,-0.829040555020005,0.292495673515306,-2.83436860811079,0.00459163354112854,0.0350348375612139,"ZPLD1"
115.08652693855,0.312286944843449,0.110199533650521,2.83383181850672,0.00459935306695891,0.0350771380425946,"AC022916.1"
17.9623236315569,-0.516925580531153,0.182410550825089,-2.83385790017611,0.00459897771718255,0.0350771380425946,"PROX2"
104132.917434798,-0.545075445959724,0.192392866807859,-2.83313750142351,0.00460935541508271,0.0351368003213574,"COL3A1"
83.2878971728494,0.500074138588162,0.176507755592422,2.83315674662418,0.00460907790304062,0.0351368003213574,"MYOM2"
18459.4266836766,-0.358217426441155,0.126444930554158,-2.83299160252001,0.00461145974106173,0.0351445330537782,"LRP1"
2829.46721282436,-0.414858148857215,0.146465635020109,-2.83246065741126,0.00461912500318152,0.0351866767328145,"CYTH3"
348.022807534324,0.293600585169359,0.103655781379963,2.8324574014172,0.00461917204558858,0.0351866767328145,"SELENOH"
15.621367188641,-0.41671787416945,0.147129599472762,-2.83231841629935,0.00462118049880443,0.0351936620651745,"CAP1P2"
405.386167771351,0.330639481465826,0.116747016631543,2.83210218989435,0.00462430672656864,0.0352060063364408,"ADAT2"
12.647414746895,0.776186295787732,0.274071730948574,2.83205529115067,0.0046249850470201,0.0352060063364408,"TREML4"
82.7520876004708,0.323680290358904,0.114300940192078,2.83182526595994,0.00462831332357865,0.0352230264618347,"LBHD1"
120.754397684441,0.404061614409559,0.142699300548066,2.83155988051573,0.00463215592860533,0.0352439518447095,"AL390879.1"
199.513565878948,0.455465068787618,0.16087149863372,2.83123531921987,0.00463685928746953,0.0352660032740686,"DTX1"
4.86343745738323,0.552855572896225,0.195271907499394,2.83120895358663,0.00463724155317261,0.0352660032740686,"AC021739.4"
52.3931770689737,-0.604124272411596,0.213394790146285,-2.83101697092727,0.0046400259002623,0.0352788576170615,"LINC02605"
2.14072266631202,0.771333357271037,0.272472089667685,2.83087107458154,0.0046421428643588,0.0352866328762964,"DNAJB5-DT"
635.766039015875,0.439051968102669,0.155102826553805,2.83071545411433,0.00464440188989615,0.0352954840772334,"RNF207"
3.58477989605675,0.568580861726899,0.200872991715375,2.83054907915417,0.00464681813126214,0.0353055255990923,"AL590096.1"
1832.51447909243,-0.175976406505266,0.062182622165014,-2.82999333862567,0.00465489732990386,0.0353502506836434,"TRAPPC11"
4.9812931452421,-0.714316180941022,0.25240707298244,-2.83001649874811,0.00465456038078178,0.0353502506836434,"LINC02863"
3.85857049473109,-0.689227417383321,0.243560708171903,-2.82979723025305,0.00465775133249256,0.0353603810141615,"ANXA2P3"
3.58504249846258,0.594615394483278,0.210129936073828,2.82975098928486,0.00465842451692225,0.0353603810141615,"FAM83C-AS1"
115.015412942037,0.342228174058423,0.120947618427452,2.82955694794191,0.00466125036666048,0.0353735039004394,"AL139287.1"
396.955643900909,-0.237057848812189,0.0837855390576068,-2.82934085617328,0.00466439916622172,0.0353807459691412,"ATG10"
83.3804175005991,0.757951567559605,0.26788339687406,2.82940852775561,0.00466341287695368,0.0353807459691412,"AL033523.1"
4219.61815944737,-0.410186759641759,0.145001587507852,-2.82884323331665,0.00467165764516484,0.0354274696068533,"MYLK"
4.36607142784939,-0.732114553098024,0.258827346324182,-2.82858269613076,0.00467546199744375,0.0354479830960671,"RPL34P27"
2.80348479526619,-1.18400943337794,0.418631853929836,-2.82828318548445,0.00467983890390324,0.0354728268585708,"AP005060.1"
4492.95972529232,0.278387498803008,0.0984385240932184,2.82803405848896,0.00468348235325991,0.0354837613911809,"SBF1"
16.3839557280988,0.513844076452664,0.181693106316873,2.82808790530841,0.00468269463317287,0.0354837613911809,"AL137139.2"
4471.75025195502,0.711394267039873,0.251578242628744,2.82772571907056,0.00468799533252516,0.0354848329002405,"IGKV3-15"
41.8217011154358,0.686991019715992,0.242937925411199,2.82784591394359,0.00468623564419704,0.0354848329002405,"FAM95C"
13.5796451843116,0.373555379168507,0.132104627569411,2.82772364633655,0.00468802568320746,0.0354848329002405,"LINC01715"
2.24379551518937,-1.14201740985626,0.403839275310958,-2.8279008003293,0.00468543229024857,0.0354848329002405,"ZNF415P1"
4.57825822945923,0.548228628860016,0.1938821560672,2.82763839633596,0.00468927413821566,0.0354859527309937,"AL121672.3"
76.7917035535864,0.269553112746209,0.0953353948961181,2.8274190613038,0.00469248760289125,0.0355019387037138,"RWDD3"
1044.24115154243,0.278431536774088,0.098490492175832,2.82698898769856,0.00469879437360129,0.0355413147025038,"CREM"
415.783692985112,-0.487008655744232,0.172289694443159,-2.82668477251785,0.00470326013882896,0.035564723383186,"ZNF702P"
123.025993387132,0.562955157675121,0.199161393912198,2.82662792530616,0.00470409506060749,0.035564723383186,"CTTNBP2"
4454.60172114066,0.751101341199889,0.265774617005227,2.82608380613382,0.00471209339471472,0.035568981076243,"IGHV4-39"
2776.2542867419,-0.440449097878497,0.155850178242215,-2.82610583347535,0.00471176936266175,0.035568981076243,"DPYD"
1830.58624530723,0.272737718637833,0.0965079651927155,2.82606433669186,0.00471237981571438,0.035568981076243,"TECPR1"
486.596394070495,0.371993006105968,0.131622354875605,2.82621448657057,0.00471017132211568,0.035568981076243,"KLHL17"
30.133755143849,-0.529019687600643,0.187191447672349,-2.82608898098065,0.00471201726858882,0.035568981076243,"IMPG1"
15.7608454115199,0.607208759976335,0.214828888610658,2.82647628958693,0.00470632280882301,0.035568981076243,"AL512413.1"
3.57384063256482,0.586680617420067,0.207573704789963,2.82637253121107,0.00470784771984731,0.035568981076243,"AC005041.4"
20.2720949000056,0.535887544252669,0.189633839257745,2.82590673874564,0.00471469886815298,0.0355781570333707,"LINC01001"
1545.017290358,0.227576756951358,0.0805387829141367,2.82567911653172,0.00471805015071098,0.0355951163101721,"PRPF31"
26.9546086213595,0.47380213735435,0.167690645774592,2.82545359143784,0.0047213726838497,0.0356118508048499,"AC011462.4"
914.805067872068,0.493985145071486,0.174849681188597,2.82519900358676,0.00472512592693813,0.0356234943918915,"PVT1"
37.0982454942446,0.390920990639731,0.138367853309205,2.82522985860131,0.00472467090532492,0.0356234943918915,"CHRNA10"
18.0341405600146,0.544810884311892,0.192845265454546,2.82511931536273,0.00472630127970787,0.0356240263590884,"U47924.3"
89.2198312158181,-0.585376205346487,0.207215225738398,-2.82496714833833,0.00472854638581869,0.0356326193528216,"SIGLEC6"
759.358912498031,-0.227276066130673,0.080458650108124,-2.82475614275469,0.00473166120654227,0.0356477606553634,"ZNF654"
6523.12319890669,-0.257306468319356,0.0911095770947316,-2.82414293342422,0.00474072381984956,0.0357076943637115,"USP22"
9.29390995769819,-0.522002624768534,0.184841955549313,-2.82404837807114,0.00474212264950066,0.035709889031562,"AC114728.1"
9.9970098072953,0.596247180924946,0.211203185075201,2.82309748649219,0.00475621069930915,0.0358076147558308,"AC093642.2"
8755.25803110464,-0.256130103850628,0.0907360978328284,-2.82280272094707,0.00476058551900505,0.0358321848880293,"MBNL1"
2246.69146290579,-0.219607583242509,0.0778019111054941,-2.82265024241803,0.00476284998745593,0.0358408629744496,"TTC1"
34.410991389237,0.82562735582915,0.292520728261907,2.82245761090109,0.00476571216424098,0.0358479233723618,"IFITM3P2"
3.94893246387943,-0.613592412132859,0.217398054513207,-2.82243745698094,0.00476601170715816,0.0358479233723618,"AC108463.2"
318.650175880988,0.355560222800841,0.125990090899101,2.82212847267165,0.00477060620104271,0.0358588848005056,"NFKBID"
5.93666087780201,0.611268293878517,0.216599349802751,2.82211509145884,0.00477080526575186,0.0358588848005056,"AL157827.2"
2.53580452392418,-0.743430667638155,0.263422149952779,-2.82220256638032,0.0047695040870306,0.0358588848005056,"HMGN1P4"
43.3877221416112,0.433753857242985,0.153703328681578,2.8220199325779,0.00477222110725248,0.0358611674675731,"STXBP5-AS1"
9.99963691806195,-0.67772707559485,0.240175427242152,-2.82180022901155,0.00477549146578345,0.035877381713464,"AL590282.1"
30.8919601168126,-0.529817427493501,0.18777011323834,-2.82162809808286,0.0047780551071231,0.0358882802071242,"TPT1P4"
40.388683619771,0.613640774055616,0.217508879832994,2.82122171070339,0.00478411260177619,0.0359254100708601,"ACSM5"
1054.5783734037,-0.197953268569395,0.0701676625900844,-2.8211466829931,0.00478523170316132,0.0359254473267606,"CDKN2AIP"
1608.08697356418,-0.387358323884528,0.137319504202496,-2.82085437268486,0.00478959401703055,0.0359462423129663,"GUCY1A1"
1443.22649929875,-0.324147229157697,0.114912749805708,-2.82081170023134,0.00479023114339638,0.0359462423129663,"RIPK2"
56.963795229176,0.371303947699957,0.131638091473899,2.82064213741338,0.00479276358005656,0.0359568779988189,"AC010761.1"
40.2022751681791,0.398246010935761,0.141207140212638,2.82029655395654,0.00479792865279185,0.0359788859091333,"AC010538.1"
41.5167287628022,0.641007491473148,0.227281930269107,2.82031875879521,0.00479759662903901,0.0359788859091333,"LINC00896"
353.097582859949,0.293497105550392,0.10408275539284,2.81984373340851,0.00480470410970066,0.0360213169070676,"ZNF628"
9.44958478018922,-0.54605178034639,0.193654025775264,-2.81972852441541,0.0048064293382863,0.036025874944919,"AC010240.2"
78.4225260077014,-0.854477827646261,0.303059371172199,-2.81950637045552,0.00480975762623147,0.0360424435644513,"GPC5"
12.3625299100681,0.559167781043505,0.198337400736653,2.81927553233368,0.00481321822866632,0.0360432470467593,"CPNE9"
6.23407052692526,0.566138040349465,0.200800539311697,2.81940497914035,0.00481127735357213,0.0360432470467593,"AC125611.2"
0.985124844572816,1.70522135818094,0.604842541271365,2.8192814523208,0.00481312945122376,0.0360432470467593,"IQCA1-AS1"
162.59884006916,0.512009666137029,0.181623303905811,2.81907472844209,0.00481623040610608,0.0360442150919898,"BEND5"
26.4297000119449,-0.73947438146251,0.262313942956061,-2.81904336890844,0.00481670097166643,0.0360442150919898,"LNCAROD"
3.96553654933764,-0.698904362013957,0.247914572845741,-2.8191338411108,0.00481534350391656,0.0360442150919898,"HADHAP2"
315.186939991936,0.250295759921283,0.0887901304467345,2.81895925438961,0.00481796335774288,0.0360452966288676,"AL118506.1"
1191.38512299357,0.172718043144443,0.0612809082883684,2.81846415088509,0.00482539991291981,0.0360825949035774,"DIS3L2"
150.014994896928,0.452687371798731,0.160618346555964,2.81840388414782,0.00482630584025831,0.0360825949035774,"CRIP1"
62.3782002668829,0.84781399622553,0.300809096098756,2.81844534364477,0.00482568260613497,0.0360825949035774,"TSPEAR-AS2"
1666.46191590214,0.222363017275276,0.0789215200169883,2.81752071206195,0.0048395993135591,0.0361198718178396,"RBM28"
1007.07784325393,0.264495948237634,0.0938683265666831,2.81773371180468,0.00483639022144832,0.0361198718178396,"ARHGEF9"
457.154232208308,-0.39640419834737,0.140684374558088,-2.81768461915219,0.00483712968932067,0.0361198718178396,"RASGRF2"
246.085728180645,0.296202280810813,0.105123104458182,2.8176705999835,0.00483734087462262,0.0361198718178396,"DZANK1"
130.16184916555,-0.426404597276672,0.151330175911544,-2.81771031262076,0.00483674266356602,0.0361198718178396,"LINC00638"
19.4152904041937,0.688854682836421,0.244449334723162,2.81798550859853,0.00483259908941925,0.0361198718178396,"LCNL1"
13.8767679932096,0.506526046845918,0.179776322104379,2.81753481724821,0.00483938674275603,0.0361198718178396,"Z82243.1"
6.52271695219152,0.564238562195942,0.200263745702063,2.8174773233063,0.00484025325243867,0.0361198718178396,"AC135782.3"
1.70314266841809,-1.4687851118524,0.521357532410077,-2.81723197718589,0.00484395252058594,0.0361391136108963,"IL36B"
10.9287072389312,-0.438984911592467,0.155828475059935,-2.81710330171442,0.00484589367995467,0.0361411685078684,"HNRNPA1P8"
3.17329964038396,0.483117192567485,0.17149663557557,2.81706513335417,0.00484646961166144,0.0361411685078684,"AC135050.4"
3.99855527408788,-0.620885185378481,0.220450987313128,-2.81643186517726,0.00485603419175679,0.0362041208123,"KRT8P5"
3.88630214346011,0.737700195989664,0.261952744249166,2.8161575405676,0.00486018275826279,0.0362266743042496,"ANKRD20A21P"
1886.98025733106,0.289412400754417,0.102777035079982,2.8159247883459,0.00486370514638919,0.0362445510620105,"NDUFA3"
163.013542666395,0.576195045950455,0.20466867061384,2.81525767584427,0.00487381378617475,0.0363114892641416,"ACBD7"
2.3080986581626,0.747727681822188,0.265632399870134,2.81489638382873,0.00487929631183519,0.0363439384557925,"AC068946.2"
4.82734050961072,-0.88813087658233,0.315560377617647,-2.8144562485549,0.004885982804297,0.0363853384583272,"AL049839.2"
4806.98781992942,-0.301202769029278,0.107048275862127,-2.8137096707397,0.00489734369943735,0.0364615210317149,"SRI"
1098.48511876126,0.221874671542959,0.0788594322482843,2.81354639790456,0.00489983145253821,0.0364716216960052,"AC006001.3"
7628.4042559072,-0.210598323586352,0.0748572247129093,-2.81333330742669,0.00490307998587151,0.0364760855000291,"ILRUN"
2214.32358505914,-0.290498829495568,0.103257807630543,-2.81333524468167,0.00490305044392812,0.0364760855000291,"SLC25A24"
36.4750778378568,-0.580637171120314,0.206393990373616,-2.81324650039102,0.00490440390487791,0.0364760855000291,"SH2D1B"
4.03855762348144,0.825336437653926,0.293378861856437,2.81321030571657,0.00490495601575829,0.0364760855000291,"AC013643.3"
2930.32490982773,0.234180462031478,0.0832495876291221,2.81299245678855,0.00490828025484639,0.0364923903199266,"IRF3"
3.28593026992436,0.813072964589247,0.289069541343274,2.81272444274478,0.00491237277813221,0.0365143983934701,"LINC02308"
8.59538687637624,-0.53960889521829,0.191862146526423,-2.81248232122731,0.00491607258089344,0.0365166460195598,"PTMAP12"
3.52434994623353,-1.22139261801781,0.434262180727551,-2.81256962319748,0.00491473824927285,0.0365166460195598,"VN2R19P"
2.37873005734645,-0.944063474801781,0.335668836270621,-2.81248472539364,0.00491603583099929,0.0365166460195598,"LINC01340"
20.9977648692806,0.505609779627476,0.179841118248888,2.81142479845875,0.00493226190467404,0.0366284627167698,"AC103858.3"
1.93610051897819,-0.905206312899091,0.322002261807772,-2.81117998307564,0.00493601658251404,0.0366479057571184,"AC027130.1"
6.05431923635114,-1.12176328139514,0.399074592804097,-2.81091129734186,0.00494014032983204,0.0366700794050263,"C18orf63"
709.419444631854,-0.881251996965403,0.313564249928085,-2.81043517291119,0.00494745546801206,0.0367115660424268,"IGHV3-64D"
716.342083462087,0.30947082191684,0.110116316015225,2.81039934058501,0.00494800638921962,0.0367115660424268,"NUDT1"
126.938792908143,0.376492988688344,0.133975175361978,2.81016977713315,0.00495153723867754,0.0367124208464376,"PBX4"
31.2710052929814,0.377687739858078,0.134399899875603,2.81017872935662,0.00495139950441517,0.0367124208464376,"C9orf43"
19.0968899771015,0.568632569786689,0.202341260386032,2.81026503789606,0.00495007178376414,0.0367124208464376,"AL357075.3"
287.736223002702,0.615635588672386,0.219087277522093,2.81000154657682,0.00495412619114105,0.0367231721915731,"ATG9B"
5701.60898016513,-0.241034755435544,0.0857914415318041,-2.80954313311298,0.0049611870729315,0.0367633945466071,"ADAM10"
5.18672006060494,0.511823739618052,0.182176014120308,2.80950125124621,0.00496183262728591,0.0367633945466071,"ZBTB40-IT1"
1.65829218837721,-2.5301153558104,0.900611583654001,-2.80933023928596,0.0049644693420585,0.036771933500442,"AC025164.2"
3.31435223741853,-0.779414025646158,0.277442766804496,-2.80927859328689,0.00496526588497207,0.036771933500442,"RNU6-407P"
538.730492513625,0.301787130556171,0.107428083107867,2.80920148461693,0.00496645535704923,0.0367722968973714,"AC132008.2"
5640.15629665322,-0.215558231739824,0.0767375783492994,-2.80903093864432,0.00496908710068244,0.0367816513532721,"CAB39"
81.2592629049205,0.697658512659429,0.248368717012387,2.80896290423175,0.00497013731099386,0.0367816513532721,"GRIN3B"
1.83620647448182,-2.50892713126592,0.893206950040349,-2.80889790563383,0.00497114084656722,0.0367816513532721,"SNORD3C"
1178.1709186129,-0.195437636689159,0.0695889829642098,-2.80845657407689,0.00497795956272304,0.036816683466428,"OSBPL11"
571.140204706047,-0.255975402679329,0.0911449304069798,-2.80844366808279,0.00497815909175456,0.036816683466428,"FICD"
12.6336717840053,0.489447111927504,0.174288661310315,2.80825561598675,0.00498106723213554,0.0368297438432035,"AC011337.1"
61.6358504708614,0.407843073148773,0.145236201183498,2.80813646890617,0.00498291058264768,0.0368349270374769,"AL360181.2"
38.9827829136321,-0.944645651193249,0.336436561863658,-2.80779724403458,0.0049881621835943,0.0368652967247303,"GRIK3"
147.056483999487,0.267288608453124,0.0952050997685039,2.80750305501544,0.00499272062821831,0.0368905308563015,"ERVK3-1"
34.0281082440044,0.423380413729457,0.150807913789987,2.80741509572934,0.00499408428441047,0.0368921529784228,"YEATS2-AS1"
7733.53997157959,0.20905227717796,0.0744792129350755,2.80685400583104,0.0050027909394796,0.0369411773584926,"ACIN1"
37.7314110081019,-0.860850772738545,0.306703586275713,-2.80678417618723,0.00500387547365136,0.0369411773584926,"CDH8"
35.7240301357656,1.16661533593928,0.415643958626956,2.80676601145147,0.00500415762759795,0.0369411773584926,"CRISP2"
18.6944792464679,-0.509192695041302,0.181440724258358,-2.8063859264376,0.00501006481198248,0.0369763194924182,"AC008467.1"
1.99747712856414,1.71267654417335,0.61032047466342,2.80619218144018,0.00501307837281104,0.0369900943092201,"OTOS"
238.663413737471,0.18031123761183,0.0642657122256421,2.80571445281338,0.00502051609428687,0.0370364999909128,"ZNF79"
3386.14902211066,-0.902911547862785,0.321889027064116,-2.80503984897546,0.00503103594388066,0.0371056161963476,"COL11A1"
1.4271694119659,-1.97907760788946,0.705584774343131,-2.80487572840824,0.00503359827101026,0.037116024753882,"AC090023.2"
6.1561950621934,-0.682242128397248,0.243254819241229,-2.80463972111766,0.0050372849955779,0.0371347175771398,"NPM1P46"
482.092132074814,0.211330332265366,0.0753570375600867,2.80438747471807,0.0050412280939025,0.0371361735703669,"UBOX5"
334.137758776384,0.255550932035926,0.0911292656284488,2.80426853298539,0.00504308835082136,0.0371361735703669,"SPATA33"
242.581322468799,0.399082015555647,0.142317196331911,2.80417283252905,0.00504458556309998,0.0371361735703669,"AJM1"
70.996737551054,-0.544211657610514,0.194081450176406,-2.80403746528,0.00504670403972626,0.0371361735703669,"RPS7P11"
22.4056109010322,0.533183100992018,0.190124496774053,2.80438928196434,0.00504119983323122,0.0371361735703669,"AP002813.1"
5.14427712991909,0.618897260822798,0.220681727054354,2.80447896200469,0.0050397976485512,0.0371361735703669,"ZNF890P"
4.6618156397049,0.495302122304646,0.176628731783816,2.80419905245579,0.00504417531823602,0.0371361735703669,"AC048382.1"
3.63138320513244,-0.895693548220415,0.319451098740481,-2.80385183131916,0.0050496104904207,0.0371361735703669,"RNVU1-15"
3.01196801800893,-0.646386179738572,0.230527979087433,-2.80393808290583,0.00504825987056943,0.0371361735703669,"RPL7P19"
1.49298023658899,0.950924114373528,0.339153378171039,2.80381731563932,0.00505015106546934,0.0371361735703669,"PPIAP26"
1.19513361252076,-1.14022597963153,0.406631380995773,-2.80407768047637,0.00504607459412484,0.0371361735703669,"RPS10P14"
2362.96826050042,0.232997336905927,0.0831029681286289,2.80371859336345,0.00505169751533159,0.0371390757824595,"MED25"
226.442710622003,-0.584451169949846,0.208473846911469,-2.80347476965799,0.00505551876280721,0.0371586967191061,"SOX6"
2.61707377076096,-0.733998855969288,0.26187708447625,-2.80283728313714,0.00506552191279674,0.0372237361162559,"RIMBP3C"
11.3861459923163,0.66389097298291,0.236876459485869,2.80268868600898,0.00506785620165198,0.0372324044707833,"LINC01978"
4.56688025814627,-0.739378703363133,0.263825740409098,-2.80252678232466,0.00507040062798762,0.0372426123575082,"GLRX3P2"
432.870920676023,0.214718179167761,0.0766540021358765,2.80113462030531,0.00509232710249803,0.0373951463038144,"RPUSD2"
2874.2295384663,-0.279125909815517,0.0996527265836204,-2.80098617854974,0.00509467010127127,0.037403833655622,"ECHDC1"
3.14007019187861,0.553511104594303,0.197630723673414,2.80073408782828,0.00509865132384371,0.0374245417567358,"RNU6-1099P"
857.135344093196,0.374276791810136,0.133654591919573,2.80032871624311,0.00510505918003876,0.0374305831762088,"RPP25"
178.430715812803,0.420054107324871,0.150002186602704,2.80031989425212,0.00510519871335505,0.0374305831762088,"KANK3"
227.669613160572,0.405398869272925,0.14477886608964,2.80012463298285,0.00510828795240856,0.0374305831762088,"CFAP69"
87.8181005180081,-0.424346070350807,0.151533706258781,-2.80034113087773,0.00510486282939254,0.0374305831762088,"MYLK4"
8.29961405560621,-0.525272167384422,0.187590854949716,-2.80009474622429,0.00510876094149465,0.0374305831762088,"HNRNPUP1"
7.32239586907298,0.835684733657187,0.298405582946434,2.80049966024663,0.0051023561189134,0.0374305831762088,"Z82186.1"
2.84547871374646,0.725378659978189,0.259042288668685,2.8002325940918,0.00510657968511745,0.0374305831762088,"AL109947.1"
1.85838498754184,-1.72496869700481,0.616011261122444,-2.80022266778324,0.00510673672741756,0.0374305831762088,"AP004607.7"
51.7682918700306,0.362371526291026,0.1294227788298,2.7999053147172,0.00511175981311485,0.0374440470635821,"PHKG1"
4.85107772062637,-0.954504688941268,0.340934826850427,-2.7996690680123,0.00511550204099354,0.0374629487421841,"RPL6P7"
16.3843421861105,0.497635554991999,0.17776634492105,2.79938002445295,0.00512008395689527,0.0374879898251789,"AL109917.1"
2054.43059625172,-0.170975767246605,0.0610825752957832,-2.79909231755014,0.00512464836736229,0.0375128913974114,"IRF2"
2.024665616072,-1.03160232936291,0.368561800356588,-2.79899416696149,0.00512620634724057,0.0375157793161081,"C9orf129"
16.7538335538636,0.823176514062349,0.294148045169585,2.79851091170014,0.0051338834776374,0.0375634383336551,"LINC01267"
15.8147277873821,0.450025359085483,0.160823155964098,2.79826220538754,0.00513783854539144,0.0375838484337901,"AC008537.4"
2718.73153632109,0.185256940216618,0.0662079263138435,2.798108180257,0.00514028932024639,0.0375847231590351,"ABCF3"
5.26366248158981,-0.952241651115858,0.34030808144449,-2.79817525071377,0.00513922199710264,0.0375847231590351,"COL4A2-AS2"
121.949245781191,0.317221674570492,0.113380505528272,2.79785023970802,0.00514439591420592,0.037606222229329,"LPP-AS2"
442.326111551803,0.252206967405273,0.0901491004751229,2.79766482500701,0.00514734967733877,0.0376094148100654,"SDHAF2"
3.78422053496842,0.767964678413322,0.27450807836025,2.79760319987918,0.00514833174047538,0.0376094148100654,"LUARIS"
2.77464375846062,0.76241823003775,0.272519814737812,2.79766163341651,0.00514740053463186,0.0376094148100654,"RN7SL239P"
378.717408955442,0.273614469156946,0.097827575181259,2.79690535771721,0.00515946443224226,0.0376822039904081,"TEPSIN"
3.29004823830211,0.73811603451835,0.263918795900363,2.79675432740687,0.00516187668391917,0.0376912847991335,"AC007271.1"
2913.58365960572,0.358857578793661,0.128319866774564,2.79658627938036,0.00516456193993299,0.0377023544833913,"TNFRSF14"
237.279971864976,0.461041257536246,0.164866891966004,2.79644537504421,0.00516681443711658,0.0377102606439168,"MST1"
345.142231135321,0.165206044469143,0.0590793561001923,2.79634131741333,0.00516847847259904,0.0377138692801439,"ZNF18"
803.453372348977,0.331724146485424,0.118642272042956,2.79600298252312,0.00517389229581847,0.0377362942951066,"MZF1"
14.9186856372916,-0.918115159786286,0.328359190816547,-2.79606962577525,0.0051728255070983,0.0377362942951066,"MAGEE2"
17.9528807280194,0.877140349752868,0.313724128647,2.79589699885602,0.00517558923385752,0.0377401345196146,"WARS2-IT1"
3.57176507848512,0.779758435297508,0.278909828737294,2.79573666811134,0.00517815729605905,0.0377417906897432,"AC007225.1"
1.85791016065941,0.935152734515676,0.334483924873642,2.79580770546432,0.0051770193289584,0.0377417906897432,"ANKRD20A1"
1465.28516695896,0.275980165203174,0.0987303791009943,2.79529125398036,0.00518529766202888,0.0377767562386175,"PLEKHH3"
2.01470091783064,-1.52491354873096,0.545518749379345,-2.7953458070248,0.0051844226526505,0.0377767562386175,"AL627308.3"
14.0281389401284,-0.555551099618317,0.198754217549277,-2.79516634398251,0.00518730167186843,0.0377828196090801,"RPS7P4"
15.5839766280364,0.475615372541192,0.170161217031064,2.79508680555784,0.00518857812162783,0.0377835820984393,"AOC4P"
379.372444047817,0.27845126244856,0.099632465356011,2.79478442547403,0.00519343337315169,0.0378103994394392,"TPT1-AS1"
422.554643773032,0.5548436577295,0.198549728445528,2.79448207798341,0.00519829220551491,0.037837230737433,"FAM227A"
4798.44894855108,-0.188969753118648,0.067625947049351,-2.79433799249783,0.00520060915560382,0.0378455522957448,"KDM3B"
2.52841927053813,-1.09236352706346,0.390942816005589,-2.79417726158664,0.00520319487151854,0.0378558255036361,"AC093865.1"
16.2256997473528,0.515747690372816,0.184610149203762,2.79371254829312,0.00521067735897995,0.037901712483715,"CDRT15P6"
1990.01733097957,-0.689266893281289,0.246796945342364,-2.7928501802367,0.00522458836917989,0.0379943283636007,"IDO1"
4.39904885620196,-1.47243047091839,0.52725424624501,-2.79263843089879,0.00522800926170294,0.038010633290555,"AP005328.1"
1228.88526082496,0.266926736332417,0.0955921980829871,2.79234855652852,0.00523269557566619,0.0380309231116468,"TMEM175"
651.430005371574,0.261110809080134,0.093510348731233,2.79231991563433,0.00523315881055596,0.0380309231116468,"CTU2"
3.91617232728115,0.569548135777914,0.203986032536484,2.79209379532418,0.00523681735839497,0.0380489354937913,"COILP1"
10.0449872504404,0.363935351987571,0.130353111376152,2.7919191812567,0.00523964413414315,0.0380608977484672,"AC127537.1"
1485.78078628495,-0.337522886455115,0.12091565711963,-2.79139107784182,0.00524820183592931,0.0381144748197164,"SPRY2"
139.600313251572,0.510165141601726,0.182819323360518,2.79054277318205,0.00526197470298212,0.0382018176304667,"ST3GAL3"
7.04164190768202,0.62408558438138,0.223646154514358,2.79050442757027,0.00526259804355816,0.0382018176304667,"AL354877.1"
1045.91830155618,-0.280283714542327,0.100452056820566,-2.79022374865841,0.00526716274975072,0.038203639813748,"LRRCC1"
26.7152717303897,0.549491306169458,0.196936341249487,2.79019759726997,0.00526758823420448,0.038203639813748,"AL139349.1"
24.5220104108431,0.456990209546913,0.163782494661339,2.79022621124348,0.00526712268496247,0.038203639813748,"AL022328.4"
14.1629637224174,0.495816579984134,0.177687637985231,2.79038308801958,0.00526457096081488,0.038203639813748,"POU5F1P3"
3.13962952594611,0.542719685685596,0.194516315741543,2.79009852523999,0.00526920042292479,0.0382067388435372,"AL158212.2"
3.01323292564557,0.505770893345068,0.181280835127672,2.78998545537848,0.00527104094150373,0.0382114917173534,"AL162231.1"
10.3853500904379,-2.26188848948157,0.810981145672573,-2.789076542101,0.0052858570791706,0.038310285798574,"AC122710.1"
46.2082149384948,0.433428559599748,0.15540893598769,2.78895519646361,0.00528783797042694,0.0383160304171723,"LDLRAD2"
1.34977815459226,-1.58829790901681,0.569528167279003,-2.78879606008797,0.00529043678800137,0.0383262489842966,"RN7SL285P"
2410.96882527871,-0.245159105809207,0.0879153323807833,-2.78858191364576,0.00529393578241899,0.0383264056799336,"USP25"
217.104900119239,0.485453323528069,0.174086428337006,2.78857650286386,0.00529402421765931,0.0383264056799336,"CCDC74A"
7.56480571184494,-0.668942544749905,0.239886697267918,-2.78857707562998,0.00529401485615631,0.0383264056799336,"AL136221.1"
17044.1093423169,0.723552668408068,0.259498066085084,2.78827769055832,0.00529891015657735,0.038353166778639,"IGHA2"
5132.48697909566,0.223099002029305,0.0800205784386135,2.78802036154302,0.00530312105763024,0.0383750310824253,"GOLGA2"
7.82665261869703,0.921806093577163,0.330656925784871,2.78780216500561,0.00530669396716364,0.0383922699060336,"CDH10"
5159.86700080682,-0.258808031624204,0.0928488662161602,-2.7874118680316,0.00531309039812309,0.0384126905577307,"GDE1"
19.8042976153242,0.692289760330357,0.248361707217866,2.78742551774727,0.0053128665805906,0.0384126905577307,"LRCOL1"
9.82435458034788,0.640101264059014,0.229632815531014,2.78749908883368,0.00531166036517347,0.0384126905577307,"FOXO6-AS1"
12.2712173169519,0.435307172000749,0.156196277342112,2.78692411501785,0.00532109378783825,0.0384619298786919,"AC040169.3"
9672.225327173,-0.206432919816084,0.0740805230356894,-2.78660181322737,0.00532638831201178,0.0384887781445961,"CMPK1"
2.21820517712715,-1.0516590612702,0.377405049355519,-2.78655270528595,0.00532719543679121,0.0384887781445961,"ITPK1-AS1"
4209.76450187241,0.215483851087169,0.0773796550724189,2.78476107040668,0.00535671789371628,0.0386847409816084,"MED24"
2975.63052306233,0.270057975372674,0.096975246844391,2.78481348756983,0.00535585207295748,0.0386847409816084,"GTPBP4"
1.7572087869788,-1.15105919276831,0.413361092315526,-2.78463361493559,0.00535882371608332,0.0386912831896791,"AC022133.2"
6.29972457544679,-0.626546131881515,0.22505067746111,-2.78402242086024,0.00536893227053905,0.0387555901194384,"LDHAL6B"
5.72615148209234,-0.591683100086499,0.212561777900359,-2.78358181762979,0.00537623009546689,0.0387995835784087,"AC079944.1"
12.7000234976014,-0.483581116461266,0.173747780195065,-2.78323622850522,0.00538196044399633,0.0388322475982684,"AC018797.3"
1637.29742285715,-0.3098178598622,0.111325601222899,-2.78298842726996,0.00538607272763422,0.0388532248551601,"RAB8B"
72.073141706806,-0.759155346999516,0.272861474476432,-2.78220055966562,0.00539916631799672,0.0389302589275054,"IL1A"
2.10762496121671,-1.07669851796371,0.386994376553395,-2.78220714097419,0.00539905682414602,0.0389302589275054,"AL136982.3"
10118.8816541745,0.401135714002204,0.144187884068111,2.78203481932448,0.00540192441676335,0.0389414381440944,"SEMA4B"
2.89887891543408,0.655230919912715,0.235540574110371,2.78181762266438,0.0054055407302097,0.0389587976856531,"CYCSP24"
732.663134372923,-0.390498112318401,0.140395685352428,-2.78141106215732,0.00541231581773507,0.0389989102889089,"MOB3B"
2463.57042867489,0.214747595876807,0.0772224745741996,2.78089503167198,0.00542092619755052,0.0390485359628482,"PIH1D1"
28.5381692781885,-0.701870993201282,0.252394119903517,-2.78085318893161,0.00542162491876791,0.0390485359628482,"TMEM132B"
36.7242454522571,0.412896021510379,0.148490872776754,2.78061549366162,0.00542559567435131,0.039065048605636,"AP001148.1"
8.14121552938924,0.388978736378599,0.139891679712906,2.7805709187057,0.00542634060178768,0.039065048605636,"NUSAP1"
2025.81672195939,0.70733789606944,0.2544174559673,2.78022548956057,0.00543211647318883,0.0390891755585748,"IGHV3-74"
1.08491704085226,-1.4219027612998,0.511424728934444,-2.78027768477747,0.00543124336860785,0.0390891755585748,"AC105398.1"
281.30245296431,-2.07040620014699,0.744798293709376,-2.77982135248402,0.00543888103645183,0.0391261778058035,"TFF2"
7.60683727129173,-0.815896812664986,0.293511994051548,-2.77977332851922,0.00543968538078515,0.0391261778058035,"AC103702.1"
1486.23057467112,-0.181667871009075,0.0653631699608141,-2.77936139140722,0.00544658925018878,0.0391583657463405,"CEP57"
392.207648339502,0.429055563433346,0.154369482522305,2.77940663156238,0.00544583066032594,0.0391583657463405,"NRARP"
4883.31025958554,-0.221885099471992,0.0798387850129595,-2.77916428006733,0.00544989553931102,0.039173402065333,"TRIM44"
4909.94110726299,-0.237279237110139,0.0854039695258931,-2.77831625892049,0.00546414067764411,0.039267041709524,"TMEM43"
705.500046612477,0.290201483297464,0.104467792684471,2.77790384806898,0.00547108053364515,0.0393081532547656,"UNKL"
478.621414402927,0.323437138309634,0.116446762454316,2.77755372062424,0.005476978557164,0.0393417628816559,"NIPBL-DT"
1569.65825013291,0.371400064344291,0.13375335842845,2.77675318741972,0.00549048539663068,0.0394066744032932,"PIK3R3"
40.8261066410655,-0.696451083258595,0.250823674757985,-2.77665608691279,0.00549212574874863,0.0394066744032932,"AC104024.2"
4.37607020094084,-0.987269779357977,0.355549161293039,-2.7767461910683,0.00549060357360629,0.0394066744032932,"SLC17A3"
4.0581615442762,-1.27956967989963,0.460808962259461,-2.77678991664048,0.00548986503260439,0.0394066744032932,"FETUB"
3.26118071206019,-0.665400886279803,0.239637716736043,-2.7766951519269,0.00549146575691244,0.0394066744032932,"KRT8P14"
1885.03553217543,-0.232347081692256,0.083689161453336,-2.77631030897364,0.00549797068671181,0.0394398364389371,"UBLCP1"
3.5466062581111,0.579483417604856,0.20873709747776,2.77614005659247,0.00550085064973227,0.0394517191282512,"AL157395.1"
1200.28133038329,-0.22355333465375,0.0805314454975099,-2.77597568592833,0.00550363241030651,0.039462892388333,"ARID4A"
4.46854593553448,-0.962006181213159,0.346572856731664,-2.7757689689992,0.00550713262894743,0.0394792111205891,"AL355482.2"
217.358627083006,0.399446815867712,0.143921944476982,2.77544065513648,0.005512695907991,0.0395103088582285,"ICA1L"
7.69919497857584,0.504446442107315,0.181764249282391,2.77527865957624,0.00551544279141804,0.0395212117353944,"LINC02803"
4.46289156891169,-0.830569873615847,0.299311231378306,-2.77493721097981,0.00552123662281011,0.0395539379921156,"AC022395.1"
145.332561277687,0.412913965216818,0.148815470914005,2.77467095780268,0.00552575832025199,0.0395775382133553,"NMNAT3"
85.7011308243621,-2.48248636229706,0.894876217333089,-2.77411145163224,0.00553527113692178,0.039636868267831,"MAGEA4"
18.9796254028946,-0.659223634920523,0.237644269738569,-2.77399339628821,0.00553728022064197,0.0396424513131884,"PCDHA2"
15.5331541824629,-0.399585051236775,0.144060122851714,-2.77373809855821,0.00554162716653883,0.0396598130795461,"H3P47"
11.1489136998168,0.506235510655853,0.182512284090349,2.77370651065465,0.00554216522674631,0.0396598130795461,"AC004834.1"
4632.79020931425,-0.278236509401862,0.100321454766366,-2.77344970774032,0.005546541291324,0.0396735190636075,"CDC42BPB"
62.1897933208504,-0.70887454536428,0.255588595601255,-2.7734983389877,0.00554571234855016,0.0396735190636075,"AC027288.3"
1924.19414350463,0.256960046549873,0.0926665218228488,2.77295447692647,0.00555498910556125,0.0397251327808433,"TRABD"
2002.76984164546,0.244892565205845,0.0883269932386244,2.77256766280091,0.00556159558562838,0.0397390424181536,"CXXC1"
11.2777720654826,0.474315443848031,0.171075402547825,2.7725519670511,0.00556186380626848,0.0397390424181536,"BX255925.1"
3.9044964050871,-0.73029810033815,0.263400829713557,-2.77257327219635,0.00556149973094044,0.0397390424181536,"CYP3A7"
1.37045496514502,-2.55284096089161,0.92072970836572,-2.772627990274,0.00556056477356647,0.0397390424181536,"RN7SKP8"
148.511177980992,-0.329280958214486,0.11878376603206,-2.77210404429855,0.00556952316457245,0.0397849522467077,"AP000648.4"
9.45366314748901,0.527568120716557,0.190392199401547,2.77095449485243,0.00558922372587375,0.0399168369968547,"FOXD4L1"
84.8985440532313,0.409377115934206,0.147768975014591,2.77038611043884,0.00559898770240133,0.0399777144517119,"MINAR1"
3.06278234236547,-0.998432321920911,0.360405761023022,-2.77030067190611,0.00560045673575038,0.0399793507735823,"AC122718.2"
363.666480733148,-0.73214517812098,0.26437948758454,-2.76929645643127,0.00561774933772057,0.0400916673798421,"CCBE1"
10.0146057413825,-1.57218139694602,0.567729734361085,-2.76924265507307,0.00561867715582282,0.0400916673798421,"UGT2B11"
3944.49628659633,-0.445666493298803,0.1609459984136,-2.76904364005078,0.0056221104221268,0.0401072899472298,"SLCO2B1"
14.0041594464265,0.500286085643654,0.180678729300772,2.76892630128497,0.00562413555426662,0.0401128624081679,"AC004156.1"
311.200532544237,0.228431786350979,0.0825136526483324,2.76841200236935,0.00563301952781879,0.040167340706439,"KRIT1"
1113.02737784788,-0.296474760757821,0.107095592338992,-2.7683189782394,0.005634627773309,0.0401699253925158,"GAB1"
7030.85772762155,-0.32586819106389,0.117718441714212,-2.76820000603651,0.005636685225095,0.0401757106726765,"CAPZA2"
1823.85550429619,0.224628108046606,0.0811528232430616,2.76796418251304,0.00564076545430547,0.0401959076406806,"SURF6"
7.77596577481315,-0.925071610381068,0.334248993591332,-2.76761225349299,0.00564685950122329,0.0402304429113886,"ARL2BPP4"
7.31122871033275,0.592260536804064,0.214008304760076,2.7674652040632,0.00564940758631599,0.0402397056816345,"AP003419.2"
2.05890280593597,0.620131009229294,0.22413493878582,2.76677528540912,0.00566137641012247,0.0403160517545051,"AL451074.1"
100.590451067015,0.457384483887328,0.16532373455032,2.76659903147852,0.00566443775855268,0.0403289457991899,"BRICD5"
11.685259969619,0.406164554470652,0.146824785198958,2.76632146214462,0.00566926187825955,0.0403543817360881,"AC096540.1"
749.456467215888,-0.233268717310454,0.0843288623156114,-2.76617887286818,0.00567174150232766,0.0403567790917408,"BBS10"
631.904076891053,0.212161432934633,0.0767009473253907,2.76608621318032,0.00567335337642615,0.0403567790917408,"BANP"
25.2309936630902,0.504198214074615,0.182275133682617,2.76613822131405,0.00567244861105458,0.0403567790917408,"AP002851.1"
829.448939376844,0.833648175857467,0.301396043411361,2.76595593764866,0.00567562030086271,0.0403640001326242,"IGHV1-69"
180.227807319752,-0.513447342866741,0.185652872274492,-2.76563102189766,0.00568127772003301,0.0403953252662545,"AC138409.2"
6.37736415335056,0.468473349597869,0.169399580064569,2.76549298067506,0.00568368282708833,0.0404035169222802,"AC018845.3"
868.441199997381,0.337474668712259,0.122039532145504,2.76528976127094,0.00568722521179154,0.0404197877351153,"THUMPD3-AS1"
10.5795871122463,-0.653373681537711,0.236284147924852,-2.76520319825057,0.00568873472513589,0.0404216067016322,"CLEC1B"
4564.59546534825,-0.203775539501236,0.0737093059400046,-2.7645836153592,0.00569954976206396,0.0404895311913973,"ATF6B"
10.9571156240286,0.558600404985759,0.20211391379272,2.76378995638389,0.00571343044830578,0.0405791992963921,"AC004837.4"
8.46615481160795,-1.36422870024035,0.493657708599153,-2.76351138952456,0.00571830966282504,0.040598805682619,"CTCFL"
32.9565430692,-0.744821190625771,0.269526407802588,-2.76344420829928,0.00571948693223642,0.040598805682619,"CALCR"
4.74122337519878,0.503579364495672,0.182230698535174,2.76341674889905,0.00571996818781635,0.040598805682619,"C11orf94"
532.288722269328,0.419125562362925,0.151680116110325,2.76322021047289,0.00572341380179987,0.0406060185694599,"LMTK3"
20.8153441456511,0.38436188037414,0.139099513850603,2.76321512372039,0.0057235030050611,0.0406060185694599,"AL445222.1"
188.500671384059,0.458281027861601,0.165890258103382,2.76255539717107,0.00573508285735059,0.0406771188254557,"ANKRD35"
98.5501922603643,0.312404526119948,0.113088295396018,2.76248328817722,0.00573634983070082,0.0406771188254557,"P2RY11"
63.2480455486278,0.43758347347592,0.158405346168705,2.76242869359905,0.00573730923920522,0.0406771188254557,"PRR22"
373.121373414174,-0.368530390011754,0.133419981184468,-2.76218289599532,0.00574163051404384,0.04068840001848,"SHPRH"
41.7954251262458,-0.966616562148561,0.34995422057833,-2.76212288724835,0.00574268595081726,0.04068840001848,"APOB"
2.7931214149806,-0.949193704184409,0.343632737359276,-2.76223304996696,0.00574074853773896,0.04068840001848,"PTPN2P1"
2744.22659778111,0.192515788654238,0.069707561526086,2.76176335019544,0.00574901317123553,0.0407188354597997,"RBM33"
3.90736789417438,0.986251630256597,0.357113019397006,2.76173529579489,0.00574950714369571,0.0407188354597997,"MKRN7P"
244.162750313807,-0.939315871141017,0.340139706434354,-2.7615590105247,0.00575261199148459,0.0407318782752351,"IRX6"
2142.44206660837,0.270470300353327,0.0979437600815181,2.76148577641103,0.00575390228152431,0.0407320700478049,"SZT2"
5226.71966232651,-0.177581564454862,0.0643122020621051,-2.76124217117267,0.00575819616776051,0.0407480182976386,"VAMP3"
843.026639343232,-0.218433735247414,0.0791078448988899,-2.7612145865761,0.00575868256729226,0.0407480182976386,"MSH3"
78.7760325557398,0.552938647381147,0.200261916143774,2.76107738320139,0.00576110242657192,0.0407561973990372,"AL627309.7"
5.98664113812964,-1.06747895616675,0.386637591063229,-2.76092904787466,0.00576371965186294,0.0407657688471859,"NPY4R2"
1412.85375375487,-0.388076090214753,0.140580130947112,-2.76053299709012,0.0057707128168961,0.0408062795571962,"CHPT1"
2.67705771495946,0.725482404431918,0.262817206717706,2.76040679943442,0.00577294272638349,0.0408130976128559,"H1-7"
1168.41139401311,0.254496705317472,0.0922073193711075,2.76004884485577,0.00577927200312445,0.040848887711694,"TRMT6"
21.3007739735531,0.689655049835024,0.249877168603599,2.75997624628556,0.00578055643853231,0.040849012132473,"AC011503.1"
17.4538705986609,-0.533246199216468,0.193214804175956,-2.75986201725439,0.00578257793350321,0.0408543438794503,"RPS27AP11"
16.8403812251428,0.509241733531077,0.18452629289681,2.75972451154077,0.00578501219808545,0.0408625888997295,"PKN2-AS1"
19.9387684239917,0.505328212881204,0.183134693103442,2.75932541408619,0.00579208265648579,0.0409035710158529,"FOXD4"
15656.4990659774,-0.890049110035804,0.322578902320062,-2.75916714836081,0.00579488866793136,0.0409084185179231,"CTSE"
556.690562589174,0.228551755999874,0.0828343101452819,2.7591435915748,0.00579530642858963,0.0409084185179231,"ALKBH4"
13.0084216437564,0.654900541212998,0.237365115855691,2.759042915182,0.00579709214949281,0.0409120674896905,"AC000093.1"
1996.89548421255,-0.226697138177803,0.0821680117074723,-2.7589463766614,0.00579880494190404,0.0409152002957759,"HSD17B12"
2.30028359788721,0.723417698584068,0.262279127229413,2.75819774995401,0.00581210261890998,0.0410000544622079,"FMR1-AS1"
1171.88568070864,-0.622292343780487,0.225643282571839,-2.75785893862081,0.0058181298753265,0.0410335953258756,"CPA3"
3.19876587601509,0.666585219507934,0.24171210001668,2.75776520688015,0.0058197983032419,0.0410363866800864,"AC003035.1"
2168.88065536081,0.295196521727071,0.107056890641294,2.7573799309767,0.00582666075763996,0.0410736391687224,"SIGIRR"
705.63713794387,-0.538342626348427,0.195240861732911,-2.75732560064644,0.00582762906487533,0.0410736391687224,"HGF"
6.09674305102148,-1.87267067341911,0.679216380243896,-2.75710469872157,0.00583156760368521,0.0410924163856708,"GUCA2B"
1.14582866875078,1.10236035189464,0.399836229990136,2.75702967667995,0.00583290574405824,0.041092865570714,"SOWAHCP5"
226.825513871134,0.430083141053661,0.156000234434103,2.75693906880207,0.00583452225226568,0.0410952752346673,"AC004982.2"
317.718464872291,0.438713924624242,0.159144831255041,2.75669603068146,0.00583886021780437,0.0411168481596641,"HROB"
1.01417821786301,-1.76730538993716,0.641131180720533,-2.75654256583026,0.0058416008955286,0.0411271661302008,"IFNK"
1290.06594205185,0.432272059959663,0.156824763342693,2.75640179998272,0.00584411580563382,0.0411358904502647,"OBSCN"
12753.0257559293,-0.234129992616167,0.0849490752710659,-2.7561217337455,0.0058491223470563,0.0411621453690158,"CTDSP2"
1.0963209417958,-1.26327814691608,0.45836560421534,-2.75604917842524,0.00585041999640848,0.0411622938651956,"AC069431.2"
2.69878174323501,-1.81329383266578,0.657955734555849,-2.75595110344291,0.00585217447650818,0.0411656557580729,"CNTNAP5"
3292.47021162015,-0.277055825800773,0.100534107321624,-2.75583911949831,0.00585417835636021,0.0411707701419488,"TMCO3"
26.7654394946297,-0.830836873214883,0.301497588311991,-2.75569989752332,0.00585667050553945,0.0411793154058264,"LINC02154"
3353.25632442633,-0.290817661191191,0.105546140104369,-2.75536046039785,0.00586275062368622,0.0412130791063358,"PRKAB1"
4.26443494366522,0.508811522579257,0.184669263295328,2.7552583115337,0.00586458146381054,0.0412169636662099,"PPP1R35-AS1"
201.171326020467,0.524184347644387,0.190271536991707,2.75492780440006,0.00587050875933203,0.0412407458484031,"SLC25A27"
70.573302581346,0.38290670281911,0.138989782149713,2.75492699460929,0.00587052328870121,0.0412407458484031,"AL132712.2"
3.40548644941671,-1.69414261327156,0.615028342521972,-2.75457649045018,0.00587681512314224,0.0412759537455285,"AC025244.1"
3.6108150987003,0.656384757373403,0.238301507097634,2.75442973637795,0.00587945128273967,0.0412854761785585,"AC004943.3"
14.1263004523609,-0.802071157378168,0.291202566717746,-2.75434096072234,0.00588104648699716,0.0412876864735954,"LINC00840"
237.688092686048,0.385717930107057,0.140055162668016,2.7540429267956,0.00588640469380504,0.0413134472764586,"GIHCG"
11.3911620276522,-0.731262346667931,0.265534769986607,-2.75392313671319,0.00588855958079094,0.0413134472764586,"GDPD2"
8.82411964602964,-0.858288366380321,0.311658173016599,-2.75394146757899,0.00588822978334726,0.0413134472764586,"KIAA1210"
237.168709003399,-0.744921295288394,0.270515136426135,-2.75371391460676,0.00589232495339322,0.0413227256263345,"RSPO3"
102.153939553602,0.609722183542084,0.221418665937173,2.75370724036017,0.00589244510559424,0.0413227256263345,"AL691482.3"
5.54016874411175,0.520087233821534,0.18888944630228,2.75339487728308,0.00589807084943225,0.0413531842878763,"CALML4"
16174.5920803981,-0.285453984082265,0.103693487484429,-2.75286318367033,0.00590765792985878,0.0414023972936962,"EIF3E"
2898.45901416123,-0.261830284134171,0.0951107167095674,-2.7528999169852,0.00590699513229021,0.0414023972936962,"LNPEP"
253.692517023872,0.337774817160438,0.122705264692763,2.75273288400608,0.00591000953245552,0.0414098777431613,"WBP1"
124.908125179505,-0.935061584073625,0.339720603817754,-2.75244295920081,0.00591524502085237,0.0414375571795318,"SCN3A"
2663.46178984039,-0.196337386906477,0.0713354123929595,-2.75231305631107,0.00591759217471661,0.0414449955850862,"ACTR10"
2308.27164711147,-0.222421719245608,0.0808222075100047,-2.75198767885764,0.00592347495070312,0.0414771877927084,"PREPL"
2.95698010979111,0.587527668723647,0.213546143305635,2.75129140535568,0.00593608118202406,0.0415564345884424,"AL139288.2"
5207.19048156338,-0.295616035544222,0.107452159175361,-2.75114095252176,0.00593880834825946,0.041557481594971,"TMEM63B"
8.10197605859969,0.526471602468914,0.191362180234392,2.75117895199595,0.00593811944854535,0.041557481594971,"AC133552.4"
433.374769260711,0.893814794981493,0.325025841240777,2.74998071405455,0.00595987723531138,0.0416958649278836,"NOTUM"
181.632133432578,0.260517120972734,0.0947567604110342,2.74932490138611,0.00597181597639085,0.0417612678722019,"ANAPC15"
42.7785018796644,0.364681126596244,0.132640521121143,2.74939455540267,0.00597054693785298,0.0417612678722019,"AL512408.1"
5.90883831326454,-1.90097501301974,0.691516313911053,-2.74899517882417,0.00597782654763805,0.0417855846351192,"RNU5A-1"
87.8706780457131,0.68107325988056,0.247753819007669,2.74899197359891,0.00597788500300217,0.0417855846351192,"LINC00632"
1112.90544013957,-0.31398239490459,0.114224054662125,-2.74882900833235,0.00598085776444766,0.0417882467203932,"MZT1"
2.89346185518182,0.644346225336458,0.234401876514944,2.74889533700205,0.00597964765688078,0.0417882467203932,"AL590009.1"
955.996831510657,-0.944655578465228,0.343680769942682,-2.74864252260252,0.00598426121308675,0.0417939144067538,"CA9"
1.85398307511287,-0.885865401025601,0.322290802897616,-2.74865243767759,0.00598408021458119,0.0417939144067538,"RPL10P5"
21.3502221381857,0.599911540558107,0.218278272146212,2.74837955541567,0.00598906344820909,0.0418178394673296,"SNX18P3"
4.37639869993898,-0.581243543942303,0.211491034161034,-2.74831293084382,0.00599028067916253,0.0418178394673296,"EIF5AP2"
8.25964753547073,-0.498074816677086,0.18125217761398,-2.7479659733405,0.00599662319658711,0.0418530551891669,"RPL21P37"
28.846782397089,0.904965721456121,0.329331783961091,2.7478845514742,0.00599811249610924,0.0418543902698642,"AP005018.2"
9.24332455814329,0.507199207269209,0.184598793500616,2.74757596001036,0.00600376001420068,0.0418847342401343,"EEF1E1P1"
9.23355556310941,0.508210211728258,0.1849822718255,2.74734549810087,0.00600798081144265,0.0418960513116281,"AC011461.1"
5.35911212405956,0.56971871744923,0.207369040436081,2.747366319732,0.006007599363615,0.0418960513116281,"AF241728.2"
16.0095624780298,0.695158264207169,0.253073984531356,2.7468578625119,0.00601692043315506,0.0419493187820724,"AC005622.1"
14.9416178226228,-0.585831563669262,0.213325695548124,-2.74618377389566,0.00602929795470364,0.0420265267076132,"AC133644.1"
30.4529771668623,0.674619793858651,0.245671448810833,2.74602440423636,0.00603222762891263,0.0420378603618517,"IGKJ4"
2.30480954166071,-0.68753111299473,0.250438293647425,-2.74531144171848,0.00604534964535075,0.0421202029633395,"HNRNPA1P41"
648.028110592597,-0.634099718397226,0.231001948691982,-2.74499726945046,0.00605114011797533,0.0421514394262507,"ESR1"
10400.5284198517,-0.385420817531092,0.140440871444397,-2.74436361414695,0.00606283414866497,0.0422237769165663,"FSTL1"
11.3215677101497,0.568778151045414,0.207259225729915,2.74428387466141,0.00606430717222545,0.042224915734919,"LINC01970"
10.9426854339994,0.450266784416067,0.164087698603119,2.74406179286562,0.00606841137761777,0.0422426014586886,"AC133550.3"
6.5006952301102,0.565263860470515,0.205999597897448,2.74400467884369,0.00606946728355108,0.0422426014586886,"AC097372.2"
43.17097094508,0.474022473245693,0.172769036710439,2.74367723679651,0.00607552412323559,0.0422756312804773,"AL365272.1"
326.564100954594,-0.292029644091152,0.10645232189016,-2.7432905070166,0.00608268464618797,0.0422833043367065,"ZNF813"
33.2495586930218,-0.739764532574341,0.269642709795426,-2.74349910344541,0.00607882142031397,0.0422833043367065,"AC083805.1"
9.1417954358477,-0.723494709114724,0.263726604550991,-2.74335124568305,0.00608155953210524,0.0422833043367065,"BPI"
6.39069825003773,0.425168324670276,0.154986318839417,2.74326358516067,0.0060831834026355,0.0422833043367065,"AL360270.3"
3.13067252012049,-1.98916963896432,0.725089395683719,-2.743343994279,0.00608169384618786,0.0422833043367065,"AC008969.2"
13266.8274526922,-0.425113777221122,0.154986717731441,-2.74290457558921,0.00608983796437912,0.0423204364571993,"WARS1"
5.11107319503363,0.619612401432299,0.225917135723967,2.74265340451803,0.00609449754121295,0.0423436917079103,"RPL31P52"
2.03940010673777,-0.754885534263939,0.275254842831734,-2.74249683129248,0.00609740381946312,0.0423547578971539,"AC010677.1"
2156.15189195161,0.335915475533419,0.122502258279169,2.74211659647863,0.00610446685289076,0.042391159795532,"ASPSCR1"
1030.61461745898,0.581268134684604,0.211982167259701,2.74206147714532,0.00610549133070835,0.042391159795532,"SERPINF2"
4.66875995237521,-0.782747838342147,0.285465766944981,-2.74200247097583,0.00610658822298794,0.042391159795532,"AC106801.1"
82.0426731295139,-0.305605054826031,0.111466397406076,-2.74167876541933,0.00611260888977028,0.0424238212765051,"PRR13P5"
5.38374611693723,-0.526012443566697,0.191868398584127,-2.74152725226432,0.00611542875072675,0.0424251291022341,"AL356968.2"
2.91481333898423,-0.744715015554537,0.271641826823395,-2.7415329379253,0.0061153229118737,0.0424251291022341,"RPL34P31"
1721.03920343997,0.401564058433561,0.146486725038555,2.74129999375624,0.00611966052987402,0.0424401747433556,"AHSA2P"
176.654117418595,0.553079698816035,0.201760430047972,2.74126942872065,0.00612022988235706,0.0424401747433556,"GRHL3"
84.5288162723749,0.866101642866683,0.316003232446502,2.74079994739709,0.00612898117696855,0.0424917217913031,"H2BC9"
23.23517385697,-0.960279201671087,0.350385748824911,-2.74063430060034,0.00613207157924506,0.0425040086140922,"TGM5"
2.41803200384925,-0.954848689018541,0.348432144772073,-2.74041503731854,0.00613616443984,0.0425232371293017,"AC012640.3"
806.655977804935,0.324821701557101,0.118541544760173,2.74015073967749,0.00614110120064249,0.0425483043005408,"PTBP2"
30.0493523330907,-0.501035902149298,0.182891905949215,-2.73951927806157,0.00615291062603947,0.0426118133884542,"EEF1A1P22"
1.2987417706808,1.1383614067715,0.415529344865444,2.7395451629057,0.00615242613295316,0.0426118133884542,"OAZ1P1"
6.02289445058081,0.487150984644266,0.177845567948191,2.7391797853865,0.00615926817628257,0.042646682916949,"BRCA1P1"
25.7735285112418,0.57809105273816,0.211052010338294,2.73909285114859,0.00616089711174534,0.0426488036428142,"AC073257.2"
24.2311873838245,-0.528035995231667,0.192784275714115,-2.73899929481129,0.00616265056257246,0.0426517852307682,"AC090739.1"
14.9241624002873,0.333910391353637,0.121915335147514,2.73887112683253,0.00616505344095532,0.0426592592711597,"AC010504.1"
718.242420239418,-0.193518833273142,0.0706599715902171,-2.73873352787952,0.00616763406919968,0.042667959785742,"BLOC1S5"
189.388425395357,0.704544911102569,0.257267380046694,2.7385707079331,0.00617068896630147,0.0426799368765317,"IGKV3-7"
46.3620567663055,-0.511002288376383,0.186608013000241,-2.73837269986752,0.00617440591387452,0.0426873324813216,"MAMDC2-AS1"
15.1365597499938,0.364021214871571,0.132932702333475,2.73838723264941,0.00617413304034547,0.0426873324813216,"AC000123.2"
185.291683457461,0.224393173486512,0.0819685977007684,2.73755047397143,0.00618986206684659,0.0427850165799503,"WDR73"
22.9762008975985,-0.56140256802092,0.205084061197749,-2.73742661785694,0.00619219332337977,0.0427919575037249,"XRCC6P2"
4.4522404751523,-1.51105528515885,0.552043542776424,-2.73720307923395,0.00619640283476215,0.0428118725962943,"EVX1"
679.636339518625,-0.839803612341571,0.306853111615291,-2.73682612478916,0.00620350719393768,0.0428334238690622,"PCSK9"
74.2275532969771,-0.407198708148596,0.148778164117061,-2.73695209619743,0.00620113222914609,0.0428334238690622,"RPS11P5"
1.04082366878278,-1.86686149351461,0.682117882054731,-2.73686050846681,0.0062028588701645,0.0428334238690622,"AC020930.1"
2205.93797679708,0.712909707605133,0.26049999116627,2.73669762679609,0.00620593063669332,0.042840983382611,"IGKV1-9"
5319.43447370243,-0.476715125319806,0.174205463414911,-2.7365107613439,0.00620945639751945,0.0428469765756504,"CYBB"
3.71145976246336,0.609306389532219,0.222655141800764,2.73654758028197,0.00620876155841829,0.0428469765756504,"ZNF775-AS1"
638.288833306253,-0.420202174714475,0.153565679522667,-2.73630264275587,0.00621338528338744,0.0428649140913196,"PCDHGC3"
884.668609169576,-0.211793672570323,0.0774096538591575,-2.73601110470885,0.00621889273475966,0.0428757205659753,"SMG8"
12.4043099288339,-0.759308620337168,0.277512259828263,-2.73612639963028,0.00621671417080721,0.0428757205659753,"CASC18"
3.84284970812445,0.529189187412653,0.193416495313801,2.73600856304469,0.00621894076871039,0.0428757205659753,"AC112503.2"
4.03319789156083,0.57267164871611,0.209328121623368,2.73576070083161,0.00622362662796189,0.042898854343444,"CSGALNACT2P1"
322.128876166707,0.313877531626128,0.114745375344805,2.73542642292065,0.00622995121868924,0.042933271435485,"SHLD1"
0.96129296892664,-2.06653706672033,0.755535523661083,-2.73519510599125,0.00623433115827762,0.0429542752561243,"HMX1"
43.69695860417,0.728556628633539,0.266390815167791,2.73491647290709,0.00623961070047233,0.0429754524254503,"U2AF1L5"
7.5461377022336,0.674025386568649,0.246454094410048,2.73489222478574,0.0062400703444242,0.0429754524254503,"AL021407.1"
35.7230996354146,0.429383212364941,0.157038123996917,2.73426096438449,0.00625204715869587,0.0430477992399561,"LINC00653"
5.74053757118423,-0.9832220537274,0.359601644516604,-2.73419787901443,0.00625324520514667,0.0430477992399561,"RRAS2P1"
132.440720274842,-0.981021210215409,0.358904309174883,-2.73337818782607,0.00626883065835422,0.043145879312408,"SPOCK3"
12.2514110262233,0.910181367863631,0.333008827267823,2.73320492832347,0.00627212945506989,0.0431593713783032,"C19orf81"
16.4669304970983,0.463121371995673,0.169491966654319,2.73240898160214,0.00628730407274357,0.0432545593824656,"AC073487.1"
24.4498846785132,-1.4277839025748,0.522567173599959,-2.73224950725247,0.0062903484007719,0.0432582980275796,"AC008163.1"
4.69117488344758,0.685112678906075,0.25075128383927,2.73223996470234,0.00629053060788714,0.0432582980275796,"AP000553.6"
4.25872343668581,-1.96438509164091,0.719019585753629,-2.73203279933184,0.00629448743084384,0.0432762787222941,"AL021395.1"
1.01965868563399,-1.5558560691405,0.569511311267248,-2.73191425413217,0.00629675263138777,0.0432826238753141,"AC009646.2"
831.746056039425,-0.392279091998052,0.143598942945529,-2.73176866035048,0.0062995356890618,0.0432925252118068,"CMPK2"
1.7368127674375,-1.1731820225161,0.429519905922392,-2.73137986468101,0.00630697303195129,0.0433344013243702,"AC005920.2"
12.7731500382427,0.412461222185981,0.151014144432891,2.73127542943022,0.00630897213891414,0.0433389021344879,"RCAN3AS"
2.69380601107432,0.463836259785886,0.169830722708506,2.73116814430569,0.0063110263922291,0.0433437797694201,"Z69890.1"
379.678630007307,0.342285132310592,0.125335107789094,2.73095973146302,0.00631501872005476,0.0433619630809552,"ZNF484"
2.000375225332,-0.911458694426065,0.333762412785024,-2.73086081449542,0.00631691435524962,0.0433657448126515,"AC023906.1"
15.3704742635133,-0.455527047688165,0.166832339438032,-2.73044812068565,0.00632482870645549,0.0434108347466278,"AC114810.1"
1.31874628417178,1.39762833294793,0.511894083919146,2.7303076492845,0.00632752460314611,0.0434130215743158,"AP000997.3"
1.27420364628142,1.28234923549905,0.469674892956326,2.73029121788354,0.00632784001858534,0.0434130215743158,"KNCN"
3287.99214934497,-0.457616029453438,0.167634601343098,-2.7298423224501,0.00633646244377587,0.0434352107779662,"CYP1B1"
961.917548108866,-0.311659278301898,0.11416512540935,-2.72989914550888,0.00633537039696453,0.0434352107779662,"ATP10D"
211.098196798231,0.447697923219801,0.163993208468911,2.72997843873926,0.00633384679308413,0.0434352107779662,"PCSK4"
39.6868443666895,-1.31983070320464,0.483467136622858,-2.72992847543682,0.00633480678971309,0.0434352107779662,"AC010970.1"
713.579689070176,0.46707310434555,0.171108440442289,2.72969061688739,0.00633937880802093,0.0434382864930771,"RAB6B"
188.921595448155,0.400820909098261,0.14684188887684,2.7296087796476,0.0063409525359874,0.0434382864930771,"L3MBTL1"
3.99555068412591,0.492431305087574,0.180400646874823,2.72965376576095,0.00634008741070263,0.0434382864930771,"PPIAP54"
17.2279470562207,0.564482756201755,0.206842853844508,2.72904161642489,0.00635186873515898,0.0435038248439255,"TUBB8B"
354.167342627187,0.201897979717028,0.0739873771513727,2.72881655615335,0.00635620515862334,0.0435242801740942,"CCDC32"
13.0180026389755,0.493805849147207,0.180972580510201,2.72862246731002,0.00635994696910456,0.0435314137165733,"AL442128.2"
9.04324092890913,1.29267040949192,0.473743640099578,2.72862852411107,0.00635983017096285,0.0435314137165733,"AL953883.1"
6.70897494763583,0.461406846376321,0.169117405942387,2.72832263364722,0.0063657313151186,0.0435617585432935,"AC005696.1"
4.6893786408254,-1.32612066331616,0.486085869216093,-2.72816131325682,0.00636884544229116,0.0435738216182216,"LINC00332"
27.6503718267655,-0.576741521580455,0.2114145808875,-2.72801203757728,0.00637172827962271,0.0435750537383742,"AC113404.3"
11.5645404483966,0.497160320561359,0.182241046395819,2.72803701687243,0.00637124579343029,0.0435750537383742,"AC007637.1"
7870.71024558861,-0.215204543560674,0.0788996072588428,-2.72757433195657,0.00638018809588451,0.0435910063585322,"TNIP1"
1051.6651226383,-0.265353368579422,0.0972835929634683,-2.72762714139337,0.00637916687826407,0.0435910063585322,"ZNF468"
28.9958010214604,0.411101410459406,0.150719936444333,2.72758481829139,0.00637998530167453,0.0435910063585322,"C2orf81"
9.56085325297291,0.607829696464067,0.222827473364404,2.72780410461346,0.00637574587345884,0.0435910063585322,"LINC00612"
2.10766261743766,-1.07182860246532,0.392965073449437,-2.72754164398591,0.00638082028259488,0.0435910063585322,"AC092620.1"
2.02531876231784,-0.8688209467091,0.318544687568069,-2.72746958469821,0.00638221411130892,0.0435912929504673,"LINC01147"
132.54627289244,0.379177832452631,0.13903500864305,2.72721119776466,0.00638721429207155,0.0436069711725274,"QRICH2"
2.9547136427686,0.851726941860627,0.312303116156226,2.72724445514197,0.00638657051356409,0.0436069711725274,"AL139246.1"
2009.09998683357,-0.227674485900657,0.0834904615998687,-2.72695205581442,0.00639223262377142,0.0436227599901607,"DHX29"
53.0537781878305,-0.462636450673656,0.169651242812412,-2.72698533181515,0.00639158802940063,0.0436227599901607,"RPS13P2"
367.515032240065,0.415360339131872,0.152326327062202,2.72677971787675,0.00639557194371309,0.0436363134416057,"MIR210HG"
78.3141186038632,0.463289645611782,0.169920613715499,2.72650642839295,0.00640087057774149,0.0436632265240691,"GCNA"
1965.84610147836,0.245631960332749,0.0900926738307496,2.72643656679787,0.00640222571304831,0.0436632335273356,"RTKN"
18.7098156366387,0.434744588812231,0.15948825017986,2.72587220890539,0.00641318227422335,0.0437227815085556,"TMCO1-AS1"
2.99747719370768,-0.878339434418382,0.322226222959409,-2.72584715902848,0.00641366898853987,0.0437227815085556,"AC007347.1"
8.16277623731841,-0.880295837412509,0.322961339440586,-2.72570035452944,0.00641652204005823,0.0437329852423753,"HTR4"
3389.59369726318,-0.197907239808985,0.0726151202239857,-2.72542742060508,0.00642182937144538,0.043744655505379,"DCTN4"
1263.9911937102,0.422329026958837,0.154960211444008,2.72540301167205,0.00642230420724032,0.043744655505379,"DPM3"
1.44262166920857,-2.07368300182459,0.760861857332541,-2.72543955494705,0.00642159332946059,0.043744655505379,"SNORA80A"
73.4587422392881,0.962915355904244,0.35333285137618,2.72523585665422,0.00642555678317605,0.0437575667314703,"TNNI3"
1685.23739850016,-0.381673706364677,0.140087332371505,-2.72454118372741,0.00643908991893449,0.0438404675751779,"SNX25"
2766.31860931919,0.342801663139878,0.125836809325053,2.72417637556573,0.00644620712280746,0.0438703986228212,"NSMF"
5.50344221619622,0.699262252831054,0.256682436726959,2.72423100601495,0.00644514086282813,0.0438703986228212,"FSIP2-AS1"
137.871978695452,-0.399496051294698,0.146653423959545,-2.72408267402539,0.00644803632963247,0.0438735875604555,"RASGRP4"
44.9163670673,-0.768510853522963,0.28212893582411,-2.72397034100069,0.00645022986888875,0.0438792536123033,"XG"
10.5203205898219,-0.487023442032699,0.178804057499612,-2.7237829434254,0.00645389069599347,0.043894896750118,"RPS27AP5"
2022.90013048928,-0.507296925692363,0.186252998188066,-2.72369803776328,0.00645554995032247,0.0438969228486183,"COLEC12"
759.186619794202,0.312446768602408,0.114729589509122,2.72333205356378,0.00646270652695643,0.0439270598570215,"ZNF107"
630.456219864181,0.17404094817832,0.0639057517845833,2.7234003719256,0.00646137006544862,0.0439270598570215,"NDUFAF7"
299.667273103306,-0.446808865737917,0.164078727948602,-2.72313706550603,0.00646652230176263,0.0439437326913248,"MDGA1"
6.87197541340138,0.401247095620202,0.147355036774265,2.72299545644224,0.00646929475870791,0.0439440508730855,"AL161911.1"
6.37832726094542,0.45066994580542,0.165501498262692,2.72305659185088,0.00646809770355428,0.0439440508730855,"AL158835.2"
35.1884863831949,0.363777218410527,0.133606590684241,2.72274905412608,0.00647412143279606,0.0439675748947997,"AC139019.1"
215.784792688675,0.242606798630644,0.0891282589004501,2.7219963861475,0.0064888852054162,0.0440585604229618,"FAM86C1P"
286.082593844651,-0.695788572333963,0.255652699812443,-2.72161636800402,0.0064963508569551,0.0440604005655946,"DCDC2"
52.1557208362178,0.238836929793991,0.0877571925656423,2.72156529637546,0.00649735477405496,0.0440604005655946,"AC012306.2"
34.0624063570226,0.360928039782609,0.132612990691094,2.7216642796583,0.00649540918244902,0.0440604005655946,"AC090616.6"
22.9852114425096,-0.775639722395876,0.284981602294199,-2.72171858166181,0.00649434205794713,0.0440604005655946,"FRG1GP"
0.993664311497731,-1.99352181755192,0.732490765200804,-2.72156580295647,0.0064973448154862,0.0440604005655946,"SERPINA7"
2.10443870457204,0.631905440483689,0.232169704178877,2.7217394393406,0.00649393221186041,0.0440604005655946,"GPR176-DT"
3800.78202983273,0.161214270950967,0.0592420565992764,2.72128079619936,0.00650294976007489,0.044076331451839,"NDUFA10"
9.55617277297685,0.760405332884688,0.279421332210728,2.72135748143675,0.00650144124022381,0.044076331451839,"AC034243.1"
2.91049616105691,0.688423523075764,0.252981801066633,2.72123733870659,0.00650380477741821,0.044076331451839,"CUZD1"
75.4055350775512,0.542929587227423,0.199530995495683,2.7210288099784,0.00650790894471635,0.0440856142694073,"AC124798.1"
31.8933110592634,0.369546594479972,0.135810376310121,2.7210483066192,0.00650752512202952,0.0440856142694073,"AC108673.3"
65.2736786457991,-0.550079261133847,0.202168405403008,-2.72089627475324,0.00651051865322829,0.0440940293999887,"AL121933.2"
3.86520678147458,-0.880207199672309,0.323526156840032,-2.72066780710881,0.00651501954615221,0.0441152468008564,"AC092139.2"
630.244641095939,0.406724849817115,0.149502195073897,2.72052761242787,0.00651778281608901,0.0441246917708986,"CSAD"
1375.54688959848,-0.181943788828314,0.0668837505844099,-2.72029883549509,0.00652229432669316,0.0441459656935812,"AKAP10"
4.104036769117,0.537750225604846,0.197691234937887,2.72015208855265,0.00652518967377609,0.0441562940253746,"AGAP5"
1821.85943788659,-0.240998969295388,0.0886023449687151,-2.72000667003207,0.00652805995115232,0.0441640446712299,"SMCR8"
13.0226798469483,0.464225131902601,0.170673809637439,2.71995529301625,0.00652907430447365,0.0441640446712299,"AL031667.3"
4.9962783458536,0.492982331250723,0.181251788137424,2.71987568407847,0.00653064632992895,0.0441654133616944,"RNU6-312P"
60.3682353592956,0.536509035698406,0.197278489477664,2.71955162024469,0.00653704908267658,0.0441994438395694,"GUCY2D"
1.55721887295707,-0.97211662839242,0.357469934557487,-2.71943605437981,0.00653933376254105,0.0442056220488755,"Z99714.1"
65.0339592952185,0.345644293881791,0.127118677274392,2.71906773491438,0.00654662004834589,0.0442456012280262,"C16orf86"
7.11042044215195,0.439099781202211,0.161505993424852,2.71878319739584,0.0065522539146776,0.0442743980466846,"ELL3"
535.749433779944,-0.173655174563797,0.0638743212099215,-2.7187009000547,0.00655388422158791,0.0442761359155881,"ALKBH1"
4941.22073241178,-0.250136366863213,0.0920130959421343,-2.71848658391541,0.00655813152760636,0.0442778466699715,"TMED5"
5459.35095788728,0.276299775811712,0.101633977732915,2.71857681825464,0.00655634296658069,0.0442778466699715,"NDUFS5"
42.7839785770396,0.738670190222477,0.27172174175002,2.71848025654879,0.00655825696063835,0.0442778466699715,"IGHJ3P"
4491.09204328355,-0.25783515833156,0.0948569543845759,-2.71814713011158,0.00656486387095165,0.0443131746951719,"ARFGEF1"
10.8519917360465,-0.59594806579736,0.219259643389696,-2.71800161937766,0.00656775166918915,0.0443233889855597,"TMSB4XP2"
77.2432217818213,-0.75524881128179,0.277947496705816,-2.71723552193441,0.00658297444671888,0.0444168259122097,"ADH6"
196.000888488579,-0.93799588037986,0.345218983403483,-2.71710399912613,0.00658559106612531,0.0444251849220106,"HSD17B2"
32.0536683695833,0.39324669112137,0.144748934082388,2.71675016893417,0.00659263508876728,0.0444578201302288,"ZNF32-AS2"
24.7164184970556,-0.506045143353182,0.186273575500778,-2.7166770272849,0.00659409203150326,0.0444578201302288,"RPL37P2"
6.29827243439339,0.676878114898788,0.249158816228934,2.71665327819207,0.00659456516306046,0.0444578201302288,"AC002519.1"
2.98589468418075,-0.872862625662252,0.321350732778791,-2.71623038825652,0.00660299512724803,0.0445053465464282,"AC011933.2"
8297.82934881199,-0.228695475030937,0.0842287048605778,-2.71517264107874,0.00662412289553059,0.0446384206408326,"MTDH"
12.9310136881527,0.87166449693604,0.321084537456294,2.71475077511227,0.00663256631861382,0.0446859801386758,"IGHV1OR16-1"
37.1345430795512,-0.685087778761775,0.252364508352548,-2.71467562231343,0.00663407147699924,0.0446867839515021,"CBLN4"
64.0435075045814,-1.6391973667568,0.6038531483421,-2.71456292189131,0.00663632921385669,0.0446926557019233,"ETNPPL"
100.165721867218,0.404019762004689,0.148852427554227,2.71423025235853,0.00664299763994815,0.0447188849478347,"TMEM88"
22.4663421578243,-0.461448716091907,0.170007173487972,-2.71428967745619,0.00664180601041458,0.0447188849478347,"YWHAZP2"
796.560793929726,-0.470262162171508,0.173303237762353,-2.71352207981462,0.00665721316424865,0.0448052261492794,"FAT4"
22.8315080732069,0.769809593508523,0.283709686632492,2.71337084977894,0.00666025242674908,0.0448069767370173,"SYNGR4"
4.53197557780487,0.830731332376219,0.306161956550074,2.71337216987098,0.00666022589152887,0.0448069767370173,"LINC01971"
180.062359446302,-0.880213890551048,0.324428515559898,-2.71312122188759,0.00666527191513244,0.0448313919281279,"PLA2G1B"
2974.51949394161,-0.199797520954159,0.073652978030644,-2.71268761014702,0.00667399901436325,0.0448705001610198,"TSPYL1"
306.489959419484,-0.261000292572074,0.0962168737514932,-2.71262495231533,0.00667526094812876,0.0448705001610198,"MBLAC2"
2.61313422074665,-1.08115021690897,0.398557671896113,-2.71265689546376,0.00667461758375144,0.0448705001610198,"AC079753.1"
8.29120857395464,-1.03039313173694,0.379922325694086,-2.71211524580583,0.00668553445083271,0.0449301914062319,"ZNF728"
1.98877471914189,-0.710411442337464,0.261958107182388,-2.7119276817909,0.0066893185151444,0.0449462545365349,"RPL12P41"
460.779731580332,0.523614130795524,0.193118978982812,2.71135511151457,0.00670088191220465,0.0450145702622998,"DERL3"
6842.18946606673,-0.238355517245678,0.0879274362500044,-2.71082073367818,0.00671169019762366,0.0450757650055017,"MAGT1"
93.8015633432588,0.428617669910473,0.158118378293236,2.71073909647356,0.00671334276468248,0.0450757650055017,"MYH3"
84.7866656396465,0.690633588161049,0.254780767878526,2.71069749067688,0.00671418512393935,0.0450757650055017,"KCNH3"
42.572871403825,0.693341717585576,0.255864998976407,2.70979508865731,0.00673247872822309,0.0451891708142285,"CATIP"
539.789176259373,-0.192953987452757,0.0712108806606028,-2.70961383517207,0.0067361585195393,0.0451950544033593,"GID4"
2.22285510925629,0.899578796392624,0.3319941457307,2.70962246762726,0.00673598322325035,0.0451950544033593,"CRP"
1561.26833990634,0.23966998863669,0.0884577052603966,2.70943031962183,0.00673988607676063,0.0452106566559489,"MTG2"
6.36265540049998,0.395717570630616,0.146064099507831,2.70920487624271,0.00674446780730379,0.0452319809580929,"TBCEL-TECTA"
5321.53911354413,-0.309247762200836,0.114152567599894,-2.70907408131853,0.00674712726153735,0.0452361169849848,"GNG12"
1.76477393899322,-1.71670806462479,0.633696897332154,-2.70903656283009,0.00674789029920226,0.0452361169849848,"KLK3"
308.406979511246,0.630068510125692,0.232587215040218,2.70895590721417,0.00674953090700366,0.0452377102673733,"FAM30A"
116.45371656093,-0.853108903853839,0.314970127054731,-2.70853909807643,0.00675801489473358,0.0452851600749552,"TPSD1"
1799.87406183761,-0.445966695330236,0.164670061477237,-2.70824393535484,0.00676402861259193,0.0453160404348695,"ADAMTS2"
77.2678830795903,0.519839302815985,0.191964268418613,2.70800033307439,0.00676899544757709,0.0453398957638395,"AC022144.1"
13.6925424920882,-0.988018029146177,0.364897762206584,-2.70765713434773,0.00677599852798335,0.0453773774734835,"SLC27A6"
173.457402400326,0.577979219176525,0.213468013217733,2.70756826966388,0.00677781290140154,0.0453801031988564,"LINC02362"
10107.2488856059,0.317552880302416,0.117309652804663,2.70696292001807,0.0067901841047536,0.0454534952164791,"SERF2"
1.55963671392871,-1.57838597990532,0.583174321978895,-2.70654231576822,0.00679879171043708,0.0455016684730269,"AC012613.2"
1881.75176899086,0.208099663387881,0.0769106020696331,2.70573442136719,0.0068153526642151,0.0456030393562183,"TBC1D17"
164.630038577823,0.368091002111495,0.136070156097071,2.70515602149307,0.00682723148757867,0.0456730455014469,"ACOT1"
517.433232739642,-0.295827791363111,0.109362501599921,-2.70502034093307,0.00683002070459622,0.0456762102117005,"AFAP1"
226.790470648567,-0.578847603113657,0.213992099830665,-2.70499520109251,0.00683053762260257,0.0456762102117005,"CX3CR1"
41.7562330887668,0.793065688812833,0.293265095601646,2.70426211883765,0.00684562651102569,0.0457581316019949,"FMN2"
10.3874050541407,-0.604233025537026,0.223435025259487,-2.70428964677896,0.00684505936804772,0.0457581316019949,"AL603825.1"
8.66508340585825,-1.26067265862539,0.466241377393345,-2.70390557284628,0.00685297604714141,0.0457947821919417,"PHGR1"
6.36721202076554,0.546528565582456,0.202129141127062,2.70385834786138,0.00685395003437154,0.0457947821919417,"AL390755.3"
7.31320503615759,0.815996477890643,0.301801031008984,2.70375642907049,0.00685605247270318,0.0457993395447097,"HBA1"
883.143270735606,-0.438771894844157,0.162289356182092,-2.70363938317586,0.00685846767629578,0.0458059838902563,"BAG2"
11.3181064523351,-0.564273616449309,0.20871627520369,-2.70354391816654,0.0068604381313908,0.0458096557354931,"AC116353.6"
139.32154757752,-1.46516281078994,0.541966666065519,-2.70341868334171,0.00686302382463933,0.0458174333800197,"UGT1A6"
110.202847379551,0.569150214701867,0.210543336649899,2.70324496494646,0.00686661199616932,0.0458318989477292,"LRRC43"
32.5060330070476,0.474422932873142,0.175520352934874,2.70295111045712,0.00687268542835782,0.0458629432196602,"AC010536.1"
69.0221843745999,0.33996336293408,0.125780129005346,2.70283840239686,0.00687501617708147,0.0458690040616578,"AC027097.2"
200.883991398153,0.260987205581326,0.0965917737737459,2.70196099921155,0.0068931847510613,0.0459807079639991,"GGACT"
5.37411172491927,0.452834800302857,0.167619032571409,2.70157149433458,0.00690126412710637,0.0460250799955626,"SPOUT1"
1232.0867056004,0.223395411243341,0.082696005094657,2.7014051160952,0.00690471785041813,0.0460385912090018,"MPLKIP"
2.83140612603149,-0.721257593556978,0.267005650780468,-2.70128213185269,0.00690727178770233,0.046046098572351,"AL583856.1"
8.72928169448172,-0.464507932419577,0.171967398439371,-2.7011394987367,0.00691023482373473,0.0460563294525271,"GNAQP1"
15.659811675163,0.796699367887028,0.294975348511448,2.70090152247454,0.00691518104395365,0.0460797711846013,"TP53AIP1"
4.45698701930154,-0.794722167290256,0.294308223281176,-2.70030568099688,0.00692757927107374,0.0461433161734709,"AC008555.3"
2.49952819140245,-0.70768360002171,0.262075295592601,-2.70030640782644,0.00692756413509972,0.0461433161734709,"NPM1P5"
1.43304512065541,-1.29155737365666,0.478321931205503,-2.70018430976306,0.00693010720169181,0.0461506209662438,"RNU6-761P"
8.41773840250801,0.851894536619933,0.315520995918996,2.69996148477751,0.00693475037706671,0.0461720061756176,"AC099552.5"
19632.299508169,-0.461577716504204,0.170969497329532,-2.69976647129367,0.00693881631565541,0.0461831183209217,"NPC2"
1.82418967292627,-1.24668694911148,0.461779681589515,-2.69974405287864,0.00693928386617664,0.0461831183209217,"RN7SL200P"
3396.70946128489,0.246176560532352,0.0912068895080017,2.69910049405593,0.00695271777317587,0.0462152926398796,"KMT2B"
251.530128081905,-1.04804930749352,0.388290582219425,-2.69913656288802,0.00695196424031618,0.0462152926398796,"AGTR2"
208.775989169229,0.464060831211581,0.171918591698847,2.6993056808218,0.00694843208722065,0.0462152926398796,"CTLA4"
19.1581357384387,0.396950344372487,0.14705441484201,2.69934326554531,0.00694764732144426,0.0462152926398796,"AP001267.3"
15.6715895364643,-0.90487400053483,0.335223458407026,-2.69931586779389,0.0069482193762591,0.0462152926398796,"AP001981.2"
4.104589360374,0.680668727238219,0.252174316654884,2.69919925338691,0.00695065471482173,0.0462152926398796,"AL121935.2"
14.0912291642863,-0.488952659496253,0.181180238161205,-2.69870855927018,0.00696091061912829,0.0462602149451343,"AC145124.1"
6369.72299471864,-0.236281243235417,0.0875599378201102,-2.69850857729995,0.00696509430133328,0.0462689463837024,"HEXB"
1.98090210312189,1.11372355839619,0.412714421403037,2.6985331760641,0.00696457956609418,0.0462689463837024,"AC000061.1"
1.08756721096093,-1.76120805028419,0.652702831800448,-2.69833064064696,0.00696881868756208,0.0462841521277939,"AL391650.2"
2143.68754119965,-0.280482667755988,0.103972888721317,-2.69765196682932,0.00698304041442568,0.0463617682138436,"ELF4"
11.2721121388876,0.333404473863634,0.123591361154822,2.69763574693527,0.00698338062380644,0.0463617682138436,"GCC2-AS1"
8737.27232712714,-0.222125037391765,0.0823514894002212,-2.69728014647381,0.00699084302168974,0.0464017565323972,"FLII"
2881.79421969287,-0.264746343304062,0.0981611351637105,-2.69705869703448,0.00699549383222892,0.046423070306693,"HEBP2"
2.12510911106486,-2.1973021789204,0.814749518993495,-2.69690515636616,0.00699872007544456,0.0464349236281296,"ATOH1"
79.4086652288702,0.439110009271538,0.16287999894074,2.69591117465134,0.00701963826761048,0.0465641300018721,"ZBED3-AS1"
2881.91456974699,-0.205771509095698,0.0763480036625948,-2.69517864547009,0.00703509014924155,0.0466474361222072,"AGPS"
22.6451438307369,0.342720559819766,0.127159978847955,2.69519201658218,0.0070348078271727,0.0466474361222072,"GEMIN7-AS1"
7.86224576157608,0.549521173009513,0.203934111675126,2.69460154799859,0.00704728487566412,0.0467186884900883,"AC068669.1"
1471.5219969716,-0.387376776111228,0.143773779420573,-2.6943492594575,0.00705262198001835,0.0467348532153086,"RAB3IP"
4.08395630397876,1.02742062657051,0.381314602806173,2.69441720566039,0.00705118423718812,0.0467348532153086,"DYDC1"
1161.3708097733,0.259285076046568,0.0962361662556285,2.69425815818388,0.00705455009763034,0.0467380250458373,"MSRB2"
31.1217230798179,0.943472524710794,0.350249827942718,2.69371302836185,0.00706609741916513,0.046804911931179,"AC104041.1"
34.4772704198368,1.20329451606188,0.44680153369783,2.69312977979986,0.00707847098922931,0.0468772431808788,"LINC02315"
129.095169086716,-0.542673251844181,0.201521055890835,-2.69288610783257,0.00708364622912384,0.0469018835026896,"MMP16"
2.91833945723404,-1.355457336238,0.503457219815217,-2.69229893402956,0.00709613090994172,0.0469749006756458,"LGI1"
11.4722927108691,0.427345210782701,0.158740617225632,2.69209744961039,0.00710041948773008,0.0469936425250116,"AC090579.1"
5110.64008597874,-0.239900121920463,0.0891216240342746,-2.69182843692572,0.00710614902605336,0.0470219116242747,"VKORC1L1"
81.8728993930883,0.694924566278428,0.258178184444641,2.69164711872638,0.00711001315396318,0.0470378280979776,"LINC01876"
23.853242715422,0.408522673393524,0.151791769594286,2.69133612767962,0.00711664517252626,0.0470720458642276,"SNORD14A"
3780.63273268257,-0.456635262677344,0.169684976411091,-2.69107656043201,0.00712218480791235,0.0470873035176042,"SLC12A2"
2312.81227185882,-0.252770541322494,0.0939279689689284,-2.69111047643446,0.00712146075916853,0.0470873035176042,"DOP1B"
17.7902784517199,0.474515176322367,0.176337129677879,2.69095440755545,0.00712479311094405,0.0470873035176042,"AC013731.1"
8.17076171429134,0.469648001998661,0.174524544506407,2.69101405379357,0.00712351939105718,0.0470873035176042,"CORT"
3.59466708987437,0.453665393869823,0.168616700122713,2.69051282310509,0.00713422931971306,0.0471400050028991,"AL139234.1"
16.8403126401229,0.413721736118668,0.153776779218433,2.69040448253241,0.00713654616040126,0.0471456527232409,"CDRT15P1"
1.82749304974267,-1.2417059059998,0.46154838172637,-2.69030497161607,0.00713867477580099,0.0471500549253796,"AP000679.1"
29.8593649837116,0.706018376984296,0.262451785978117,2.69008791215909,0.00714331982295105,0.0471614143511582,"IGKJ5"
4.98251091942013,0.542026352702808,0.201489509594319,2.6900971360451,0.00714312237767615,0.0471614143511582,"AP002433.2"
168.741704009544,0.292327770869535,0.10868564891167,2.68966302172161,0.00715242028349945,0.0472118305100184,"ZNF775"
3851.20861106445,0.276921199767117,0.102981739863097,2.68903205689915,0.00716595372498235,0.0472721313138412,"OST4"
481.512891538877,0.245124641925241,0.0911539612500931,2.68912769739879,0.00716390087364383,0.0472721313138412,"HABP4"
5.69837001741041,-0.551785514536794,0.20519587487676,-2.68906728689451,0.00716519747822744,0.0472721313138412,"KRT8P32"
132.811321078437,0.423462521079911,0.157484314131449,2.6889187244798,0.00716838700363873,0.0472785107245512,"RIPOR3"
17875.7960390198,-1.01232781221652,0.376492450018852,-2.68883960930911,0.00717008606797561,0.0472800460658228,"SCGB3A2"
174.05039330296,0.3348855155151,0.124559115041482,2.68856691381897,0.00717594520193521,0.0473087388206366,"ARMC2"
95.2502762303576,0.352414293985818,0.131082098415031,2.68850055230277,0.00717737169516372,0.0473087388206366,"TCTE3"
9.85735237700072,0.444886456649823,0.165504315647791,2.68806559459503,0.00718672775793332,0.0473470588137535,"PPP2R5CP"
3.45282501672041,-0.958974268284122,0.356743377004978,-2.68813474922827,0.00718523949080793,0.0473470588137535,"AC130456.4"
3.72427985134259,0.420378107548632,0.156389180486338,2.68802551584031,0.00718759041381061,0.0473470588137535,"AL606760.2"
112.61837211481,-0.225813173966396,0.0840304714302004,-2.6872772474443,0.00720371323203688,0.0474435729507821,"PSPN"
1.20751954062577,-1.37067498958242,0.510074915547812,-2.68720328681589,0.00720530861119587,0.0474443896606108,"LINC00581"
5794.92912903934,-0.36071833383219,0.134258943268057,-2.68673598236203,0.00721539600772344,0.0474933264532228,"KCTD12"
3215.6138575375,-0.597748417524094,0.222482377109436,-2.68672254086026,0.00721568634809547,0.0474933264532228,"ST6GALNAC1"
3.17558791557823,0.527876712668495,0.196494010746437,2.6864773672399,0.00722098401025091,0.0475184957980695,"FAM86KP"
1461.5779170852,-0.403452485365554,0.150209214679987,-2.68593698612358,0.00723267278416331,0.0475759963128001,"DDR2"
191.380918002938,-0.519296133937129,0.193335012453653,-2.68599115776619,0.00723150025309015,0.0475759963128001,"ANKRD33B"
568.707661261513,0.298557732787209,0.111159078430593,2.68586009350219,0.00723433739786743,0.0475772403414716,"CAB39L"
357.504673075931,0.234660644028282,0.087373171238566,2.6857288192912,0.0072371800886719,0.0475862300079986,"CFAP298"
1479.58454097228,-0.348747292064208,0.129870263536955,-2.68535138503798,0.00724535886260899,0.0476302949082216,"EMILIN2"
266.372212770912,-0.828544497117859,0.308557847913719,-2.6852160874208,0.00724829269984669,0.0476398691615484,"C2orf72"
1426.71314299898,-0.240128394090137,0.0894307163358625,-2.68507738648005,0.0072513014424833,0.0476424191238878,"PJA1"
32.5443429833739,-0.712096414828081,0.26520669538828,-2.68506198075251,0.0072516356973187,0.0476424191238878,"RAET1E"
1554.99740499483,-0.234740681229041,0.0874280943648657,-2.6849570831247,0.00725391200674349,0.0476476660536654,"DPY19L4"
979.363100048071,0.191786526371329,0.0714349936905252,2.68476997705351,0.00725797385558847,0.0476563497194819,"BCS1L"
9.86927719977125,-0.590384894947256,0.219902296253326,-2.6847600275494,0.00725818990455498,0.0476563497194819,"KCNIP4"
201.580028782051,0.489986026803573,0.182544968803216,2.6841935442865,0.00727050035410426,0.047718455579579,"C4orf48"
29.9670224231909,-1.10462986690449,0.411532140208058,-2.68418856992804,0.00727060853659395,0.047718455579579,"CWH43"
124.699575510088,1.03602225911802,0.385996828947322,2.68401753958296,0.00727432898815393,0.0477213222541477,"DUSP13"
100.428934393793,0.64716103083486,0.241121316590873,2.68396440424611,0.00727548519774818,0.0477213222541477,"HPDL"
19.4221132198716,0.402631019649195,0.150009327237656,2.68403989980781,0.00727384248540775,0.0477213222541477,"DDX50P1"
4583.03232234869,0.1460609541649,0.0544422663899655,2.68285954737221,0.00729956395780525,0.047779624581678,"SRSF4"
1934.14576661487,0.309255766829193,0.115255828665947,2.68321151657785,0.00729188554749999,0.047779624581678,"CCDC57"
972.896967341688,0.371210369052819,0.13836266610876,2.6828795620419,0.00729912713182907,0.047779624581678,"PSENEN"
917.60264102136,0.322202411564951,0.120099569587527,2.6827940572271,0.00730099346318742,0.047779624581678,"METTL1"
58.4571517979654,-0.301980874073871,0.112552636621163,-2.68301910234495,0.00729608227597003,0.047779624581678,"TBCAP1"
22.1034300656371,0.540430464230444,0.201401294828663,2.6833514883318,0.00728883399802416,0.047779624581678,"LINC00475"
21.5282712934372,0.486617843048446,0.181352162466699,2.68327565786707,0.00729048704940928,0.047779624581678,"ATE1-AS1"
12.2591591224971,0.559169888430522,0.20841609772994,2.68294961147905,0.00729759846722495,0.047779624581678,"AC016738.1"
7.35376044837755,0.50551011720859,0.188412137363081,2.68300187176606,0.00729645819618891,0.047779624581678,"TNRC18P1"
3.92913046628141,-0.927514466975116,0.345733903904548,-2.68274084924917,0.00730215506089344,0.047779624581678,"AC023794.2"
3.50255830182684,0.624924761845025,0.232887851216473,2.68337209768898,0.00728838478650117,0.047779624581678,"AP000446.1"
2.10267535930661,-1.5147688854222,0.564592177915624,-2.68294344957889,0.00729773292471382,0.047779624581678,"C10orf71-AS1"
835.0852060309,-0.578909767884874,0.215818987803764,-2.68238570561389,0.00730991254544,0.0478107624759144,"BMP4"
307.65499758666,0.352800270987022,0.131528062325964,2.6823193830126,0.00731136206446685,0.0478107624759144,"CICP14"
186.161394423372,-0.554065880871705,0.206560007517556,-2.68234827995257,0.0073107304733355,0.0478107624759144,"GCNT4"
13.8032210264555,-0.739708459353997,0.275795194517368,-2.68209335789356,0.00731630391218352,0.0478333778686856,"GDF6"
1197.44800781692,-0.345692938760036,0.128920318571472,-2.68144651355627,0.0073304631807959,0.0479065231586469,"SLC44A3"
828.272626373259,-0.375727531835713,0.140118024064108,-2.68150749587938,0.00732912724339013,0.0479065231586469,"PLCE1"
8.5911275561532,0.740451768385481,0.276176886268744,2.68107798009193,0.00733854127988894,0.0479495974812601,"ALAS2"
15324.3149587219,-0.185212107858206,0.069095193558223,-2.68053533567623,0.00735045035601196,0.048017680658348,"WDR1"
1475.16450752813,-0.197718223273521,0.0737631798072232,-2.68044604083296,0.00735241171427501,0.0480207647816078,"LMAN2L"
109.341313965712,0.766131456096643,0.285836547534462,2.6803131464645,0.00735533160402707,0.0480210583500855,"NGF"
41.8288196899579,0.582372312676249,0.217278095833472,2.68030843349527,0.00735543517416877,0.0480210583500855,"MTND5P11"
4.89393337848962,-0.776486161860669,0.289715182266711,-2.68017076559639,0.00735846108077666,0.0480310885728023,"AC087286.2"
17.9141117821526,-1.28777305822945,0.480506617944306,-2.68003188746656,0.00736151471941839,0.0480412957149658,"GATA4"
3012.65223966311,-0.590658383202752,0.220411794586829,-2.67979481002805,0.00736673018163143,0.0480599567617991,"FMO5"
146.720099876763,-0.641923565666615,0.239544597174906,-2.67976641192164,0.00736735513330975,0.0480599567617991,"TMEM233"
68.5208671731603,0.410405100721383,0.153155640085759,2.67966038006552,0.00736968897635923,0.0480654573306439,"PARD6G-AS1"
9.50913668601859,0.476365284798372,0.177795486147953,2.67928784424799,0.00737789403697265,0.0481092402876002,"AL157756.1"
6715.21054355002,-0.138519775216395,0.0517086185276209,-2.67885275531781,0.00738748719662101,0.0481620551263738,"ZNF207"
13.241499706987,0.496366938947717,0.18530522935699,2.67864506938155,0.00739207035245503,0.0481821929482338,"HMGB3P22"
1779.23372637218,0.462406772854315,0.172644163967324,2.67838056166112,0.00739791112838972,0.0482105182568566,"PABPC1L"
4271.42991886097,0.18520071197926,0.0691581149220529,2.67793175375004,0.00740783103471131,0.0482606700040091,"STK25"
5.30364615333364,-0.779243518244144,0.290990850748275,-2.67789697250048,0.00740860029523477,0.0482606700040091,"AC108734.4"
2872.39351595062,0.274359294266828,0.102456760655997,2.67780566660702,0.0074106200581599,0.0482640767067998,"TBCB"
8.32443084486031,-0.565809208738892,0.211318183891936,-2.67752257907078,0.00741688533174194,0.0482951267209247,"AC018410.1"
2.34015717242416,-0.898258449320621,0.335518371900115,-2.67722582293656,0.00742345821815639,0.0483281668169701,"AC022960.1"
21.4270617900859,-0.756688783324006,0.282691555890794,-2.67672934530921,0.00743446644226287,0.0483900626626496,"AL591846.1"
2.93949281476641,-2.61543549088507,0.977156702835832,-2.67657734250274,0.00743783967338792,0.0484022482882731,"AC114786.2"
2812.50324744484,-0.37137300713352,0.13875703231959,-2.6764265632185,0.00744118710836836,0.0484142611600762,"FCGR2A"
9.66956524953557,0.363025647658897,0.135643853918114,2.67631475494681,0.00744367022441698,0.0484206468400899,"AC073063.1"
922.333878517952,0.32498114816445,0.121433704056233,2.6762022182405,0.00744617026847211,0.0484271400376933,"DMPK"
2.80582706718011,-1.73073631833242,0.646734874710217,-2.67611410179158,0.00744812833324271,0.0484301064943358,"AC004704.1"
123.49932315622,-0.499893400839827,0.186818860098534,-2.67581870789795,0.00745469574803382,0.048463037176482,"RPL7AP6"
1336.61588061918,-0.244882469337182,0.0915342035545119,-2.67531108402932,0.00746599374798387,0.0485249790855399,"NCK1"
691.204786296407,0.370576948783345,0.138523710155674,2.67518786759961,0.00746873844631834,0.0485249790855399,"RFX2"
277.116841131581,-0.456664065732938,0.170702760813964,-2.67520023434549,0.00746846293095082,0.0485249790855399,"RPS2P46"
23.2089432956579,-0.559474772939006,0.209142644243094,-2.67508701998005,0.00747098554326854,0.0485298003309214,"CLEC9A"
10.9986551195198,-1.53796236196866,0.5749579177241,-2.67491291894282,0.00747486630726761,0.0485452294215195,"SELENOOLP"
2141.72348694475,-0.228956356645065,0.0855980125356651,-2.67478589587192,0.00747769882990502,0.0485459976572393,"CFAP97"
4.50697261868794,-1.94730466552779,0.728026253587952,-2.6747725867451,0.00747799566951488,0.0485459976572393,"NKX2-4"
4188.68394621404,0.223946919257414,0.0837296331696199,2.67464350170675,0.00748087526114757,0.0485549160216794,"AGAP3"
7.56314715026705,0.37388607974266,0.139795877996476,2.67451433548051,0.00748375765920386,0.0485638490080557,"ST6GALNAC4P1"
1857.34428918054,0.229517071021645,0.0858206076784886,2.6743817974523,0.00748671633567845,0.0485732732885215,"NAT9"
151.040714339509,-1.28649059814231,0.481057209108639,-2.67429855281885,0.00748857516078805,0.0485755594567714,"SERPINB3"
1066.43598282552,-0.378136148070299,0.141409004883493,-2.67405989018765,0.00749390671278585,0.0486003664428358,"CLIP2"
1772.09990486234,-0.184765508917518,0.0691007603696726,-2.67385637913486,0.00749845569228476,0.0486060092498243,"SYNJ2BP"
57.3984927178086,0.639943415600704,0.239336879583112,2.67381866394927,0.00749929899264618,0.0486060092498243,"AMPD1"
3.03248499397987,0.558426867799013,0.208842806911964,2.67390999027519,0.00749725710944285,0.0486060092498243,"ERICH6"
6.93306058577797,0.78620814652933,0.294165992279226,2.672668381677,0.00752505984954674,0.0487631742059153,"AC073862.2"
69.3823515388708,0.316145932953689,0.118328538055646,2.67176404059869,0.00754536847521023,0.0488849520761812,"AL137186.2"
5012.16397031385,-0.238991508911178,0.0894632625030322,-2.67139272841831,0.00755372118753691,0.0489229020509489,"PARP4"
27.1073555955946,-0.677415973859224,0.253583848921732,-2.67136876713433,0.00755426048415799,0.0489229020509489,"AC026355.2"
1387.43852919421,0.557726374039825,0.2087879495996,2.6712574892823,0.00755676546724063,0.0489292976889908,"SLC17A9"
526.198243463107,0.843550753063908,0.315800874171601,2.67114761881734,0.00755923949919168,0.0489354903937835,"FGFBP1"
3773.52006976808,-0.309248296630392,0.115806421803976,-2.67038987832516,0.0075763218686932,0.0490362301597777,"HOOK3"
9.91194755698081,1.07478367045718,0.40255632634414,2.66989636013909,0.00758746625922907,0.0490985048221636,"LINC01060"
6747.67269613973,-0.332501628759755,0.124542745112269,-2.66977918673643,0.00759011437059631,0.0491057860914683,"RAB31"
2341.67944913271,-0.214822172974441,0.0804719880188937,-2.66952735061054,0.00759580865512743,0.0491327683218824,"KPNA3"
224.666518385585,0.685114309643258,0.256677900622268,2.66915970553883,0.00760412838044959,0.0491767187379858,"IGKV3D-11"
2350.39582458028,0.189487505906923,0.0709989132468317,2.66887896224775,0.00761048703789784,0.0492079716336506,"UBE2J2"
24.3882164056653,-0.6458849503719,0.242053425248911,-2.66835699477385,0.00762232194075282,0.0492746132677576,"CELF2-AS1"
1888.81360594887,-0.235494234414327,0.0882618534042851,-2.66813153509979,0.00762743903242862,0.0492978095010344,"DAAM1"
5.84849036154962,-0.499703424731159,0.187302582187266,-2.66789394409712,0.00763283479205988,0.0493227971683308,"FAM215B"
1158.66287789259,0.209369388532704,0.0784801533533269,2.66780045128223,0.00763495897855168,0.049326638401803,"REXO1"
83.1469351092054,0.319363275120497,0.119720592966628,2.66757177864563,0.00764015672680196,0.0493404473574463,"LINC01534"
17.0366419373167,0.559147139418234,0.209604116883681,2.66763433720403,0.00763873445043482,0.0493404473574463,"AC008687.4"
2.48842226009323,-0.86886560302412,0.325723340971486,-2.6674956741899,0.00764188729081091,0.0493417412279131,"SPDYE17"
7.08227222236225,0.63307395708717,0.237358831084207,2.66715990382754,0.00764952667800698,0.0493811787251922,"AC023593.1"
34.3662818078841,0.357452035311233,0.134029516742489,2.6669650387385,0.00765396335207623,0.0493999296012206,"TMEM240"
70.398511522789,0.639920426550968,0.239950804593289,2.66688177035129,0.00765585990388163,0.0494022818892662,"LMNTD2-AS1"
57.6106047121555,-0.537299285179783,0.20150017604501,-2.66649536355624,0.00766466636276724,0.0494393212377335,"STAB2"
28.4861267233739,0.34628072172653,0.129863386105812,2.66650002060152,0.00766456017168405,0.0494393212377335,"AL358472.3"
71.7195030998185,0.466667393137085,0.175025997679154,2.666274721042,0.00766969901874447,0.0494618889718831,"AC024257.3"
716.326020252437,0.670680679034588,0.251559712915521,2.66608937997881,0.00767392876923424,0.0494792707786359,"EFHD1"
13.6476058479632,0.423980617992847,0.159051737688341,2.66567737111825,0.00768333889632892,0.0495300405262147,"AC079322.1"
2.50744872829122,-0.959870181995335,0.360125150807161,-2.6653794655662,0.00769014938783895,0.0495640349811847,"OR10A2"
28.557263212942,0.454064599432328,0.170366433974662,2.6652233590794,0.00769372033626585,0.0495771407359897,"UBQLNL"
3720.77632650793,0.313064163957667,0.117472715454386,2.66499469895397,0.00769895363768318,0.04959577932894,"IMPDH1"
9.93810431350872,-1.12759969442584,0.423152264686772,-2.6647611002638,0.00770430326123928,0.04959577932894,"FGF5"
6.13027972645882,0.522695261078737,0.196150068347475,2.66477226076106,0.00770404759989143,0.04959577932894,"AL603839.4"
4.60555293555725,1.43270340625618,0.537628436109127,2.66485793910903,0.00770208515903114,0.04959577932894,"LCN8"
2.08595946352595,-0.873933598802716,0.327947069993149,-2.66486173766082,0.00770199816453681,0.04959577932894,"AP001282.1"
4117.59224504625,0.22568203305503,0.0846960948564857,2.66460966633042,0.00770777301629989,0.0495983118959469,"ABHD12"
759.577421620958,0.203693232667845,0.0764428579386318,2.66464700772136,0.00770691729543749,0.0495983118959469,"ISY1"
3698.43705358835,-0.24644426546523,0.0925053376911571,-2.66410859758192,0.00771926382225405,0.0496425332964862,"HACD2"
10.2495602702672,-0.482909586374702,0.181264640319966,-2.66411356082619,0.00771914992695255,0.0496425332964862,"ST13P7"
2.67673528224739,0.559434728145772,0.209987148079143,2.66413794017015,0.00771859049766529,0.0496425332964862,"BX323046.1"
2.21986919223721,-1.02130489638552,0.383504921062349,-2.66308159372869,0.00774286367471244,0.0497843747140783,"AL512383.1"
2390.0400243069,-0.258778500530054,0.0971863355565831,-2.6627045772231,0.00775154346926216,0.0498302470427349,"PLPBP"
1371.62117115096,-0.221346048911224,0.0831331899009362,-2.66254728316075,0.00775516732033848,0.049839188093348,"PAFAH2"
423.869356249672,-0.550500547020965,0.206759989282928,-2.6625100384759,0.0077560256117978,0.049839188093348,"CSTA"
5824.03942036599,-0.310780356120454,0.116746918940281,-2.66200049595679,0.00776777640166526,0.0498449074895984,"SLFN5"
3133.86621531126,-0.334348531109348,0.125603922372001,-2.66192746846798,0.00776946182784374,0.0498449074895984,"SLC20A2"
1928.79764415512,-0.291170443637839,0.109385070311425,-2.66188468690344,0.00777044935028141,0.0498449074895984,"GLCE"
1053.7796658289,0.767615889516335,0.288383921312008,2.66178463079374,0.00777275937424887,0.0498449074895984,"CDKN2A"
207.14641988361,0.974388433239421,0.366100365625348,2.66153362500755,0.00777855712475296,0.0498449074895984,"LINC02577"
107.24347108465,0.810120934496103,0.30432942449366,2.66198687768681,0.00776809067748407,0.0498449074895984,"IGKV2-28"
18.9309327149222,-1.15133197865389,0.432573406968715,-2.66158751348569,0.0077773120780923,0.0498449074895984,"OBP2A"
26.4019550810212,0.360049568783018,0.135268155812046,2.66174671061017,0.00777363500913048,0.0498449074895984,"AL354892.3"
21.0269930259095,-0.753004455623907,0.282906082166662,-2.66167644702777,0.00777525773604962,0.0498449074895984,"AC144450.1"
9.93856666459314,-0.535402413014797,0.201140835314962,-2.66182852515463,0.0077717458968599,0.0498449074895984,"LDHAP5"
6.73290135606263,-0.563878112868712,0.211853051052929,-2.66164735445718,0.00777592971346028,0.0498449074895984,"AC100788.2"
2.08386870653525,-1.12992053511548,0.424486194712044,-2.66185461197855,0.00777114363398787,0.0498449074895984,"AP005131.4"
4.1466062811847,0.698861872268212,0.262529267635062,2.66203413647461,0.00776700011096904,0.0498449074895984,"AC093520.2"
2.08332822856045,0.75335957570932,0.283030379500375,2.66176223569782,0.0077732765004898,0.0498449074895984,"AGAP11"
1489.514977092,-0.243889959666464,0.0916413725467194,-2.66135210428158,0.00778275231812495,0.0498461926563612,"EEA1"
731.474829199628,-0.543166104282818,0.204096173370063,-2.66132429292517,0.00778339525584675,0.0498461926563612,"PKDCC"
1.71760463759449,-1.6974815969462,0.637823856409024,-2.66136423071895,0.00778247199631776,0.0498461926563612,"APOBEC3AP1"
2.65150838153526,0.603990267557568,0.226996687354396,2.66078890664424,0.00779578149503059,0.0499156025232846,"AC135279.3"
4.12431870022269,-1.11094307087177,0.417551110589633,-2.66061577300796,0.00779979074404161,0.0499313584557518,"AC097652.1"
3.53672929729959,-0.656533172179124,0.246775364480714,-2.66044859688753,0.0078036637880794,0.0499462363728901,"SLC3A1"
70.9782477585752,-0.777333745434842,0.29220957433364,-2.66019259364614,0.00780959806943694,0.0499742984221064,"CREG2"
