"Gene","Beta","HR","Pvalue","FDR"
"PITX3",0.949584313521321,2.5846350381409,3.91563680366325e-11,2.20747940443319e-06
"TLE1",0.755579480445319,2.12884478992074,2.97326231007252e-10,8.38103179963242e-06
"AC112236.1",0.684425231046402,1.98263195269109,4.57675234708826e-08,0.000727055834648621
"DKK1",0.159868106615301,1.17335610287772,5.33195148716682e-08,0.000727055834648621
"AC034223.1",0.665245424016644,1.94496780457689,6.4482743955639e-08,0.000727055834648621
"GNPNAT1",0.487671050120999,1.62851906070553,1.14918507661246e-07,0.000969686960258177
"RN7SL400P",10.0466539449617,23078.4357907674,1.2040245355838e-07,0.000969686960258177
"AC108136.1",0.723275287128413,2.06117310080746,1.834795343713e-07,0.0010899137912358
"AC103833.2",0.73057456584679,2.07627322070518,1.88486974422565e-07,0.0010899137912358
"VAX1",0.341726507034493,1.40737533761992,1.93329393932844e-07,0.0010899137912358
"AHSG",0.456674048694387,1.57881418382582,2.95983290820984e-07,0.00148705852918537
"ESYT3",-0.289696667218146,0.748490574875716,3.21466619947702e-07,0.00148705852918537
"ERO1A",0.413481924217641,1.51207355523706,3.94932635749337e-07,0.00148705852918537
"ADAM20P3",0.909394063876509,2.48281764859751,3.97521361235743e-07,0.00148705852918537
"GAPDH",0.478024862968889,1.61288558400921,4.17435075429299e-07,0.00148705852918537
"ZC3H12D",-0.425650239524135,0.65334481635659,4.22040167215941e-07,0.00148705852918537
"IGF2BP1",0.142075255628563,1.152663389681,5.2319919342431e-07,0.00173505163108758
"LINC01312",0.580573033797444,1.78706218442914,6.17726014284549e-07,0.00178989412480834
"CRNDE",-0.269861940930806,0.763484893074742,6.33200826734381e-07,0.00178989412480834
"LINC02178",0.352096473487032,1.42204570680926,6.34984434797905e-07,0.00178989412480834
"VDAC1",0.653640726796219,1.92252750040291,7.19171760216195e-07,0.001881302637576
"SHC1",0.541434213880526,1.71846974877658,7.36375889700263e-07,0.001881302637576
"ZNF540",-0.494128179464756,0.610102575456912,7.96918936966655e-07,0.001881302637576
"CMAHP",-0.337035893105548,0.713883215957242,8.00895120296298e-07,0.001881302637576
"FAM117A",-0.591129125760811,0.553701732747286,8.58628230415805e-07,0.00193624100471686
"NLRP1",-0.370242981260618,0.690566515527733,9.05709180087043e-07,0.00196385618217643
"FKBP4",0.433786834732897,1.54308989988476,9.79051319524576e-07,0.00204425915516731
"PKP2",0.215864904208092,1.24093472261703,1.07924789207344e-06,0.00208544593332633
"PLK1",0.328596809080968,1.38901770334669,1.10340416187609e-06,0.00208544593332633
"ANLN",0.283108737986838,1.32724947640687,1.10975198665726e-06,0.00208544593332633
"CREG2",0.227151657870364,1.25502018719706,1.19265469632861e-06,0.00211357096334738
"SETDB2",-0.775628568720467,0.460414288005481,1.19969970957706e-06,0.00211357096334738
"LINC02802",0.453503449978306,1.57381632489104,1.33577544871997e-06,0.00228199020294051
"IRX5",-0.215521169840546,0.806121204620117,1.45013518512941e-06,0.00240449474108399
"AC034223.2",0.463021411385838,1.58886736190401,1.6434551828641e-06,0.00264718369683276
"C1QTNF6",0.362653785025532,1.43713821432994,1.85466819166637e-06,0.00280732516476129
"AL353746.1",0.385413578846361,1.47022224854103,1.86001665929308e-06,0.00280732516476129
"HMGA1",0.330997576121233,1.39235641740095,1.95015154949244e-06,0.00280732516476129
"RNU1-70P",4.25750651120388,70.6336395010836,1.97107690154162e-06,0.00280732516476129
"ABCC2",0.140593549968275,1.15095674649577,1.99982930530252e-06,0.00280732516476129
"IKZF3",-0.356229099138495,0.700312160942662,2.04165481331085e-06,0.00280732516476129
"AC114322.1",3.87998551878621,48.4235138350113,2.10019382383836e-06,0.00281187773791182
"AL691432.2",-0.530059065183548,0.588570204644495,2.16532267737025e-06,0.00281187773791182
"NTSR1",0.211068236617023,1.23499662417791,2.19459735469207e-06,0.00281187773791182
"GSEC",0.361193761886602,1.43504149028845,2.37725796814511e-06,0.0029782287824922
"LINC02310",0.758246393333506,2.13452981088624,2.45728465448119e-06,0.00301156260176156
"FAM83A",0.217013453852332,1.2423608165643,2.63334753785048e-06,0.00315867235731614
"F2",0.210240594345111,1.23397491163064,2.73594035512494e-06,0.00321336194709425
"SLC47A1",-0.274450986609825,0.759989252985857,3.00823051266447e-06,0.00342689649935202
"CIDEC",0.237906203906504,1.26859019843953,3.03932214005252e-06,0.00342689649935202
"DRAXINP1",0.648771416148388,1.91318887156858,3.13255549156076e-06,0.00346276369396529
"RHOV",0.19086197225262,1.21029238661993,3.28171976868988e-06,0.00355788910922424
"AC100805.1",0.824661888929694,2.281109366598,3.40272243647984e-06,0.00357283024812412
"LINC02323",0.319454016655402,1.37637608073528,3.42225119552118e-06,0.00357283024812412
"GNG7",-0.324337602245281,0.7230061126858,3.52692443213678e-06,0.00361516166883897
"COLCA1",-0.211717337900913,0.809193393546321,3.65261609765391e-06,0.00364699661955946
"ABAT",-0.322353570660561,0.724442003604764,3.68736354680874e-06,0.00364699661955946
"AHSA1",0.713963844148006,2.04206968322504,3.80717042002939e-06,0.00366359322833339
"ANKRD65",-0.232267490047799,0.792734046475744,3.83411381566039e-06,0.00366359322833339
"LINGO2",0.310494443720599,1.36409941780724,4.07497537174702e-06,0.0038288468592935
"TSPOAP1",-0.305255535037606,0.736935037606781,4.22586443612485e-06,0.00390553005657336
"AC090948.1",-0.762513776653708,0.466492294435781,4.46435154301697e-06,0.00403471902412232
"PSMD2",0.60532725321335,1.83185159012495,4.50878562721205e-06,0.00403471902412232
"AC087752.3",-0.679898426865774,0.506668453654854,4.64420018765521e-06,0.00409095984030078
"RNU2-16P",6.79685509508599,895.028082686532,4.98495237436148e-06,0.00426810949215383
"VIM-AS1",-0.364673251009686,0.694423515994688,5.01075417817221e-06,0.00426810949215383
"USP4",-0.820929459681051,0.440022481225368,5.0724303954574e-06,0.00426810949215383
"AL356309.3",-1.54766978867089,0.212743133148811,5.55267394041379e-06,0.00460349332448188
"TRIM28",0.599458666887302,1.82113269407867,5.88671567554047e-06,0.00480074078799104
"LYPD3",0.1803777262332,1.19766966894521,6.10828773162423e-06,0.00480074078799104
"AC108925.1",0.412768958054489,1.51099588217384,6.12679059598501e-06,0.00480074078799104
"CLEC17A",-0.374158692853704,0.687867743471907,6.13121428862202e-06,0.00480074078799104
"LINC02747",0.247146225241665,1.28036632096536,6.51209857155844e-06,0.00498029300970945
"AC079949.3",0.749779540466396,2.11653335521824,6.59070196136749e-06,0.00498029300970945
"AC091133.5",0.494632573310747,1.63989558694236,6.62554944884718e-06,0.00498029300970945
"STK33",-0.252951656514262,0.776505419895062,6.92491068823051e-06,0.00513682585473268
"SFTA3",-0.163276109772549,0.849356640366791,7.4641998804185e-06,0.00546423985632355
"DLGAP5",0.27588633796853,1.31769808327426,7.56014454365753e-06,0.00546423985632355
"LDHA",0.472148437678549,1.60343537628757,7.8903496595105e-06,0.00563071332157676
"CCT6A",0.409288461483264,1.50574600757176,8.04281178785348e-06,0.00566776946690035
"PLCD3",0.306056057782621,1.35805843415859,8.27186115772504e-06,0.00575721536577663
"INPP5J",-0.314735951547413,0.729981599335281,8.46354038222323e-06,0.00581878722668557
"SMS",0.496130535096188,1.64235392865499,8.81637202064404e-06,0.00598833480766059
"FCRL1",-0.29333051967299,0.745775606447689,9.0533310848656e-06,0.00607607849095694
"LDLRAD3",0.338958942005541,1.40348571972084,9.28898753471207e-06,0.00616089366184621
"PLEK2",0.308405895541355,1.3612534035054,9.58017749835103e-06,0.00628014054240742
"PTBP1",0.975298792925976,2.65195947934703,1.00322739644398e-05,0.00643480567765452
"CYP4B1",-0.131163258988764,0.877074572394095,1.00443965452249e-05,0.00643480567765452
"KRT8",0.381442175487004,1.46439498183645,1.02654688405041e-05,0.00650254012755349
"SPATA6",-0.399861732823298,0.670412735703713,1.04046122151735e-05,0.00651744909158469
"LINC00539",-0.651501923900224,0.521262292246227,1.05504333249406e-05,0.00653616735304231
"AL138778.1",-0.647735198247076,0.523229446834407,1.07955636088741e-05,0.00661533363058571
"AC119751.8",10.4915742253142,36010.8019037805,1.10703936608457e-05,0.00671080121531008
"EXO1",0.268508219555119,1.30801172826089,1.13753225467348e-05,0.00682228919036936
"AL391807.1",-0.519472411298087,0.594834293051261,1.15296929758883e-05,0.00684208390745979
"LINC00892",-0.472921942381083,0.623178713125702,1.21761132131761e-05,0.00708623727687677
"ECT2",0.334809818273565,1.39767454778606,1.21925112788606e-05,0.00708623727687677
"AL357873.1",-0.742398143336087,0.475971098830792,1.26972004300364e-05,0.007304258892283
"AC005077.4",0.209297004818437,1.23281109499679,1.29216141671439e-05,0.00735827192208997
"PRKG2-AS1",0.710116919293514,2.03422908537072,1.33257210602072e-05,0.00740587214990101
"RGS20",0.224497988107179,1.25169419307093,1.33292077475037e-05,0.00740587214990101
"ZNF44",-0.579339499703776,0.560268301760078,1.33993003989269e-05,0.00740587214990101
"SEPTIN1",-0.374364405582906,0.687726254874569,1.3855877973086e-05,0.00758387355932715
"DSG2",0.332532208038455,1.39449481240417,1.42600505214494e-05,0.00761407358263797
"GALNT2",0.512974881339211,1.67025261480475,1.43151061083632e-05,0.00761407358263797
"CD40LG",-0.345662041302347,0.707751637514422,1.43500652988034e-05,0.00761407358263797
"KPNA2",0.366865353593532,1.44320358385583,1.44512890829832e-05,0.00761407358263797
"METTL7A",-0.33611410621842,0.714541567527959,1.47621777293456e-05,0.00762550029636451
"MESD",0.680397842045096,1.97466318001592,1.51057275917825e-05,0.00762550029636451
"AL023653.1",-0.865297196043441,0.420926436364746,1.5141759113089e-05,0.00762550029636451
"RPL10P19",-0.375982654272623,0.686614242762478,1.51624768602602e-05,0.00762550029636451
"ZNF483",-0.413637354837578,0.661240703533118,1.52470698591033e-05,0.00762550029636451
"XRCC5",0.805870215660081,2.23864375428332,1.54899111791911e-05,0.00762550029636451
"FADD",0.565860259321287,1.76096201530018,1.60635399286043e-05,0.00762550029636451
"RHPN2",0.309319551189289,1.36249768870332,1.61103208585931e-05,0.00762550029636451
"SLC2A1",0.246676588361422,1.27976515489674,1.62792338112728e-05,0.00762550029636451
"AC093010.1",-0.825493977820994,0.438018567557241,1.65174844652895e-05,0.00762550029636451
"TRIM6",0.313892223166573,1.36874220989638,1.65745764000072e-05,0.00762550029636451
"SLC25A42",-0.472911158594019,0.623185433388482,1.67022914651079e-05,0.00762550029636451
"KRT8P5",0.769407379013482,2.1584867101566,1.67121007884705e-05,0.00762550029636451
"AC022497.1",-0.329135917657639,0.719545211200804,1.67682279701618e-05,0.00762550029636451
"AC023158.2",0.717952672544483,2.05023141581883,1.71138001811171e-05,0.00762550029636451
"AC006455.7",13.257386833369,572281.815440302,1.72095049728761e-05,0.00762550029636451
"AL358944.2",13.257386833369,572281.815440302,1.72095049728761e-05,0.00762550029636451
"AC099654.6",13.257386833369,572281.815440302,1.72095049728761e-05,0.00762550029636451
"AC073188.2",13.257386833369,572281.815440302,1.72095049728761e-05,0.00762550029636451
"AC226119.1",13.257386833369,572281.815440302,1.72095049728761e-05,0.00762550029636451
"YWHAZ",0.579961700543427,1.78597002775866,1.7313467396315e-05,0.00762550029636451
"AL157388.1",-0.533167889033641,0.586743284812215,1.75191062952241e-05,0.00763858087816706
"DAAM2",-0.239829174547332,0.786762248605081,1.76864691925722e-05,0.00763858087816706
"BZW1",0.499065040147646,1.64718050289456,1.77667034826527e-05,0.00763858087816706
"LINC01352",-0.698653015332587,0.497254647278183,1.79915446632417e-05,0.00763858087816706
"GPD1L",-0.352616978899057,0.702846346809778,1.80206339008837e-05,0.00763858087816706
"LYAR",0.536856353251324,1.71062081314526,1.82999488061449e-05,0.00768112104912432
"GGA2",-0.722050803592788,0.485755045575476,1.83934891023092e-05,0.00768112104912432
"CKS1B",0.318498330176905,1.37506132507277,1.87726438528802e-05,0.00774788272351279
"MELTF",0.227179375834161,1.25505497428329,1.88282235902024e-05,0.00774788272351279
"HMMR",0.289095466645098,1.33521919134086,1.90416123602149e-05,0.00777891259724257
"FAM184A",-0.247926589631143,0.780417231892075,1.97728765191722e-05,0.00798508770972203
"H2AX",0.414484882661064,1.51359086294746,1.98295778232064e-05,0.00798508770972203
"STAP1",-0.333625330130305,0.716322116269692,2.03303575773014e-05,0.00803762679228314
"MTURN",-0.323966690416233,0.723274333945613,2.03919936048268e-05,0.00803762679228314
"PGAM1P1",2.86135226304202,17.4851554865204,2.04439929989811e-05,0.00803762679228314
"PARP15",-0.277091985605771,0.757984770215369,2.05303366341843e-05,0.00803762679228314
"AL137779.1",-0.90545801261159,0.404356642242747,2.09822011681547e-05,0.00815787981417856
"AC007222.1",3.83079922384654,46.0993672285485,2.11414409700112e-05,0.00816349230222842
"CCNA2",0.265213651092511,1.3037094849812,2.16895337147588e-05,0.0083181575013826
"U91328.1",-0.52416609067098,0.59204887364619,2.22240731888041e-05,0.0084648690274401
"LY86-AS1",-0.552951921647782,0.575249210998502,2.23723833739282e-05,0.0084648690274401
"MS4A1",-0.169682367864319,0.84393283421713,2.29860934553604e-05,0.00863909336426266
"MYLIP",-0.454722741412684,0.634623898483546,2.35485314702697e-05,0.0087491688417329
"AP005137.2",0.592425258894054,1.808368864061,2.35893583074961e-05,0.0087491688417329
"ITGB1-DT",0.241274074151462,1.27286984822932,2.40583913171673e-05,0.00884619374272713
"KRT6A",0.0996863303459337,1.10482431385854,2.41647835316443e-05,0.00884619374272713
"TESMIN",0.215819433548896,1.24087829778002,2.43760116979822e-05,0.00886594861603514
"AC087854.1",-0.621932753087351,0.536905727930091,2.56897826394046e-05,0.00928389221845559
"NEK2",0.255508648248805,1.29111817888088,2.62255125928859e-05,0.0093337198569504
"AC068228.1",0.509497048994707,1.66445384565577,2.68231946407735e-05,0.0093337198569504
"CDKN3",0.260791665414674,1.29795722788308,2.68494296315657e-05,0.0093337198569504
"SERPINB5",0.123161386177106,1.13106694478895,2.71038777959928e-05,0.0093337198569504
"ARHGAP11A",0.309617384871772,1.36290354684344,2.71441737484884e-05,0.0093337198569504
"AC087588.1",0.470248095816827,1.60039119432877,2.72259272223622e-05,0.0093337198569504
"RAD23B",0.687692462652404,1.98912026410627,2.75041642613508e-05,0.0093337198569504
"AC243960.1",-0.368685487669725,0.691642906468158,2.76678070381154e-05,0.0093337198569504
"TRIM60P3Y",11.808283080643,134360.676761837,2.78144057039816e-05,0.0093337198569504
"AC006455.1",11.808283080643,134360.676761837,2.78144057039816e-05,0.0093337198569504
"AC037459.3",11.808283080643,134360.676761837,2.78144057039816e-05,0.0093337198569504
"MIR6886",11.808283080643,134360.676761837,2.78144057039816e-05,0.0093337198569504
"HJURP",0.243254172624023,1.27539275284704,2.90623425216367e-05,0.00969478474556088
"SARM1",-0.463325210410078,0.629187980751289,2.92801575469343e-05,0.00970998918744688
"WDHD1",0.348263454002162,1.41660541094746,3.00137156685182e-05,0.00987218789162225
"KIF4A",0.25683840437379,1.29283619320421,3.0119489097471e-05,0.00987218789162225
"ZMAT1",-0.259021503734079,0.771806426145108,3.08091940603915e-05,0.010039879331495
"DAPK2",-0.327599426033069,0.720651636179999,3.12168496525791e-05,0.0100682097288083
"CYP17A1",-0.59236536445924,0.553017648170912,3.12533117379993e-05,0.0100682097288083
"PSMD10P2",0.282745573155284,1.32676755358835,3.1653653823537e-05,0.0100794746303493
"AC009133.3",-0.568302951531992,0.5664859775889,3.17993183924399e-05,0.0100794746303493
"SOWAHC",0.403278448193755,1.49672359362713,3.18246502802996e-05,0.0100794746303493
"BMP5",-0.186931218138073,0.829500789032028,3.2071508326266e-05,0.0101009125888356
"INPP5B",-0.480957914876894,0.618190933797029,3.26237752020593e-05,0.010217766393285
"C11orf21",-0.353453315894548,0.702258776145585,3.33587833051384e-05,0.0103604438635792
"CBFA2T3",-0.312635391828897,0.73151658087389,3.34468707104337e-05,0.0103604438635792
"SH2D5",0.254300043616394,1.28955867007352,3.41075827456674e-05,0.0105073720484685
"AL031289.1",-0.9384508232944,0.391233455887104,3.47684723610599e-05,0.0106527575968865
"CCNB1",0.282706192243513,1.32671530530118,3.52384464944228e-05,0.0107383927544302
"TPI1",0.475334493502874,1.60855215775446,3.64872272199406e-05,0.011059160869631
"ADIPOR2",0.504584437530798,1.65629708252093,3.71056604001561e-05,0.0111864636936856
"CCDC13-AS1",-0.762897540110715,0.466313306086991,3.73308533574918e-05,0.0111944903663934
"FOXM1",0.238893461442002,1.26984324210903,3.79325311617197e-05,0.0113038497654458
"SORCS3-AS1",3.99557820654948,54.3572612636021,3.80965562550502e-05,0.0113038497654458
"HSPA4",0.676623557319425,1.96722428601996,3.86105168131274e-05,0.0113963690882559
"B4GALT1",0.473817373514185,1.60611364135179,3.94478264802797e-05,0.0115828680502721
"AP005435.3",5.30512312564721,201.365794181148,4.07624658910657e-05,0.0118944745616244
"MDFI",0.253615254083535,1.28867589608593,4.09310356349357e-05,0.0118944745616244
"LRIG1",-0.36482208216595,0.694320171830472,4.16267573568075e-05,0.0120346157576789
"ABCC12",-0.509296266451253,0.600918316426825,4.19557321062572e-05,0.0120678385368488
"AL592429.2",-0.619554600648276,0.538184091065231,4.24217882559801e-05,0.0121217202421419
"LINC01215",-0.343238062381274,0.709469293505036,4.26576249613723e-05,0.0121217202421419
"AC091132.2",-0.748010416239258,0.473307301101972,4.27881071410926e-05,0.0121217202421419
"LSP1P4",0.31500381732968,1.37026454169852,4.31143536882406e-05,0.0121530740176413
"VANGL1",0.50019410773598,1.64904133131536,4.34735844222961e-05,0.0121933671412506
"EIF3B",0.54382849603655,1.72258917980392,4.38745177193666e-05,0.0122037219146959
"PLEKHB1",-0.24424607038746,0.783294864875521,4.42559195735331e-05,0.0122037219146959
"SFTPB",-0.0985931217547998,0.906111310010172,4.43010010683074e-05,0.0122037219146959
"CD200R1",-0.376405384175483,0.686324051730867,4.44292954044837e-05,0.0122037219146959
"RPL32P1",-0.539432372635897,0.583079130127169,4.48617267657575e-05,0.0122037219146959
"AP001981.2",0.313053525432043,1.36759473016737,4.51503257660494e-05,0.0122037219146959
"PERP",0.347705425160483,1.41581512479261,4.54678102318692e-05,0.0122037219146959
"FLNC",0.178974452528824,1.1959901892527,4.5612462534802e-05,0.0122037219146959
"GJB3",0.155599686697389,1.16835840005247,4.56381891141512e-05,0.0122037219146959
"AC104971.3",-0.71565524068435,0.488871678214244,4.57567697674686e-05,0.0122037219146959
"ZNF589",-0.473399953815135,0.622880897760616,4.58916745763364e-05,0.0122037219146959
"AL132719.1",6.60261471552322,737.019769062209,4.62101690437332e-05,0.0122307253052089
"MTCO2P25",13.2475475832567,566678.602434755,4.68639434572156e-05,0.0122472740623946
"RNU6-256P",13.2475475832567,566678.602434755,4.68639434572156e-05,0.0122472740623946
"AL137009.1",-0.467840177811381,0.626353620865001,4.69244216949986e-05,0.0122472740623946
"OGFRP1",0.506452368112489,1.65939382184035,4.74781087984475e-05,0.012313839084095
"HLF",-0.17759939950403,0.837277770204262,4.76843861921309e-05,0.012313839084095
"AC106045.1",0.235866420328221,1.26600518631412,4.7834730371378e-05,0.012313839084095
"NKX2-1",-0.139119316311339,0.870124202254075,4.81602896210045e-05,0.0123412931257898
"AC022239.1",-0.392529453654568,0.675346454638455,4.9577549559542e-05,0.0125691669635367
"PARP11-AS1",-0.69134232115847,0.50090324457027,4.95869545958652e-05,0.0125691669635367
"LINC00857",0.394119895195634,1.48307835198481,4.97183949352329e-05,0.0125691669635367
"ERLIN1",0.522400237043286,1.68606976384698,5.06822838641004e-05,0.0127556447996541
"LINC02397",-0.473382479886924,0.622891782031803,5.09104839898781e-05,0.0127561308685039
"TSPAN32",-0.365144076302789,0.694096640795826,5.16358772142202e-05,0.0128806381142871
"ZFP3",-0.356308468848033,0.70025657957563,5.24387334313554e-05,0.0128992125358582
"TK1",0.27740030618752,1.31969454720469,5.25730292420347e-05,0.0128992125358582
"TNS4",0.135940387617844,1.14561359880362,5.25768633059497e-05,0.0128992125358582
"PKMYT1",0.285096121478051,1.32988985295633,5.26255655464626e-05,0.0128992125358582
"TBC1D27P",-0.3250452410442,0.722494666489537,5.31195975878105e-05,0.0129639412710407
"GOLM1",0.339902544412997,1.40481067724304,5.38554199946925e-05,0.0130868670587103
"CDC25C",0.289770498903909,1.33612081164475,5.44815214427164e-05,0.0131821899264145
"CDY10P",1.95172396011071,7.04081520837847,5.50960317155948e-05,0.0132453906372515
"ZNF574",0.629287106717296,1.87627252029814,5.53988324502033e-05,0.0132453906372515
"CKAP2L",0.262334676111916,1.2999615357068,5.56440042155459e-05,0.0132453906372515
"PSMD11",0.563091792660498,1.75609359281205,5.56825170467683e-05,0.0132453906372515
"KRT9",0.477853637841704,1.61260944111193,5.5937216994739e-05,0.0132500695180479
"YWHAG",0.553186372690668,1.7387846161362,5.67827683100977e-05,0.0133263942389417
"CHEK1",0.279456330229939,1.32241066216442,5.69422136670316e-05,0.0133263942389417
"KIF14",0.244200442114499,1.27660018928747,5.69685861285821e-05,0.0133263942389417
"DPYSL2",-0.321413798466243,0.725123134059749,5.73464172925264e-05,0.0133593455424937
"AC022360.1",7.89843238534574,2693.05734140491,5.75964208370551e-05,0.0133623696341968
"KIF20A",0.288943252095264,1.33501596701996,5.78644150159187e-05,0.0133695256595796
"TRBJ1-6",-0.59256974068057,0.552904636062537,5.88751550918878e-05,0.0135475336467766
"SYTL3",-0.394030927387857,0.674333200553501,5.92705584502593e-05,0.0135830772487472
"GAPDHP65",0.385115900598861,1.4697846604921,6.05850836544094e-05,0.0138281160975748
"AC006130.3",-0.698982469892015,0.497090851450564,6.2037267035869e-05,0.0141024716387667
"ZNF441",-0.506737298293938,0.602458016445164,6.27334663027521e-05,0.014106167056152
"SPC25",0.293709073742559,1.34139360027509,6.28857558639188e-05,0.014106167056152
"AL121578.1",0.795817685303249,2.21625245316176,6.29892532439837e-05,0.014106167056152
"RIC3",-0.237254497353279,0.788790517371932,6.30543865856093e-05,0.014106167056152
"BLK",-0.241314731375669,0.785594336289232,6.35987280137869e-05,0.0141717070770958
"TPX2",0.22205100038164,1.24863505710488,6.39540526449765e-05,0.0141947782358787
"AC135050.6",-0.459964445205384,0.631306091066308,6.50624727954356e-05,0.0143841645737862
"AL662844.4",-0.465509756204388,0.627814991019601,6.53485298964233e-05,0.014390971568128
"ZNF736P9Y",0.358139859756453,1.43066569904434,6.59626632640971e-05,0.0144696930123608
"AC012645.3",-0.690784929752127,0.501182521560269,6.66082825772517e-05,0.0144914985808084
"FAM207A",0.500705391968278,1.64988467572245,6.67304320610982e-05,0.0144914985808084
"ZNF10",-0.447627150804614,0.63914294354396,6.68332203599083e-05,0.0144914985808084
"AL354714.2",0.394193347635489,1.48318729170916,6.79646100603329e-05,0.0146803557730319
"ZNF831",-0.284694680478968,0.752243894006276,6.9360701861368e-05,0.0149030783301095
"RHOF",0.327187287830762,1.38706123254441,6.9687989454078e-05,0.0149030783301095
"ST6GALNAC6",-0.524041418503125,0.592122690264086,6.97887874121772e-05,0.0149030783301095
"AC104024.1",-0.608563653982654,0.544131869690606,7.04108610433729e-05,0.0149791800082309
"AC010551.1",1.0848103945127,2.95887874590346,7.08005658431093e-05,0.015005461278087
"ZNF56",-0.775132857143146,0.460642577276552,7.13737790953116e-05,0.0150603596777399
"TLNRD1",0.574305198413489,1.77589620265938,7.18851347902779e-05,0.0150603596777399
"IER5L",0.277781304556058,1.32019744446958,7.19618206736676e-05,0.0150603596777399
"AC019069.1",0.375023387635325,1.45502544382474,7.2128159376149e-05,0.0150603596777399
"GRIA1",-0.252030448628617,0.777221072392868,7.28735398780495e-05,0.0151124074922084
"FSCN1",0.228281872592474,1.25643943136343,7.29135596331892e-05,0.0151124074922084
"CTSV",0.189412796211329,1.2085397301509,7.33022844229985e-05,0.0151373244931537
"AC093648.1",-0.604461920769314,0.546368337013535,7.39744075346533e-05,0.0152203693400497
"SNX30",-0.287629452497795,0.75003946600383,7.42937866509499e-05,0.0152304964226689
"EHBP1",0.448152706444616,1.56541772677766,7.50898051819012e-05,0.0152843184136252
"MGAT5B",0.204593793636984,1.22702653773035,7.52993440061156e-05,0.0152843184136252
"RNA5SP177",10.5115165481155,36736.1494583802,7.61539394823575e-05,0.0152843184136252
"RNU6-732P",10.5115165481155,36736.1494583802,7.61539394823575e-05,0.0152843184136252
"MIR516A2",10.5115165481155,36736.1494583802,7.61539394823575e-05,0.0152843184136252
"RRM2",0.244904567353081,1.27749939223892,7.61830118175941e-05,0.0152843184136252
"SLC4A5",-0.353841502694707,0.701986221462877,7.65806214583848e-05,0.0153060928171742
"Z97989.1",-0.579567371933974,0.560140646717718,7.69520652420568e-05,0.0153060928171742
"AC037459.4",-0.643662518984584,0.525364737778173,7.71060444174376e-05,0.0153060928171742
"LRP2BP",-0.367368801633168,0.692554182826162,7.75313036913587e-05,0.015336507989137
"RHCG",0.160323276379359,1.17389030066434,7.80231948213166e-05,0.0153798448644984
"TARID",0.231357637054138,1.26030989237655,7.88555536211265e-05,0.0154368079325457
"LINC01322",0.191553978614288,1.21113020650586,7.95059693449103e-05,0.0154368079325457
"BTG2",-0.26675363445977,0.765861730163812,7.97108070562922e-05,0.0154368079325457
"AL121901.1",3.58003084560235,35.8746474051046,7.97995917796633e-05,0.0154368079325457
"SGO2",0.334156926527069,1.39676231543642,8.01889305806868e-05,0.0154368079325457
"LINC00861",-0.287604342696821,0.750058299581996,8.02957624302553e-05,0.0154368079325457
"CXCL17",-0.132854393002094,0.875592575233597,8.04007382825632e-05,0.0154368079325457
"VEGFC",0.245482354240668,1.27823772791645,8.0616405253275e-05,0.0154368079325457
"CENPU",0.288332063656761,1.33420026999339,8.07765421473849e-05,0.0154368079325457
"TRAF3IP3",-0.295807261061431,0.743930798635684,8.31106637853878e-05,0.0158139801052018
"SCML4",-0.302357152072978,0.739074055915508,8.35279237237963e-05,0.0158139801052018
"LINC00996",-0.376865840072674,0.686008102519785,8.35917069559766e-05,0.0158139801052018
"AC006369.1",-0.574293028920521,0.563102825530856,8.38727748008808e-05,0.0158140854587774
"CTBP2",0.647125371328883,1.91004226737403,8.51134553056197e-05,0.0159945205210321
"AL161781.2",-0.758984071671466,0.468141784004846,8.58130718923026e-05,0.0160724177441875
"HNRNPK",1.09256630105699,2.98191675778035,8.67534717419497e-05,0.0161785596971339
"SKA3",0.269425616934029,1.30921224538341,8.69537318758263e-05,0.0161785596971339
"CDH17",0.127949575385309,1.13649569389472,8.82490251176203e-05,0.0162972990357014
"PPP1R3G",0.295716383163417,1.34408889652777,8.82890088439325e-05,0.0162972990357014
"GRAP2",-0.317213644215068,0.728175168093939,8.84591582397586e-05,0.0162972990357014
"KRT18",0.331682606632893,1.39331055079791,8.95683444413716e-05,0.0164407598287805
"HLA-DQB1-AS1",-0.298299640291032,0.742078949678476,8.98345367785156e-05,0.0164407598287805
"GAPDHP40",0.559298340764801,1.7494445556182,9.01918453644301e-05,0.0164407598287805
"NPAS2",0.27448857226136,1.31585753670716,9.08480204433087e-05,0.0164407598287805
"ATP8A1",-0.250097858596114,0.778724574449016,9.08495699607468e-05,0.0164407598287805
"JOSD1",0.5875786069162,1.79962553458196,9.09876022878445e-05,0.0164407598287805
"AL096816.1",-0.411844905016137,0.662427007191365,9.13676518549915e-05,0.0164429715858557
"MCM4",0.299576104127532,1.34928672925844,9.17554624814859e-05,0.0164429715858557
"PLIN3",0.385033863555202,1.46966408864949,9.18785627142642e-05,0.0164429715858557
"SEC61G",0.391208261130141,1.47876645091861,9.2501368269404e-05,0.0164429715858557
"GPI",0.414546619486094,1.51368431012627,9.27053044415853e-05,0.0164429715858557
"TUBA1C",0.400524582280618,1.4926074877444,9.27498397243883e-05,0.0164429715858557
"SHCBP1",0.28769008639469,1.33334401863336,9.50785299268515e-05,0.0167677911080026
"KRT18P17",0.521306614128098,1.68422684722824,9.51769042599836e-05,0.0167677911080026
"SNAI3",-0.440676566016027,0.643600835295439,9.63020006268555e-05,0.0168634420914794
"NDC80",0.244386080147037,1.27683719683307,9.65047007804597e-05,0.0168634420914794
"HNRNPC",0.653325076456042,1.92192074970898,9.66172093718576e-05,0.0168634420914794
"GSK3A",0.582445581159174,1.79041167807185,9.73564160362858e-05,0.0168999946875241
"FAM189A2",-0.217814922250827,0.804274281166371,9.74851326667052e-05,0.0168999946875241
"ATP8A2",-0.236097325074921,0.789703812209888,9.79214796778751e-05,0.0168999946875241
"SMOX",0.257845981241457,1.29413948151748,9.80257248265287e-05,0.0168999946875241
"RAP1BP2",1.32616175402448,3.76655862881926,9.90663453443424e-05,0.0170273301375995
"AL135908.1",1.01343531627632,2.75504924240488,0.000100671125971451,0.01711194451533
"AL445644.1",3.4982134049884,33.0563408769212,0.000100841761260659,0.01711194451533
"CC2D2B",-0.595950635665122,0.551038479968012,0.000100997001218316,0.01711194451533
"LINC01800",-0.856728737080099,0.424548623380459,0.000101054774743927,0.01711194451533
"AZIN2",-0.355298708259067,0.700964028188603,0.000101076300617371,0.01711194451533
"AC068587.2",-0.568480912929464,0.566385173922527,0.000101392350162389,0.0171140572836972
"MIR99AHG",-0.318747366901322,0.727059205326531,0.000102491769945465,0.0172479881267031
"RNF103-CHMP3",0.562229023018756,1.75457914197715,0.000102837154431135,0.0172546054113383
"CCT3",0.485455718969302,1.624915344885,0.000103557997054494,0.0173156729007735
"TOGARAM2",-0.274300783156396,0.760103414569742,0.00010381540798321,0.0173156729007735
"FURIN",0.225262569839015,1.25265158153902,0.000105321851799003,0.0175151171593527
"AC087763.1",-0.634103426167216,0.530410827666027,0.000106303849847334,0.0176036798277696
"NIBAN3",-0.282099029696557,0.754198992737403,0.000106591247060809,0.0176036798277696
"ARSG",-0.545850954715922,0.579348574118943,0.000106791161151859,0.0176036798277696
"NCL",0.603124182465685,1.82782033367475,0.000107774933760108,0.0177140515033815
"PKM",0.461751324705124,1.58685064360486,0.000108428186825759,0.017746510018363
"CERS4",-0.265680863631598,0.766683765135077,0.000108887059790178,0.017746510018363
"ANKRD44",-0.317427264179805,0.728019631953613,0.000108916781367135,0.017746510018363
"AC127070.2",-0.394454881979457,0.674047374489776,0.000110714244792341,0.0179629975725094
"TRDMT1",-0.482402653672938,0.617298454226776,0.000110882701064873,0.0179629975725094
"CDH26",-0.201323359428747,0.81764799461362,0.000111241176087524,0.0179658270549429
"E2F7",0.238162238238142,1.26891504266698,0.000111537524287463,0.0179658270549429
"LINC01116",0.214928742272863,1.23977355037305,0.000111943884270535,0.017979910027452
"LINC01940",0.408816946702825,1.50503619343069,0.00011249216091845,0.0180166422270982
"AL031602.2",-0.782876034112362,0.457089514032389,0.0001149828057476,0.0183633729655147
"TGIF1",0.474967667784274,1.60796220766434,0.000115741822802036,0.0183906722270138
"ZNF493",-0.318742677458909,0.727062614836799,0.000115806170011883,0.0183906722270138
"AP2A1",0.614018470399563,1.84784199754369,0.00011666302485082,0.0184747041825557
"COL4A3",-0.17565461098149,0.838907682805871,0.000117184621187792,0.0184928237366187
"CKAP4",0.404282448665959,1.49822705943579,0.000117433498256519,0.0184928237366187
"SERPINA15P",9.09744198059131,8932.41416528433,0.000118220275928554,0.0185378188642933
"BTN2A2",-0.438152314273787,0.645227498014605,0.000118623852802939,0.0185378188642933
"RAB44",-0.432498877644028,0.648885581414652,0.000118705701185076,0.0185378188642933
"DIAPH3",0.287333969904283,1.33286927737755,0.0001201233701188,0.0186588547829078
"FAM83A-AS1",0.205109801118597,1.22765985598838,0.000120142689906974,0.0186588547829078
"AC011477.1",-0.533106440589504,0.586779340381942,0.000120688730160474,0.018671258772756
"FSCN1P1",0.775739536755524,2.17219795355337,0.000121126973675992,0.018671258772756
"RN7SL82P",5.49920748359728,244.498086717321,0.000121216132943605,0.018671258772756
"ATP1A4",-0.608135270851842,0.544365016539041,0.00012196590005771,0.0187355574431975
"ZNF512",-0.595868529568803,0.551083725443963,0.000122629479731333,0.0187662872194804
"UCK2",0.256702960048137,1.29266109773595,0.000122831701149217,0.0187662872194804
"OR10J6P",1.46664959805364,4.33468783844448,0.000123988805657491,0.0188918727236398
"TENT5C",-0.269194223216023,0.763994855699409,0.000125153398662638,0.0190179191455658
"MSANTD3",0.500936792585121,1.6502665042301,0.000126357469420781,0.019108678144023
"AL359220.1",-0.449770922889454,0.637774234367818,0.00012642856796723,0.019108678144023
"FOCAD-AS1",-0.813275867522992,0.443403154481614,0.000127584406462964,0.0192318141677969
"SLC6A17",0.20744968319713,1.23053579865514,0.000129438848927335,0.0194593187923399
"STRAP",0.427826428576254,1.53391981321412,0.000130296073383559,0.0195360942368923
"CANT1",0.473021885776457,1.60483650568493,0.00013158628720201,0.0196417665384133
"GAS6-AS1",-0.230557375909353,0.794090872009245,0.000131888792700704,0.0196417665384133
"KIF18A",0.325867998026165,1.38523250337908,0.000132062765604069,0.0196417665384133
"TACC3",0.319136981661761,1.37593979051657,0.000132420800970206,0.0196417665384133
"AC005332.4",-0.439656468335252,0.644257705994045,0.000133026165110175,0.0196417665384133
"KRT81",0.110707747168633,1.11706839274384,0.000133166093955739,0.0196417665384133
"AC079598.4",2.82126850527207,16.7981456992378,0.000133439701011287,0.0196417665384133
"FAM76A",-0.699171684258102,0.4969968036181,0.000134423832675185,0.0196966481989216
"AC026462.3",0.324722672583726,1.38364686955598,0.000134770079443736,0.0196966481989216
"OIP5",0.360514636486393,1.43406724801582,0.000134979685377236,0.0196966481989216
"AC008764.2",-0.520629737925274,0.594146273693505,0.0001352100690539,0.0196966481989216
"CTSL",0.258192419421707,1.29458789851435,0.000135968520308378,0.0197560858270751
"CDCA5",0.245137021728362,1.2777963870796,0.000137794439366388,0.0199613302717204
"ASB14",-0.680729940134213,0.506247327223313,0.000138089236660475,0.0199613302717204
"FAM72A",0.334722210354985,1.3975521057916,0.000138593538876024,0.0199829906590147
"RPL13AP17",-0.242662531881344,0.784536225067124,0.000139217360701394,0.0200213843701589
"MEAK7",0.451266713509355,1.5703000464818,0.000139829120455631,0.0200213843701589
"MAP4K4",0.388117915686456,1.47420360576995,0.000139925241979612,0.0200213843701589
"DTL",0.299468915523065,1.34914210884788,0.000141597734155331,0.020209402179091
"UNG",0.441208845547225,1.55458533666725,0.000142906829925919,0.0203447359694535
"TNFRSF13B",-0.276088572411197,0.7587457238467,0.000144184616492864,0.0204749419128506
"LINC01843",0.268726877883717,1.30829776719043,0.000145942054864094,0.0206724353894929
"AC018629.1",0.184623033195014,1.20276495219694,0.00014672346876602,0.0207310332710605
"SAE1",0.581633081757176,1.78895756046893,0.000147625531706724,0.0208063424387457
"SLAMF1",-0.285440815037193,0.751682828182074,0.000148672413845976,0.0209016359176577
"LINC01625",-0.654559508664412,0.519670922716709,0.000152154704927192,0.0213379941417298
"RAC1P2",0.381490653117601,1.46446597395618,0.000153822392366139,0.02149483319715
"CCNB2",0.243572457550163,1.27579875574405,0.000154035628842922,0.02149483319715
"RCBTB2",-0.435066172216568,0.647221837557385,0.000155035794054339,0.0215809825323639
"EIF2S1",0.566552878050511,1.76218211305593,0.000156487367772574,0.0217293887821345
"TFAP2E-AS1",-0.618427477467151,0.538791032814786,0.000157580017726042,0.0218273490892465
"AC130466.1",-0.523970789543573,0.592164512750548,0.000158654701647166,0.0219223467158349
"PTGES3",0.456901623030986,1.57917352230288,0.000159337874073259,0.0219518029657231
"LRRC66",0.19417471269173,1.21430841951678,0.000159646644244829,0.0219518029657231
"CCR2",-0.247551527984866,0.780709991361844,0.00016019892258466,0.0219734860143129
"LSP1P5",0.328896025860175,1.3894333829362,0.000160583869694496,0.0219734860143129
"TEAD4",0.34761930891569,1.41569320536044,0.000162244899623035,0.0221470180657342
"ARNTL2",0.205897046065727,1.22862670553058,0.000163868527060509,0.0223146185545006
"AL359852.1",0.896790009573515,2.45172046709176,0.000164614466383318,0.0223621811007853
"RAD51",0.284911953396438,1.32964495224549,0.00016569413354678,0.0224480877954216
"ERO1B",-0.240447829424904,0.786275664831724,0.00016668778166297,0.0224480877954216
"ELF5",-0.157672002850117,0.854129888197907,0.000166765764958298,0.0224480877954216
"PKHD1L1",-0.264887259314394,0.767292450176612,0.000166980220438556,0.0224480877954216
"RNA5SP494",-0.80887544904288,0.445358613179624,0.000167303475791153,0.0224480877954216
"SLC4A8",-0.217981020842737,0.804140703434603,0.000168021096586469,0.0224480877954216
"NLRC3",-0.335755597550654,0.71479778279835,0.000168034146616786,0.0224480877954216
"AC090192.2",0.231390409411119,1.26035119637906,0.000169423317691562,0.022530523348317
"TRAV34",-0.843430053547203,0.430232269910526,0.000169925824925558,0.022530523348317
"AC079949.5",0.344530193214276,1.41132671302371,0.000170044103008382,0.022530523348317
"SNTG2",-0.502091672846334,0.605263321891358,0.00017024980393045,0.022530523348317
"LINC01833",0.162937327373448,1.17696292401914,0.000171498994725797,0.022610347342332
"AC026355.2",-0.377571050653629,0.685524492890623,0.000172018105736057,0.022610347342332
"TMEM163",-0.167684239585945,0.845620806108807,0.000172239290644642,0.022610347342332
"LINC00494",-0.370080418949045,0.690678784741917,0.000172457239910649,0.022610347342332
"AL121935.3",-0.841090064912574,0.431240187330113,0.000173192716735563,0.0226353362576508
"AP2M1",0.569293615468349,1.76701841600107,0.000173450852549048,0.0226353362576508
"AP001120.5",0.404945261174859,1.49922043224555,0.000174770852187672,0.0227265121530654
"LINC01117",0.348983093215958,1.41762522265589,0.000174955766184731,0.0227265121530654
"TRAPPC2P8",9.82474223362396,18485.5057981708,0.000175733582422038,0.0227750722818961
"AL035458.2",0.675565700988178,1.965144345687,0.00017671150429232,0.0228069107816771
"FAM72B",0.302469715705343,1.35319669519319,0.00017678834985797,0.0228069107816771
"CDT1",0.259281445031191,1.2959985058439,0.000178500131203643,0.022903400728296
"MTHFD1",0.5193941816719,1.68100895512341,0.000179071358859708,0.022903400728296
"AC007384.1",-0.420558603684268,0.656679893533499,0.000179173777375806,0.022903400728296
"SRGAP1",0.318250122584793,1.37472006676547,0.000179308452608246,0.022903400728296
"GSTM2",-0.290505520528065,0.747885400578395,0.0001795676018502,0.022903400728296
"ACSL3",0.389088376636348,1.47563495722455,0.000184386411117163,0.023369158945367
"AC007608.3",-0.437817258081241,0.645443721704936,0.00018466360478989,0.023369158945367
"CACNA2D2",-0.134592072636196,0.874072397021721,0.000184710357629098,0.023369158945367
"KNL1",0.257025441454708,1.29307802412686,0.000184898463418645,0.023369158945367
"AC037441.1",-0.443572999173192,0.641739385579807,0.000185291862646854,0.023369158945367
"KIF23",0.236231285159093,1.26646719136188,0.000189357747125718,0.0237751911043121
"CR391992.1",-0.983441846434175,0.374021556161093,0.000189661336138681,0.0237751911043121
"PGM2",0.382977859456156,1.46664555737865,0.000190007004233727,0.0237751911043121
"SLC24A4",-0.375456052224775,0.686975910447912,0.000190701832961,0.0237751911043121
"HROB",0.280704850169786,1.3240627493621,0.000191159341369619,0.0237751911043121
"SNX22",-0.316168588265748,0.728936549659375,0.000191687849803715,0.0237751911043121
"PAN3-AS1",-0.53989214200557,0.582811109821526,0.000191874531489094,0.0237751911043121
"ADM",0.202800696996616,1.22482833195457,0.000191885056628034,0.0237751911043121
"AC023509.2",-0.646270759043178,0.523996245877237,0.000193305350914004,0.0238665124319302
"AL021368.2",-0.437221541390654,0.645828337852545,0.000193898182464192,0.0238665124319302
"ZNF791",-0.833110799501056,0.434694932073652,0.000193955464840684,0.0238665124319302
"SDCBP2",0.176711766245868,1.19328709793401,0.000194315474781041,0.0238665124319302
"TLR10",-0.237686639391746,0.788449721471252,0.000195593573396791,0.0239427780490987
"UBE2SP1",0.382871987444337,1.46649028888231,0.000195785807447043,0.0239427780490987
"AC010175.1",-0.658154664976052,0.5178059789099,0.000196654097513473,0.0239969077952804
"ERF",0.47822449088644,1.61320759313953,0.000197600864132277,0.0240069636416596
"SNW1",0.82335991048907,2.278141343952,0.000197634532902789,0.0240069636416596
"LINC02576",-0.398375420453957,0.671409919324953,0.000198014014711433,0.0240069636416596
"ALDOA",0.331979144604151,1.39372378154825,0.000198972636858419,0.0240714192607945
"ST3GAL4",0.295319683455264,1.34355580260088,0.000200263189640332,0.0241507534291443
"RAB10",0.49890322254496,1.64691398165889,0.00020048518172342,0.0241507534291443
"CA5B",-0.561705504442233,0.570235694531764,0.000202923437666916,0.0243923490872282
"ATP13A4",-0.127151942365509,0.880599862005565,0.000204556292777538,0.0244196638750641
"FAM13B",-0.481875809911187,0.617623759751593,0.000204761650405029,0.0244196638750641
"LY9",-0.279802706677237,0.755932867251645,0.00020485067130671,0.0244196638750641
"HNRNPAB",0.571596074452877,1.77109159078833,0.000204883301633768,0.0244196638750641
"AL022324.1",-0.708690704401835,0.49228832663029,0.000205657969006247,0.0244602819845911
"SLC16A3",0.282692354386628,1.32669694653168,0.000206348684184113,0.024490765093818
"AP003032.1",-0.646375056617527,0.523941597189736,0.000206974472376148,0.0245134303669701
"ADPRHL1",0.251902752905067,1.28647092564133,0.00020819832237884,0.0245485303023828
"GRWD1",0.598727539140845,1.81980170005867,0.000208323567218799,0.0245485303023828
"CASP12",-0.563204377601585,0.569381623786482,0.000208577160757084,0.0245485303023828
"OR52N4",-0.57099888005823,0.564960828652203,0.000210278222831141,0.0246286450226636
"AL354861.3",-0.568328871936959,0.566471294233253,0.000210337466648794,0.0246286450226636
"MTND4LP2",4.98828761883144,146.685027635323,0.000210568449356532,0.0246286450226636
"AC013726.1",-0.580472479012806,0.559633888822907,0.000211525489315845,0.0246465992697468
"CNR2",-0.284259629476174,0.7525712296654,0.000212533123003381,0.0246465992697468
"AC023141.5",2.97266708426742,19.5439755761127,0.000212811838406963,0.0246465992697468
"AC027097.2",-0.567085918661289,0.567175829345401,0.000213002120355775,0.0246465992697468
"PTCSC3",-0.228807303090875,0.795481805622297,0.000213146540823671,0.0246465992697468
"PNPLA7",-0.241951742732265,0.785094063132097,0.000213345048311985,0.0246465992697468
"LINC01910",0.502461583239716,1.65278473457249,0.000213815013208573,0.0246503787007086
"CDCA2",0.253687126164728,1.28876851923304,0.000215573709649312,0.0248024152146726
"LINC00240",-0.390144723192894,0.676958895755586,0.000216963922527706,0.0248829163669725
"PNMA2",-0.18462821848032,0.831413330511147,0.000218400637929822,0.0248829163669725
"ACSM5",-0.316073633495408,0.72900576894834,0.00021852168856824,0.0248829163669725
"CALM3",0.569659047438946,1.76766425902157,0.000218935859837202,0.0248829163669725
"PRR15",0.145873008968771,1.15704924384404,0.000219239832514849,0.0248829163669725
"CHRNA6",-0.540082025463293,0.582700454138969,0.000219659146648387,0.0248829163669725
"DEPDC1B",0.22694480964557,1.25476061534617,0.000219952236292184,0.0248829163669725
"MCM5",0.403372408900188,1.49686423344053,0.000219955047217785,0.0248829163669725
"EVX1",0.316208082665499,1.37191569780247,0.000220245765345524,0.0248829163669725
"CEP55",0.230888013427846,1.25971816003126,0.000221175923519973,0.0248865875094033
"CDK1",0.231508165856852,1.26049961959504,0.000222869596446339,0.0248865875094033
"FUT4",0.367486141463614,1.44409978528145,0.000223270389284658,0.0248865875094033
"LINC00639",-0.489474207013264,0.612948593543626,0.000223362555898856,0.0248865875094033
"AL078590.2",-0.449020407238861,0.638253073577939,0.000223442235037999,0.0248865875094033
"FO393419.3",-0.697942612759764,0.497608023763878,0.000223537987383778,0.0248865875094033
"ZNF709",-0.744137545013453,0.475143913515426,0.00022370409451787,0.0248865875094033
"AC079848.1",-0.46820351477262,0.626126084782373,0.000224247434340633,0.0248865875094033
"AC092384.1",-0.800003526972679,0.449327379349036,0.000224417153114332,0.0248865875094033
"TRIP10",0.480980289414522,1.61765939957359,0.000224996789768095,0.0248865875094033
"KLRG1",-0.388695095117621,0.677940946008513,0.00022518470449783,0.0248865875094033
"KCNA2",-0.333543543422254,0.716380704293313,0.000226183624704992,0.0248865875094033
"PSMB5",0.435050630011317,1.54504128242871,0.000226493912918678,0.0248865875094033
"MRPL15",0.362466205112314,1.43686866135056,0.000226747524463891,0.0248865875094033
"ZC3H15",0.604377528590852,1.83011266144745,0.000226899850642708,0.0248865875094033
"IL16",-0.272711917591272,0.761312076657599,0.000227977548440927,0.0249460173033162
"AL161431.1",0.122568134697374,1.13039613664891,0.000228330814607039,0.0249460173033162
"CASC8",0.211124599834243,1.23506623452262,0.000228769173865022,0.0249460173033162
"INMT-MINDY4",-1.77608051202545,0.169300419495039,0.000229921924227887,0.0249772967114365
"NAPSA",-0.104249691058668,0.901000297613982,0.000229942120640619,0.0249772967114365
"AC006115.2",-0.674651113530295,0.509334089384976,0.000231462999463364,0.0250941501110512
"DNAJC27",-0.566518222937394,0.567497904049983,0.000232499092786438,0.0251580976102269
"KIF11",0.261468733783477,1.29883633123909,0.000233809104222924,0.0252513832560758
"AC109642.1",-0.804797943933656,0.447178272514274,0.000234600035876631,0.0252883587429846
"KLRB1",-0.279164932748159,0.756415135299158,0.000236245069373547,0.0254170840286318
"STX16-NPEPL1",-0.337816511378529,0.713326163125189,0.000237196512110793,0.0254263401196479
"MIR487A",6.72327578463258,831.536990931447,0.000237233129397879,0.0254263401196479
"LY6K",0.133942100448048,1.14332661962918,0.000238585847696772,0.0255228002841617
"LINC00370",0.493947774977936,1.63877297360418,0.000239624827951367,0.0255664202142242
"AL078645.1",-0.785045190226867,0.456099090098564,0.000239967056740006,0.0255664202142242
"RNU6ATAC24P",-0.754041322812094,0.470461419238426,0.000240354099502249,0.0255664202142242
"GMPS",0.466043973798366,1.59367707784215,0.000241815302926805,0.0256024446335649
"PPP1R13B",-0.336427968582243,0.714317335013439,0.000241964187496699,0.0256024446335649
"INAFM2",-0.414870219658049,0.660425985453692,0.000242055182873742,0.0256024446335649
"HSF2BP",0.389981570126664,1.47695357356453,0.000242568125585918,0.0256086528989358
"AL353597.3",-0.576231435838803,0.562012360342221,0.000243109172507288,0.025617799456581
"P2RX1",-0.284989685406753,0.752022011080535,0.000248405647486487,0.0261270835498101
"AC126768.3",5.46874968679833,237.163478678708,0.000251465572667092,0.0262776491251177
"AC073862.2",-0.519394132653806,0.594880857695778,0.00025210682029272,0.0262776491251177
"AC004687.1",-0.247291051829322,0.780913374186027,0.000252142386649494,0.0262776491251177
"RNU6-1072P",11.0814077892302,64952.2581644434,0.000252167734083452,0.0262776491251177
"AC107304.1",11.0814077892302,64952.2581644434,0.000252167734083452,0.0262776491251177
"PGAM1",0.461183752896813,1.58595024745945,0.000254783496133369,0.0264710740807587
"ITGB1",0.354260284343329,1.42512607621431,0.000255185868499705,0.0264710740807587
"ZBTB18",-0.278908926674991,0.756608806957134,0.000255432529798722,0.0264710740807587
"ZNF266",-0.444931292515451,0.640868306968973,0.000257626926847021,0.0266170337086938
"NCAPH",0.231037201848299,1.25990610941335,0.000258453534998109,0.0266170337086938
"LINC00683",-0.313719187432453,0.730724195888854,0.000258602217963499,0.0266170337086938
"POLR3KP1",1.23299355849588,3.4314865318327,0.000258729503199308,0.0266170337086938
"SEPTIN2",0.656369101879309,1.92778003872057,0.000259933880414414,0.0266922266707523
"BIRC5",0.20750998858008,1.23061000882532,0.00026246458880694,0.0268661523874123
"AKT1S1",0.497347496932645,1.6443538273615,0.000263537352320184,0.0268661523874123
"CD302",-0.255905053543672,0.77421547431837,0.000263740032336015,0.0268661523874123
"AC084026.3",0.435691848345317,1.54603230892401,0.000264645362361602,0.0268661523874123
"IFITM3P6",-0.540030299004458,0.58273059594958,0.000264664839546484,0.0268661523874123
"DNALI1",-0.184174453322636,0.83179068252029,0.000264883602591655,0.0268661523874123
"RNU7-176P",7.22769827694522,1377.04926748556,0.000264963472530886,0.0268661523874123
"YKT6",0.502558184187101,1.6529444028556,0.0002663516431728,0.0269584205305382
"KCNV1",0.219429407652176,1.24536593154764,0.000267204634012174,0.0269704445337723
"IRX2",-0.127277195274824,0.880489571218172,0.000267427247310535,0.0269704445337723
"ABCA3",-0.16129157654742,0.851043890487794,0.000268806440739333,0.0270157457647339
"RACGAP1",0.285450756915843,1.33036156266409,0.000268834847701428,0.0270157457647339
"PGAM4",0.538787643447628,1.71392771061275,0.000269974716311061,0.0270169139097
"DNAJC9",0.45635632223283,1.57831263246403,0.000270228834433943,0.0270169139097
"CD109",0.187211449972585,1.20588224186065,0.00027028415363046,0.0270169139097
"HEMK1",-0.46126240573183,0.630487212231165,0.000272373272552906,0.0270676196484954
"NCAPD2",0.330268740394592,1.39134198802082,0.00027270544044362,0.0270676196484954
"AC022167.3",-0.765760828574112,0.464980026270602,0.000272990839259791,0.0270676196484954
"KYNU",0.158427512358199,1.17166698976982,0.00027299109095116,0.0270676196484954
"SMIM17",-0.547851529792386,0.578190702391814,0.000273268250558996,0.0270676196484954
"AC105020.5",-0.75450665458534,0.470242549519435,0.000273742423699153,0.0270676196484954
"ANGPTL4",0.156400373559816,1.16929426389094,0.000274784026795271,0.0270676196484954
"Z83847.1",-0.886673042524512,0.412024262202895,0.000275402096005675,0.0270676196484954
"PRR11",0.246148755935596,1.27908983159499,0.000275560987504002,0.0270676196484954
"ZRANB2-AS2",-0.516930883288569,0.596348003822434,0.000275592693313402,0.0270676196484954
"PBK",0.206728132183442,1.22964822455574,0.000276591137639262,0.0271099115715356
"AL627443.1",1.07595844217424,2.93280247549227,0.000276985047985038,0.0271099115715356
"AC123595.2",-0.453107203663735,0.635649985966291,0.000277942628448557,0.0271562637672027
"LOXL2",0.207908270191572,1.23110023578047,0.00027842814204624,0.0271562637672027
"CARHSP1",0.453663183158647,1.57406773565668,0.000278903730687001,0.0271562637672027
"CACNB1",-0.263429229621372,0.768412001323275,0.000280027371305101,0.0271966315123933
"C11orf16",-0.208758388169688,0.811591302016425,0.000280379697015376,0.0271966315123933
"LINC02325",-0.498023477489606,0.607730666744589,0.000280765565847397,0.0271966315123933
"AC010615.1",-0.420079034918299,0.656994892225408,0.000281392763992641,0.0272106320117481
"AC024075.2",-0.410535085515603,0.663295235490113,0.000282469410088149,0.0272347216618221
"IVD",-0.353279141200792,0.702381102505627,0.00028277914825025,0.0272347216618221
"ACAP1",-0.281448117051781,0.754690070205381,0.000283091153927695,0.0272347216618221
"HNRNPF",0.61498602163691,1.84963074456749,0.000284644984055934,0.0273375564244248
"HSPD1",0.407360552531408,1.50284586287029,0.00028545704627986,0.0273539529224083
"AC139453.1",-0.749285582603633,0.472704140198572,0.000285786119471025,0.0273539529224083
"RPS6KL1",-0.298942355701192,0.741602157339266,0.000286575628837979,0.0273830299175761
"TTC16",-0.3291274527641,0.719551302100193,0.00028724746945637,0.0274007839899701
"AL133445.2",-0.828438523244818,0.436730699012827,0.000288829502147861,0.0274391639840056
"LINC01600",0.482821536726117,1.62064065436557,0.000290299024094688,0.0274391639840056
"LINC01066",3.41951838563623,30.5546958964394,0.000291024133348077,0.0274391639840056
"IRX3",-0.179606450542109,0.835598996242468,0.000291055567981351,0.0274391639840056
"ZNF682",-0.234732224817494,0.790782573228177,0.000291139303670257,0.0274391639840056
"CDCA3",0.226051252398298,1.25363991568396,0.000291380503027149,0.0274391639840056
"RAC1",0.510188226587355,1.66560467652632,0.000291539748067903,0.0274391639840056
"CFL1",0.555205925328463,1.74229973147978,0.000291915539351512,0.0274391639840056
"AC012668.3",-0.590742569528971,0.553915810976631,0.000292030268029008,0.0274391639840056
"RTL5",-0.269144514338087,0.764032833970355,0.00029331040603396,0.0274404060232025
"GAPDHP72",0.482206330428581,1.61964393265513,0.000293500775930648,0.0274404060232025
"SHISA2",-0.161886321108431,0.850537887248998,0.000293503704271164,0.0274404060232025
"AC092574.1",-0.697449428082509,0.497853496943308,0.000294166975144813,0.0274568830972913
"LINC00426",-0.332477444883756,0.717144843966889,0.000294985727494679,0.0274877940053554
"KRT18P14",0.846004395715174,2.33031720014997,0.000296377780945739,0.0275719369283778
"ZDHHC11B",-0.163043435743023,0.849554286591491,0.000297038450342238,0.0275878742611104
"GNMT",-0.417090457760735,0.658961309083598,0.000298936555038542,0.0277184987283764
"TLE1P1",0.563879370032165,1.7574771971645,0.000301179866058111,0.0278806504579508
"ASPM",0.206938953265523,1.22990748765313,0.000302769664068072,0.0279818730844289
"CACYBP",0.418307729641432,1.51938816324313,0.000303645218306448,0.0280059597794097
"AC092078.3",-0.519510873160647,0.594811415056404,0.000304897332133945,0.0280059597794097
"DRP2",0.236459597160024,1.26675637403113,0.00030508273602063,0.0280059597794097
"ZNF185",0.321261310812882,1.37886584637624,0.00030587825369048,0.0280059597794097
"GPR174",-0.243226282597781,0.784094066853387,0.000305893939134054,0.0280059597794097
"USP5",0.51730611223259,1.67750255377576,0.000306032423432652,0.0280059597794097
"AC023158.1",0.641998603068632,1.90027498199964,0.000306507683835245,0.0280059597794097
"LRP10",0.450985632239548,1.56985872657704,0.000307165071296482,0.0280064746724243
"FAM131C",0.290742017562486,1.33741950869544,0.000307844948529887,0.0280064746724243
"TSPOAP1-AS1",-0.403202299480171,0.668176913807716,0.000308003659303658,0.0280064746724243
"AC087501.4",-0.630053313494943,0.532563407433495,0.000309557198894374,0.0281024100561501
"LAMC2",0.176365935806399,1.19287449428208,0.000310791755311554,0.0281376604318236
"MZT2A",0.365230964529913,1.44084675421473,0.000310943707411418,0.0281376604318236
"AC105942.1",-0.351144449972032,0.703882070766302,0.000312948208189594,0.0282612931606329
"SLC16A1",0.177677281836583,1.19443979161358,0.000313312548343188,0.0282612931606329
"PCLAF",0.257533106786272,1.29373464166759,0.000314398091222376,0.0282983921915242
"CCT4",0.426899334359802,1.53249838402799,0.000314727754790792,0.0282983921915242
"SMARCAL1",0.868538192205893,2.38342419766599,0.000315514929397064,0.02832399627339
"AL449214.1",-1.048115251567,0.350597915663954,0.000318332669519726,0.0285315144305947
"RBBP7",0.604013347635389,1.82944629061695,0.000319713940382037,0.0286098303221869
"F2RL1",0.231425336822405,1.26039521795243,0.000324985670718594,0.0290354868025855
"AL139095.3",0.362892133342083,1.43748079462907,0.000326667689518358,0.0290820337790033
"PPM1G",0.567363349737846,1.76361089068019,0.000326712494279989,0.0290820337790033
"ANP32B",0.542051549511212,1.71953094890738,0.00032715199985048,0.0290820337790033
"GTSE1",0.231061409991205,1.25993660976968,0.000327570090990264,0.0290820337790033
"PLEC",0.304384822943044,1.35579069507934,0.000329220266985261,0.0291484329578312
"AC104119.1",3.87520650014933,48.1926490528724,0.000329352061056806,0.0291484329578312
"LINC02390",-0.727257143981438,0.483232611485697,0.000330681592651041,0.0291835670490007
"ZNF25",-0.452808179492223,0.635840089098016,0.000330784364699721,0.0291835670490007
"UBE2MP1",0.579698441484403,1.7854999168529,0.000331941166970707,0.0291903952479745
"FAM30A",-0.191076350361077,0.826069515037649,0.000332075949079475,0.0291903952479745
"DNAJB4",0.311113939616696,1.36494473360624,0.000332415101270038,0.0291903952479745
"LRRC8A",0.396617492469911,1.48678711400329,0.000333519761640447,0.0292063190993586
"AC098935.2",-0.588298408599299,0.555271326234051,0.000333632565275772,0.0292063190993586
"MUSK",-0.301325117417695,0.739837199681705,0.000334660111718151,0.0292449216356166
"LMNB2",0.339149752783603,1.40375354547422,0.000335817409865716,0.0292449216356166
"CBX7",-0.335771017482356,0.714786760750338,0.000338683469966739,0.0292449216356166
"CD5",-0.241751568753325,0.785251234264817,0.000339046931095046,0.0292449216356166
"KRT18P10",0.457446546625025,1.58003428571811,0.0003391957318342,0.0292449216356166
"AL353152.1",-0.695437701288286,0.498856050256272,0.000340451976367638,0.0292449216356166
"TPM3",0.578704665494042,1.78372641128433,0.000341162529524368,0.0292449216356166
"AC114786.4",5.43359485887269,228.970885718828,0.00034176333493203,0.0292449216356166
"KNOP1",0.551712153793823,1.73622315553826,0.000341975518943072,0.0292449216356166
"LINC01480",-0.34239633768548,0.710066722730481,0.000343483776059687,0.0292449216356166
"UBE2S",0.250404772075845,1.28454525952293,0.000344277074582281,0.0292449216356166
"GJB2",0.153158157588079,1.16550929850612,0.00034461826766523,0.0292449216356166
"VASP",0.44874719079802,1.56634861979602,0.000344977249594189,0.0292449216356166
"FCRL2",-0.198645963757768,0.819840095065417,0.000344991527045377,0.0292449216356166
"AC139453.2",-0.557090990374582,0.572873135740758,0.000345214457030979,0.0292449216356166
"NEDD1",0.529423803531641,1.69795367179296,0.000345310139958745,0.0292449216356166
"GIMAP5",-0.296247882557525,0.743603078939672,0.000346783267640993,0.0292449216356166
"ZNF136",-0.535456865742064,0.585401779022935,0.000347038413165203,0.0292449216356166
"LINC00926",-0.260075818533923,0.770993128018872,0.000347059889898423,0.0292449216356166
"RNU6-646P",-1.58930286035608,0.204067825928381,0.000347667630643639,0.0292449216356166
"AC092329.4",-0.405193352490006,0.666847861698041,0.000348745291430584,0.0292449216356166
"STARD9",-0.286763176269407,0.750689488872612,0.00034907879481863,0.0292449216356166
"AL135960.1",-0.571434392230222,0.564714834905149,0.00034949931965939,0.0292449216356166
"MIR655",8.87516447455631,7152.12271294431,0.000349920602874875,0.0292449216356166
"PRY",8.87516447455631,7152.12271294431,0.000349920602874875,0.0292449216356166
"AL022161.1",8.87516447455631,7152.12271294431,0.000349920602874875,0.0292449216356166
"MIR5692A2",8.87516447455631,7152.12271294431,0.000349920602874875,0.0292449216356166
"SNORD115-11",6.29779304503412,543.371389679153,0.000349920602874876,0.0292449216356166
"MIR211",6.29779304503412,543.371389679153,0.000349920602874876,0.0292449216356166
"EPN1",0.509541307815682,1.66452751405077,0.000350053673282084,0.0292449216356166
"AC008957.1",-0.324332085987455,0.723010100984928,0.000350154713070122,0.0292449216356166
"AL138899.2",-0.671062601537036,0.511165124253687,0.000351164304867916,0.0292858562888072
"BZW2",0.387900459790581,1.47388306635701,0.000351763332017542,0.0292924809539452
"ATF7IP2",-0.343976849546323,0.708945340265794,0.000352872060447243,0.0293414679642681
"AC021678.2",-0.816500803077263,0.441975511150035,0.000353944507575636,0.0293633485780897
"ATG16L2",-0.272617279432807,0.761384129239959,0.000354176902105524,0.0293633485780897
"ECHDC2",-0.335067145013047,0.715290056579916,0.000358137115707526,0.0296480734730213
"LINC02812",-0.5890634108107,0.5548467048804,0.000359267729140195,0.0296895210555
"CHEK2P4",3.84996601208406,46.9914660624386,0.000359691054365448,0.0296895210555
"IL22RA1",0.176884173391463,1.19349284689223,0.000363092763781993,0.0299264877938211
"GHRL",-0.476579518502443,0.620903552867548,0.000365418067019969,0.0300613112254829
"COPS5P2",-1.17656057509712,0.308337420331302,0.00036579501030015,0.0300613112254829
"FANCI",0.294925890774038,1.34302682431972,0.000369002733806688,0.0302807832912458
"GUCA2B",0.189944211902737,1.20918213780483,0.000373175530410218,0.0305786972418698
"LINC01374",-0.622147229933524,0.536790586430906,0.000373969392110387,0.0305992720603994
"PRCD",-0.584170552309935,0.557568143675184,0.000374815100411865,0.0306240233345208
"ZNF80",-0.475446375267702,0.621607524302816,0.000376924490999959,0.0307078806544133
"ATP5MC1P4",0.438810408584037,1.5508612295367,0.000377069193083019,0.0307078806544133
"TICRR",0.241736374165257,1.27345843201838,0.00037747554444282,0.0307078806544133
"AL133399.1",2.94555971468661,19.0213059117991,0.000378084454838995,0.0307103525498284
"AC060234.2",-0.567299715329657,0.567054582004308,0.00037906865491628,0.0307103525498284
"RIPK2",0.356636150935985,1.42851601107099,0.000379140154936153,0.0307103525498284
"XCR1",-0.257786959941152,0.772759843374416,0.000381101420535249,0.0307651574354166
"TYMS",0.327935378357264,1.38809926813604,0.000381348335109242,0.0307651574354166
"NXNL2",0.326932346625473,1.38670765855418,0.0003814538996622,0.0307651574354166
"ADPGK-AS1",-0.637617905962992,0.528549981397404,0.000383040981187209,0.0307890211139928
"CHAF1B",0.322753369474144,1.38092473071118,0.000383168174930042,0.0307890211139928
"DENR",0.574846793251496,1.77685827937995,0.000383632188318159,0.0307890211139928
"LINC01781",-0.321810041715286,0.72483586583096,0.000384377269796958,0.0307890211139928
"AL365259.1",-0.72081614616901,0.486355157038437,0.000385616517837779,0.0307890211139928
"ANKRD55",-0.491927425480812,0.611446739675325,0.000385967029669559,0.0307890211139928
"SIGLEC6",-0.254513957863501,0.775293231578147,0.000386375525164275,0.0307890211139928
"MIR184",5.78905895222738,326.705434248965,0.000387285378853271,0.0307890211139928
"SYNE1",-0.236310417600928,0.789535550158077,0.000387948158370896,0.0307890211139928
"TMPRSS2",-0.154530036463481,0.856817755980349,0.000388061296574785,0.0307890211139928
"CDC20",0.203406624714895,1.22557071428334,0.000388912430847744,0.0307890211139928
"ASB2",-0.300236615486449,0.740642952354479,0.000389194867418321,0.0307890211139928
"RPE",0.511315237781008,1.66748288982587,0.000389314500912574,0.0307890211139928
"PVR",0.353575001306889,1.42414979604182,0.000389690490158224,0.0307890211139928
"IGFBP1",0.158253092994937,1.17146264618077,0.000390111716668859,0.0307890211139928
"PTTG1",0.25558305571693,1.29121425128983,0.000390743175746005,0.0307890211139928
"MKI67",0.214338542819287,1.23904205258709,0.000391034112346014,0.0307890211139928
"AC012181.1",-0.549300452023483,0.57735355565602,0.00039414918976749,0.0309910107703376
"FRRS1",0.345055691142088,1.41206855718859,0.000395529963800278,0.0310223746385015
"CKMT2",-0.360230589556234,0.697515467743446,0.000395682823871796,0.0310223746385015
"MELK",0.207097722280365,1.23010277435562,0.000396198909814833,0.0310223746385015
"ATOH1",0.31912835557202,1.37592792158765,0.000397683657947,0.0310954423029404
"IKZF4",-0.392336045984915,0.675477084454453,0.000398430919732964,0.0311107223419191
"RAET1L",0.251664653180744,1.28616465373166,0.00039937791607313,0.0311415344350467
"HNRNPM",0.732224252005863,2.07970124670591,0.0004005385793841,0.0311765390074578
"CENPM",0.264540262891639,1.30283187791493,0.000401847354453312,0.0311765390074578
"AC012615.1",-0.492310836460572,0.611212349218604,0.000402533109204014,0.0311765390074578
"DTYMK",0.348805885828165,1.41737403125045,0.000402944442195901,0.0311765390074578
"PTPRH",0.147930269342186,1.15943204558489,0.000403406415785427,0.0311765390074578
"HMCN2",-0.225634051948587,0.798010078471469,0.000403869462478853,0.0311765390074578
"PIMREG",0.209294338985283,1.23280780853248,0.000404187536433551,0.0311765390074578
"AC112777.1",0.340409870552332,1.40552355523595,0.000404250922634661,0.0311765390074578
"AC012368.1",-0.329583238560659,0.719223415565488,0.000406263556074901,0.0312889538760637
"AC025279.1",-0.676826347518661,0.508227372682589,0.000407233228746587,0.0313208465263541
"RAB35",0.673682916443201,1.96144788319748,0.000408725959484071,0.0313673189919365
"LINC02273",-0.409287691907969,0.664123141982119,0.000408950252928079,0.0313673189919365
"AL158800.1",0.893305473322153,2.44319222535887,0.000410896640161564,0.0314737893828102
"NEIL1",-0.246054540611376,0.781879579572244,0.000412166635537296,0.0315273413113572
"AL596223.1",0.298910226145287,1.34838856799978,0.000412823004316887,0.0315273413113572
"COL6A5",-0.202066376023561,0.817040694229977,0.000413273471496611,0.0315273413113572
"PFKP",0.246074473522342,1.27899482124437,0.000414270192919911,0.0315606708054769
"CAV3",-0.559386194578572,0.571559782694527,0.000418901396805946,0.0318379718127095
"UGDH-AS1",-0.535481584339058,0.585387308891121,0.00041940606249411,0.0318379718127095
"EIF4G1",0.493813992918016,1.63855374984446,0.000420401742391433,0.0318379718127095
"CENPN",0.320601345594384,1.37795614309594,0.000420579223030503,0.0318379718127095
"C3orf18",-0.40402711216274,0.66762602023824,0.000420733805173631,0.0318379718127095
"FOSL1",0.156331936751531,1.16921424386176,0.000423750383834214,0.0319817270150558
"CDCA4",0.32415871389911,1.38286676988012,0.000423768094228868,0.0319817270150558
"RMDN2",-0.303873542089859,0.737954180693775,0.00042526888312322,0.0320520836296185
"GAB3",-0.303363801536708,0.738330441755656,0.000426209730205551,0.0320786010490024
"AC009570.2",-0.511903787704727,0.599353450242706,0.000426758741073361,0.0320786010490024
"SMILR",0.462609077126251,1.58821235250744,0.000431017989655958,0.032355619420565
"MIR4470",1.02108406120279,2.77620270691825,0.000431718973823585,0.0323651447716468
"AC091133.3",0.493212338406633,1.63756820309777,0.000434106047782128,0.0325008798801663
"AP001021.1",-0.486214589766189,0.614949831213177,0.000434965101270643,0.0325220060334665
"TFAP2A",0.165123850648027,1.17953919635914,0.000436159209988635,0.032568094863999
"AMPD1",-0.279947480249502,0.755823436071623,0.000438619419536168,0.0327002850713562
"FAM122C",-0.61310866031351,0.541664398481736,0.000439089609036056,0.0327002850713562
"SLC2A11",-0.403731995968515,0.667823076564325,0.000440299002988412,0.0327470931299138
"MAD2L1",0.227820813323639,1.25586027184156,0.000442655783817407,0.0328466768883577
"AL132642.1",-0.593529220044046,0.552374389895072,0.000442803221852417,0.0328466768883577
"ANP32A",0.574345604382877,1.7759679609167,0.000444699156681786,0.0329439680119479
"CISH",-0.25343249785347,0.776132133741957,0.000446296258898227,0.0329974185101647
"FGD3",-0.304695529058265,0.737347841209681,0.000446655574998845,0.0329974185101647
"BTBD6P1",-0.696856689503775,0.498148681392467,0.00044758225247208,0.0329974185101647
"TRBJ1-5",-0.548808118542516,0.577637876126326,0.000448018476085479,0.0329974185101647
"LRRC3B",-0.498050841151152,0.607714037235836,0.000448347214750713,0.0329974185101647
"AC012354.4",0.655733795599435,1.92655569691295,0.000450492572467409,0.0330842341751785
"KCTD7",-0.479893177478578,0.618849495338878,0.000450700508133552,0.0330842341751785
"AL031674.1",0.590814385955477,1.80545815661427,0.000451549747050008,0.0330967777744233
"ADRB2",-0.233152738518994,0.792032590400305,0.00045204553154367,0.0330967777744233
"HMGA1P3",0.589809638716602,1.80364503853173,0.000453813627813356,0.0331553094814841
"Z97832.1",-1.09889367417133,0.333239551360656,0.000454021195538983,0.0331553094814841
"PAX5",-0.17368654745843,0.840560332141623,0.000454968214133799,0.0331814851746534
"AL109811.2",-0.444361747922834,0.641233414010288,0.000455614066427139,0.0331856571174372
"SGO1",0.2560845573091,1.29186195969251,0.000456805441008406,0.0332144192549659
"MAFK",0.253460661229212,1.28847669139907,0.000457187266600212,0.0332144192549659
"CDCP1",0.245385171494694,1.2781135113,0.000458878492542804,0.033275824334771
"UBE2V2",0.446486113661554,1.56281098568304,0.000459212986598053,0.033275824334771
"FCRL6",-0.29921186623169,0.741402314679484,0.000460960312396895,0.0333595617094831
"PEF1-AS1",-0.527419088560337,0.590126069045069,0.000463298558105931,0.0334857942458718
"KCMF1",0.54488646823491,1.72441259565691,0.000464508346142723,0.0335302465072242
"SLC52A3",0.258968888252947,1.29559349602388,0.000466671218691581,0.0336037467610485
"AC105272.1",5.87787334025906,357.049111754943,0.000466718705014563,0.0336037467610485
"AC008467.1",-0.489305070743294,0.61305227415025,0.000469058400182691,0.0337268541095478
"SH3BP5-AS1",-0.255991465667441,0.77414857560545,0.000470191883765273,0.0337268541095478
"AC106738.1",-0.4514647461274,0.636694871931731,0.00047022327462226,0.0337268541095478
"AL590229.1",8.12706975778213,3384.86654032604,0.00047174275580126,0.0337928457446656
"KHDRBS1",0.88735068331048,2.42868676006169,0.000472342376009723,0.0337928601394976
"AF064863.1",1.5290132934512,4.61362228435144,0.000475618954814047,0.033973202843417
"RPS3AP28",-1.20425073213642,0.299916633242362,0.00047614938093746,0.033973202843417
"CD19",-0.195830513170647,0.822151566732672,0.000477088861311411,0.033973202843417
"GAPDHP60",0.473151689561802,1.60504483305877,0.000477463332728878,0.033973202843417
"ATIC",0.509611685708375,1.66464466411188,0.000477876221350037,0.033973202843417
"PCBP1-AS1",-0.502028165804111,0.60530176159528,0.000479153005280619,0.0340085916716105
"AC079949.2",0.17975620395047,1.19692552183457,0.000479580501967687,0.0340085916716105
"TMEM243",-0.35998684504847,0.697685504029652,0.00048147642434033,0.034100144344988
"PPP2R1A",0.618532731501471,1.85620249533276,0.000482506619925886,0.0341302298681829
"FCRL3",-0.215933961135468,0.805788513474927,0.000483702438188953,0.0341392194724912
"CLIC6",-0.127667146967187,0.880146289755711,0.000483844833945659,0.0341392194724912
"CLUHP3",-0.258165238099679,0.7724675804857,0.000487006198276601,0.0343193267925521
"TOMM40",0.342577715522756,1.40857381745922,0.000490722130575599,0.034473676616665
"UHRF1",0.240140489361327,1.2714277598487,0.000490922280964017,0.034473676616665
"DDX56",0.542424040990127,1.72017157884076,0.000491611843653143,0.034473676616665
"DNAAF5",0.476616077486934,1.61061497399115,0.000492849627838858,0.034473676616665
"ALG3",0.404582981715634,1.49867739384987,0.000492876643164364,0.034473676616665
"AC127526.4",-0.703330628268581,0.494934114016908,0.000493433863062147,0.034473676616665
"H2AZ1",0.347834697254814,1.41599816200953,0.000494326336899551,0.034473676616665
"NEIL3",0.181310673088536,1.19878755247847,0.000494843198650838,0.034473676616665
"BUB1B",0.219699902282484,1.24570284190906,0.000495691194475476,0.034473676616665
"SERBP1",0.634667827216093,1.88639542815503,0.000496069333650876,0.034473676616665
"ST3GAL5-AS1",-0.366934784812421,0.692854828228649,0.00049631728144267,0.034473676616665
"AP000695.2",0.32325045438442,1.38161133819402,0.000496534436865545,0.034473676616665
"AL358292.1",5.01971943725176,151.368829381193,0.000498415925770946,0.0344966345961417
"RBM22P1",3.53720758636198,34.3708075498302,0.000498496458763534,0.0344966345961417
"MBL1P",-0.292941428175063,0.746065837855144,0.000498700815876534,0.0344966345961417
"L3MBTL2-AS1",-0.520822665758589,0.594031657396941,0.000500573553885219,0.0345837434728347
"PLA2G3",-0.189274253591073,0.827559514400779,0.000502358063131028,0.0346344939580041
"SH3GL1",0.506948374585499,1.66021709607506,0.000502712934232677,0.0346344939580041
"AC119424.1",-0.78169928785609,0.457627709004162,0.000503151173400123,0.0346344939580041
"A2MP1",-0.538671530156743,0.583522930307684,0.000505963607767458,0.0347837185862115
"SEMA4B",0.275724255785903,1.31748452520033,0.000506566291038368,0.0347837185862115
"LASP1",0.504663010171578,1.65642722726946,0.000507170013443058,0.0347837185862115
"METTL5",0.488649095319655,1.63011260510597,0.000509409831345516,0.034894882930662
"CDH24",0.262957206428192,1.3007710531212,0.000510050506906452,0.0348955213696403
"ADAMTS9-AS2",-0.316276580575091,0.728857834368413,0.000510657108165767,0.0348955213696403
"TRG-AS1",-0.308862402392251,0.734281798494352,0.000511425664692651,0.0349057303543739
"CYP4Z2P",-0.243089058865175,0.784201670550676,0.000515114245298246,0.0351149706081426
"MOCS1",-0.325483673233833,0.722177971000731,0.000516726457697935,0.0351823318589116
"GPRIN1",0.252457365694954,1.28718461676333,0.000518147340062903,0.0352365192320702
"CNIH1",0.370878534539578,1.44900705838749,0.000521223398554929,0.0354030003818466
"PSMC1",0.404139893264991,1.49801349429938,0.000525573072462015,0.0356341141981083
"PXMP4",-0.225337972266177,0.798246388023565,0.000525890148517563,0.0356341141981083
"PSME3",0.587812941658538,1.80004729878298,0.000526586997479542,0.0356384976829612
"AP000357.2",-0.249653246856786,0.779070881516908,0.000529637415678405,0.0357176023995189
"AL161725.1",-0.483198949002351,0.616807098009116,0.000530278414141017,0.0357176023995189
"SRXN1",0.494232617697409,1.63923983264212,0.000530369908239693,0.0357176023995189
"CDC6",0.221938386561306,1.24849445145811,0.000530535972281864,0.0357176023995189
"WDR91",-0.374932866185759,0.687335420690568,0.000530923634362084,0.0357176023995189
"SMC2",0.348180534726778,1.41648795192315,0.000533645572640714,0.0358480179561859
"PRDM16",-0.150177831020559,0.860554929455859,0.000534133941450194,0.0358480179561859
"CCR4",-0.21369948112598,0.807591044910402,0.00053502344470284,0.0358650198793904
"TUBA1B",0.346190419250158,1.41367178051021,0.000538089209583459,0.0360276927309704
"PRDM2",-0.5387714386525,0.583464634321658,0.000538777094515443,0.0360309578652463
"AL357143.1",-0.454874309762906,0.634527716875469,0.0005397189690645,0.0360511808056638
"INSL4",0.100098728974424,1.10528003585341,0.000541911260318376,0.0361547801321997
"DDX52",0.561035436476579,1.75248614925856,0.000543044690326139,0.0361875738319461
"ALOX15P1",-0.361759367340439,0.696449936280161,0.000544061120907946,0.0362125026591575
"IGKJ3",-0.368067176794018,0.692070689037011,0.00054477393263682,0.0362171877669026
"TTLL2",-0.341560146043254,0.71066072290383,0.000546268360969169,0.0362550836277817
"IFNG-AS1",-0.318608729817384,0.727160009682057,0.000546630145516079,0.0362550836277817
"AKNA",-0.351606063622218,0.703557224176894,0.000548480177990977,0.0363350393823964
"AJ003147.2",0.340670034964531,1.40588927001645,0.000549453555279313,0.0363487070974558
"BLOC1S4",0.441084597882901,1.55439219506912,0.000550849883152409,0.0363487070974558
"OGT",-0.343322177141239,0.709409619175492,0.000551098403154225,0.0363487070974558
"ACOXL",-0.271901467415935,0.761929332257281,0.000551265513131913,0.0363487070974558
"NT5C3AP2",-0.539375435611674,0.583112329862864,0.000552307420456713,0.0363748634762473
"AC103563.7",-0.666800498331364,0.513348412162548,0.000554451565735023,0.0364734672927394
"AC026748.3",-0.33758650906657,0.713490248661191,0.000561405285037802,0.0368878605469594
"NCAPG",0.200789651162747,1.2223676211708,0.000562098249048798,0.0368903968432771
"TICAM1",0.433591325878001,1.54278824163482,0.000563041114601927,0.0369093091590677
"PXK",-0.490354528534278,0.61240923914293,0.000564004007212081,0.0369294888624718
"PRDM16-DT",-0.194434714784299,0.823299925815287,0.000568522659583662,0.0371821733836294
"CYP1B1-AS1",-0.346867084266119,0.706899280050363,0.000569425407209602,0.0371980611319218
"ZNF555",-0.518374560654778,0.595487690863526,0.00057271102157686,0.0373552614860415
"GTF2IP7",0.254963160298624,1.29041408152781,0.000574356727321351,0.0373552614860415
"TP53I3",0.29254760973739,1.33983652431049,0.000575090736713802,0.0373552614860415
"PAICS",0.358031590986202,1.43051081101338,0.000575128574585683,0.0373552614860415
"NRIP2",-0.475894242802094,0.621329188806915,0.000575144866075706,0.0373552614860415
"DNASE1L3",-0.218931050127217,0.803377108993471,0.00057600425446999,0.0373680274453396
"SDK1-AS1",-0.499063834305627,0.607098738775418,0.00057680877989985,0.0373772089375103
"SATB2-AS1",0.272412500935454,1.31312855636532,0.000581635611560629,0.0376189745395099
"SPANXD",0.362271544683038,1.43658898710177,0.000581874304641205,0.0376189745395099
"CCDC137",0.457749678516888,1.58051331710152,0.000584192759138048,0.037684852155154
"CIITA",-0.207081142321104,0.812953682362487,0.000584350778097412,0.037684852155154
"RFESDP1",1.47974183039971,4.39181170227391,0.000584898638352486,0.037684852155154
"UBE2M",0.467138189556348,1.59542185882319,0.000586413011542448,0.0377266848187916
"EIF2S2",0.594528975709036,1.81217716443628,0.000587384570263593,0.0377266848187916
"FEN1",0.331269330981951,1.39273484844314,0.000587938450650037,0.0377266848187916
"AC024132.1",2.0647655215481,7.88344918196158,0.00058857668402711,0.0377266848187916
"POLR1G",0.386226201865557,1.47141747055022,0.000588893902379321,0.0377266848187916
"ZNF333",-0.567168670321639,0.567128896545722,0.000589573004261609,0.0377273186018757
"LINC00324",-0.390769959454273,0.676535768797439,0.000592320864318734,0.0378601825927811
"AL096701.4",-0.515718983467604,0.597071155966968,0.000597287815505461,0.0380432604509763
"LMNB1",0.281937326507867,1.32569563140837,0.000598676744603403,0.0380432604509763
"PKP3",0.340806712233858,1.40608143625494,0.000598941143180072,0.0380432604509763
"FAM83D",0.224176656550424,1.25129204884156,0.000599704394026132,0.0380432604509763
"VIPR1",-0.197179156248835,0.82104352505729,0.000599720211482856,0.0380432604509763
"EID2B",-0.530966773130892,0.58803619719024,0.000600107412995201,0.0380432604509763
"CDKL2",-0.170954732052347,0.842859727138051,0.00060058022483323,0.0380432604509763
"C16orf89",-0.0990795819275977,0.905670630141023,0.000600583613618718,0.0380432604509763
"KIF2C",0.205907268901175,1.22863926564342,0.000602028190138279,0.0380906000427354
"LINC01559",0.132571672866083,1.14176084642889,0.000602682262631615,0.0380906000427354
"MAGEA8",0.167061150935522,1.18182653289683,0.000605758129582428,0.0382421280104579
"ENOX1",0.351857334166675,1.42170568042388,0.000609597507434826,0.0384293408040678
"AC127526.3",-0.960699364030975,0.382625198079498,0.000610086916766721,0.0384293408040678
"IRF4",-0.195294158695514,0.82259264968256,0.00061106604293876,0.0384480571838343
"OPN3",0.199422372242661,1.22069744574779,0.000612056263553169,0.0384674291126795
"CCDC66",-0.47732965725462,0.620437963701248,0.000615610737244752,0.0384702857464004
"COL19A1",-0.359422415307765,0.698079409633347,0.000615643126570784,0.0384702857464004
"LINC01170",-0.51344097257931,0.598432840939091,0.000616098205948515,0.0384702857464004
"AC087071.1",-0.353331413675029,0.702344388267123,0.000616272661442757,0.0384702857464004
"SCAT1",0.20584809901543,1.22856656934918,0.000616871570857019,0.0384702857464004
"IGSF9B",-0.150332231016499,0.860422070035256,0.000617451331053382,0.0384702857464004
"ARRDC5",-0.482990171282191,0.616935887032488,0.000617550436861261,0.0384702857464004
"ZNF439",-0.289387472267964,0.748722040163831,0.000618337128291881,0.0384702857464004
"BCAR3",0.26785338097107,1.30715547209822,0.000619367387706088,0.0384702857464004
"AP005270.1",6.19154412496896,488.599983458601,0.000620290367239198,0.0384702857464004
"OR1M4P",8.72744721391589,6169.95740873854,0.000620290367239214,0.0384702857464004
"AC092192.1",8.72744721391589,6169.95740873854,0.000620290367239214,0.0384702857464004
"ZNF506",-0.375885403671809,0.686681019657107,0.000623138526744374,0.0386044588832317
"AC239859.5",0.421058762134863,1.52357380422772,0.000627128220640242,0.0388089797659871
"ACTG1",0.477783206379632,1.61249586667089,0.000628506207927751,0.0388239451008083
"SORD",0.349098087113082,1.41778825027831,0.000631162496422854,0.0388239451008083
"MYORG",0.302994053910678,1.35390641396988,0.000631418170181955,0.0388239451008083
"IRAG2",-0.251151287818267,0.777904675155042,0.000631735712031926,0.0388239451008083
"CLECL1",-0.318243670565653,0.727425514630651,0.000632149607781416,0.0388239451008083
"AL161668.1",0.991525605721569,2.69534336853919,0.00063234064520992,0.0388239451008083
"CENPF",0.200311343515843,1.22178309319351,0.000632827673165166,0.0388239451008083
"KCNF1",0.188329959565685,1.20723178731539,0.000632879337796984,0.0388239451008083
"DPPA3P2",-0.366671927892179,0.693036973853042,0.000634960948203364,0.0389093026259922
"CENPA",0.199151853326712,1.22036726865965,0.000635717435174126,0.0389133616996488
"SQLE",0.304791980527639,1.35634282793888,0.000636896316377906,0.038924649628584
"LINC00921",-0.50592425167751,0.602948042076821,0.000637282737462449,0.038924649628584
"SNHG14",-0.209415509214487,0.811058163479556,0.000638442034598966,0.0389457927120717
"VEGFD",-0.162710464994144,0.849837210418576,0.000639010540986702,0.0389457927120717
"LMOD3",-0.569664209375185,0.565715368726523,0.000640735266462551,0.0389811863389942
"CCL14",-0.370211139744683,0.690588504562522,0.000641186481286156,0.0389811863389942
"SNRPGP14",-0.696163198726592,0.498494262723561,0.000641665618748876,0.0389811863389942
"AL035587.1",-0.583992455266317,0.557667453756342,0.000642886483007455,0.0389981192778769
"AL160272.1",-0.423031742339657,0.655057839713349,0.000643327851007973,0.0389981192778769
"CENPH",0.331154286185631,1.39257463076245,0.0006446593518428,0.0390368588823735
"FBXO45",0.38163262602756,1.46467390321185,0.000650037843404561,0.0392580014535352
"RASGRP2",-0.259397141096711,0.771516561260178,0.000650239258981073,0.0392580014535352
"AL138885.3",0.651041298032689,1.91753651678323,0.000650400407222966,0.0392580014535352
"LINC00907",-0.551340193840805,0.576177103702183,0.000652112850052235,0.0392874889860679
"MTFR2",0.261269715922337,1.298577865331,0.000652282703472392,0.0392874889860679
"AC110751.1",3.24452005754626,25.6493968711821,0.000653953424805527,0.0392990963583558
"ZNF710-AS1",-0.305246952475572,0.736941362424597,0.000654698455482895,0.0392990963583558
"PDF",0.511259192931042,1.66738943861625,0.00065484615962862,0.0392990963583558
"AL133245.1",-0.765512949620137,0.465095299319424,0.000655263774954847,0.0392990963583558
"INTS7",0.491625343114764,1.63497145113092,0.000656829432754868,0.0393412346061193
"STAR",-0.561181083533161,0.570534816479123,0.000657362051209102,0.0393412346061193
"MROH8",-0.52167417298942,0.593526050439865,0.00066103981725398,0.0395150477134671
"BTLA",-0.282993471590969,0.753524707161163,0.000662070958860116,0.0395150477134671
"SPDL1",0.385969012285688,1.47103908596952,0.000662369094813864,0.0395150477134671
"WDR19",-0.463005083305778,0.629389433121089,0.000667930626289495,0.0398047114034847
"LPGAT1",0.395675772014486,1.48538763522749,0.000669323313801815,0.0398455872638766
"GLCCI1",-0.257152077110353,0.773250611104824,0.000671869713673219,0.0399158876337553
"KIFC1",0.212350763280909,1.23658155641991,0.000671920273954055,0.0399158876337553
"PKIB",0.166356653336554,1.18099423215337,0.000675169103110832,0.0400530829934348
"SMNDC1",0.634746197466847,1.88654327123093,0.000675650665651279,0.0400530829934348
"AC007036.1",-0.592725891702894,0.552818306178794,0.00067950322578884,0.0401662400609312
"LINC00663",-0.460937876680687,0.630691856852674,0.000680501957568325,0.0401662400609312
"SLC44A1",0.386973045278345,1.47251679945773,0.000680704554169245,0.0401662400609312
"IRF1-AS1",-0.332444195603569,0.717168688913152,0.000680969259397507,0.0401662400609312
"DDX23",0.58302821470075,1.79145513591598,0.000681615907032929,0.0401662400609312
"C18orf54",0.30891363857677,1.36194474593776,0.000683614825777397,0.0401662400609312
"AC211486.1",-0.863717289141345,0.421591986562068,0.000683764069061744,0.0401662400609312
"MMADHC",0.466154047090736,1.59385250878003,0.000684362104481317,0.0401662400609312
"MIR223HG",-0.2599224566001,0.771111378083246,0.00068448190656856,0.0401662400609312
"LSP1P2",-0.744455213544985,0.474992999217784,0.000685173304561087,0.0401662400609312
"KIF20B",0.307726876589872,1.36032940038996,0.000685396674801614,0.0401662400609312
"UBE2R2",0.621609780836075,1.86192291848452,0.000686754622493356,0.040204027619611
"AVEN",0.417945547608633,1.51883796779103,0.000687565839549316,0.0402097632473364
"HOXA7",0.369211309465645,1.44659325022731,0.000688468219201356,0.0402127928453277
"ZNF14",-0.475977066033717,0.6212777304466,0.000689044236706872,0.0402127928453277
"AP000302.1",-0.810600889135914,0.444590836139791,0.000693266009215588,0.0404131922994328
"AP000695.1",0.324633803692487,1.38352391185645,0.000694138115858484,0.0404131922994328
"ZNF708",-0.458132474125994,0.632463685583471,0.000694738842580563,0.0404131922994328
"RGS13",-0.287705383590115,0.749982516850026,0.000695345475564953,0.0404131922994328
"KIAA1328",-0.494856860757793,0.60965816705905,0.000698354329433166,0.0405462653719095
"AC103858.3",-0.460263610390067,0.631117254511052,0.000700598259935588,0.0406346990762641
"AL662907.1",-0.570393621434362,0.565302879570084,0.000703056712082365,0.0407047652228125
"DNAH1",-0.244688005139534,0.782948776133566,0.000703250342823531,0.0407047652228125
"POLD2",0.41347962095031,1.51207007253145,0.000707115741042355,0.0408412809115606
"NUGGC",-0.248448786323767,0.780009806981943,0.000707544189660446,0.0408412809115606
"ACTL6A",0.393433993350981,1.48206145459319,0.000707782238019631,0.0408412809115606
"VDAC2",0.423590634371023,1.52743618590758,0.000709016725521787,0.040870681920262
"AC083964.2",-0.624239692106012,0.535668546756434,0.000710032033080636,0.0408874013247742
"AC068338.3",-0.703794525171589,0.494704568860983,0.000711080576727781,0.0409059985649034
"AC133963.1",-0.206764839508607,0.813210862569915,0.000713356283193778,0.0409547680967326
"KRT6C",0.175404784840249,1.19172851262832,0.000714430497499811,0.0409547680967326
"AKAP12",0.160430546461076,1.17401623072697,0.000714797161242106,0.0409547680967326
"DEPDC1",0.198549843279722,1.2196328163989,0.000715287163631622,0.0409547680967326
"ADGRB3",-0.291302066359778,0.747289912778114,0.000715560638840669,0.0409547680967326
"AC107464.2",-0.368023360310786,0.69210101380511,0.000719866026114642,0.0411378264138567
"FAM72D",0.292152165192881,1.33930679801201,0.00072021843817363,0.0411378264138567
"KCNJ14",0.355612622440417,1.4270546322363,0.000721972152846392,0.0411962571749678
"ZWINT",0.243028611468977,1.27510510622674,0.000724376537205426,0.0412916599206199
"PGS1",-0.512909908381067,0.598750731598669,0.000731750985035779,0.0416484049598546
"HMGCLL1",-0.270672435813933,0.762866343175184,0.000732790672617402,0.0416484049598546
"CMTM7",-0.319366469068673,0.726609220704321,0.000732851172842625,0.0416484049598546
"FCHSD2",-0.568793355965906,0.566208238461556,0.000734278966819757,0.0416857021750192
"CAMK1D",-0.197984493819482,0.820382574039491,0.000734986305555007,0.0416857021750192
"MFSD5",0.587303657139584,1.79913079596048,0.000736061828320987,0.0416887429110941
"ZNF655",-0.392270138142015,0.675521605159133,0.000736518872205366,0.0416887429110941
"PDGFRL2P",-0.402724591143682,0.668496183742575,0.000738156163199402,0.0417395103876925
"DOP1A",-0.381850639250533,0.682596998791189,0.000738897272254342,0.0417395517240589
"EI24",0.553537214086011,1.73939476078286,0.000740606946579426,0.0417829153450425
"GALNT4",0.360102881279769,1.43347688491068,0.000741147214152166,0.0417829153450425
"LTBR",0.35775270603607,1.4301119187023,0.000742840951331632,0.0418186715718053
"AC018647.1",-0.494358975071391,0.609961782710699,0.000743265022615101,0.0418186715718053
"NKX2-1-AS1",-0.157997893358203,0.853851580726015,0.000744501831091643,0.0418464957423953
"OR52E2",0.679207380693811,1.97231381850781,0.000745604847977458,0.0418667519019693
"AC139768.1",-0.58780432609589,0.555545743867882,0.000746810600443099,0.0418831169767745
"CLCN6",-0.401067621539245,0.669604779801062,0.000748033023723111,0.0418831169767745
"NPAS1",0.292628480837309,1.3399448827454,0.000748125067326733,0.0418831169767745
"DSG3",0.14231486773216,1.15293961487266,0.000750325143674261,0.041964613392639
"BUB1",0.215498749557432,1.24048043177261,0.000753690970408232,0.0420739061834582
"ACER1",-0.74840827849916,0.473119027445502,0.000753771910836043,0.0420739061834582
"CRTAC1",-0.129407949381006,0.878615461791083,0.000754748471319599,0.0420867456173232
"PTGDS",-0.264003125633209,0.767971139256858,0.000757269606200584,0.0421600035517086
"C11orf24",0.411056121362598,1.50841000820767,0.000757557889844629,0.0421600035517086
"HSF5",-0.623670421481431,0.535973573937883,0.000760074174039535,0.0422474110842396
"NAIPP2",-0.553612468630514,0.574869357337264,0.000760627257175096,0.0422474110842396
"ZMYM6",-0.684255480253106,0.504465674450679,0.000762010894445735,0.0422826045130637
"AL353743.1",-0.439680468601451,0.644242243823149,0.000763214667940418,0.0422877762197243
"ERCC6L",0.254840669681363,1.2902560275907,0.000763604303102018,0.0422877762197243
"SLFN14",-0.491294258083197,0.611834010406928,0.000765739089744641,0.0422926358922337
"PABPN1L",-0.92795647260433,0.395360816078247,0.00076588283257144,0.0422926358922337
"NGEF",0.169681814975883,1.18492776506244,0.000765942621788893,0.0422926358922337
"DNAH8-AS1",-0.773293859461738,0.461490477312261,0.000768542091573894,0.0423173541783543
"RHNO1",0.476319428109626,1.61013725692277,0.000768869211228116,0.0423173541783543
"ZNF101",-0.502113771738596,0.60524994639021,0.000768962169906963,0.0423173541783543
"ITM2BP1",-0.685665125750617,0.503755057660593,0.000769392791840733,0.0423173541783543
"LINC01524",0.338748399233633,1.40319025705193,0.000773490848697562,0.0425012866336976
"AC004899.2",3.0135094390379,20.3587223962466,0.000775723936496723,0.0425824855345075
"AL133481.1",-1.10684011518718,0.330601976467605,0.000778711254311971,0.0427048887870542
"CIB2",0.239034569582395,1.27002243997035,0.000779805635983405,0.0427233455142862
"PTDSS1",0.478513562200181,1.61367399258592,0.000781919089650908,0.0427803702487523
"TMEM125",-0.211909199059109,0.809038155657168,0.000782699875833277,0.0427803702487523
"CATSPERE",-0.406759040456165,0.665804602947676,0.000784100000718031,0.0427803702487523
"FCER2",-0.233889744163283,0.791449072964954,0.000785387663931472,0.0427803702487523
"ZNF75D",-0.471825317815038,0.623862481061386,0.000786175819832381,0.0427803702487523
"AC034102.8",-0.528507635127779,0.589484038841536,0.000786864525961425,0.0427803702487523
"OR13A1",-0.503249508697424,0.604562931864508,0.000787028219363489,0.0427803702487523
"AC097451.1",0.625055898909235,1.86835039326232,0.000788285749193747,0.0427803702487523
"SPIN4",0.320598242197476,1.37795186675774,0.00078834627206871,0.0427803702487523
"TESPA1",-0.256466226163928,0.773781127675124,0.000788823894055585,0.0427803702487523
"LINC01132",-0.321102748615243,0.725348718584753,0.000789362942545187,0.0427803702487523
"IL1R2",0.166678581710654,1.18137448891079,0.000789952558339561,0.0427803702487523
"ARHGEF26-AS1",-0.209950778627414,0.810624145021305,0.000791918228074241,0.0428456641323545
"IPO5P1",-0.329852222898728,0.719029981747629,0.000794609419701719,0.0429430953513306
"DNAJC28",-0.457980548562574,0.632559780284681,0.000795242506506121,0.0429430953513306
"CRAT37",-0.464142063400575,0.628674236522949,0.000796705594585679,0.042958338990455
"FRMPD2",-0.245642406885185,0.782201884928697,0.000797048789981835,0.042958338990455
"YARS2",0.428121313141199,1.53437220918992,0.000798576509783173,0.0429995695468349
"HAND2-AS1",0.287878913856065,1.33359581437177,0.000799926251167406,0.0430311472669978
"FUCA2",0.382846953611485,1.46645357746905,0.000804258541028375,0.0432229547273743
"TREML1",-0.371050612188083,0.690009017808824,0.000806379748907857,0.0432956806899327
"AC008551.1",-1.01695253615805,0.361695516346136,0.000807297891306236,0.0433037354141583
"SHC3",-0.192466300064864,0.824922117557036,0.000810115273906328,0.0433749823450883
"AL157935.2",-0.57813389241791,0.560944172642285,0.000810164900123777,0.0433749823450883
"AL353662.1",-0.657907932300754,0.517933754326899,0.000814555806509335,0.0435686889447536
"TESK2",-0.488525605328575,0.613530313478723,0.000817867586419577,0.0437030151519363
"GTF3C6",0.497500550304388,1.64460552051987,0.000818617567767219,0.0437030151519363
"RND3",0.229924913294066,1.25850550934856,0.000820612920897477,0.0437487402738165
"LINC01151",0.318691443742701,1.37532689371007,0.000821026096383175,0.0437487402738165
"CR2",-0.146266621243666,0.863927331095507,0.000823427311093434,0.0438352578755462
"P2RY8",-0.241403429126289,0.785524658928862,0.000829930081625326,0.0441084308971391
"CDY11P",1.56775530203615,4.79587082086051,0.000830123548706268,0.0441084308971391
"MIR2909",-2.13668557977413,0.11804544756939,0.000831880473599786,0.044160163446009
"PSMC4",0.413213822075132,1.5116682194154,0.000834804596214135,0.0442737007677969
"LINC00092",-0.378154709384122,0.685124497277202,0.000836759640395169,0.0443176647035751
"AF131215.6",-0.297979571743961,0.742316503824488,0.000838326119395808,0.0443176647035751
"GCSAM",-0.360725706974005,0.697170201167002,0.000839008179759593,0.0443176647035751
"ADGRV1",-0.142076227662384,0.867555122266358,0.000839719739921511,0.0443176647035751
"AC140113.3",5.59028293416523,267.811381985074,0.000840114136027803,0.0443176647035751
"ACAT2",0.348427382522127,1.41683765201079,0.000840350212291078,0.0443176647035751
"AC025271.4",-0.444637718696102,0.641056476745058,0.000841291740573074,0.04432585342668
"ST3GAL5",-0.197330617949083,0.820919177826167,0.00084513210023843,0.0444697746517261
"GGTLC1",-0.122564718155731,0.88464865026168,0.000845728289288761,0.0444697746517261
"SBK3",0.33293991082977,1.39506346774497,0.000846605243208183,0.0444697746517261
"SCN7A",-0.162734761954583,0.84981656220834,0.000847178550729989,0.0444697746517261
"TRBV12-5",-0.687409234362577,0.502877219870959,0.000849775598251565,0.0445044036616482
"AL162511.1",-0.179489629186003,0.835696617752397,0.000849992787504274,0.0445044036616482
"AC243960.3",-0.499386037987323,0.60690316083629,0.000850585480146845,0.0445044036616482
"WBP11",0.501769128592617,1.65164065226065,0.000851096377017302,0.0445044036616482
"GASAL1",0.350839098916496,1.42025878634898,0.00085178536169502,0.0445044036616482
"AL356481.1",-0.606575869325397,0.545214562396173,0.000853558318703152,0.0445557442363045
"BCAR1",0.379300329273819,1.46126182955295,0.000856901140343163,0.0446888609509585
"RCCD1",0.376228361374258,1.45677976801905,0.000860567266061706,0.0448167643024385
"LINC00877",-0.466360592800837,0.627281050229835,0.000860943588398271,0.0448167643024385
"NME4",0.320593441933486,1.37794525224089,0.00086253447556241,0.0448581582973307
"ZNF77",-0.543845227866982,0.580511755230791,0.000866257174312809,0.0450102437410681
"MRPS18BP2",2.80067373249645,16.4557297970975,0.000868792264352064,0.0450492536535893
"SENP7",-0.473631403251803,0.622736749009935,0.00086938836828819,0.0450492536535893
"CDC45",0.201205183903017,1.22287566048421,0.000869405207448297,0.0450492536535893
"LINC01234",0.150605779163302,1.16253827092501,0.000872000704049196,0.0451422513236708
"UNC45B",-0.46520689643834,0.628005159716672,0.000873520411861686,0.0451794373753343
"SLC25A47P1",-0.492650182553924,0.611004971884022,0.000877599216618411,0.045348793250302
"IRX6",-0.154472429903153,0.856867115725809,0.000878669114058351,0.0453624999763311
"AHNAK2",0.152326909152551,1.16454087328188,0.000880433953873898,0.0454120261515049
"ZNF141",-0.429623455201726,0.65075408666149,0.000883568581237685,0.0455320496671442
"PLEKHA8P1",0.452910354710565,1.57288317862613,0.000885247855312781,0.045545932610503
"METTL21EP",-0.638831608635394,0.5279088680117,0.000885453777158921,0.045545932610503
"MAPK6",0.338064286438515,1.40223064492199,0.000891382360820512,0.0458090902220758
"B4GALT4",0.32788260534013,1.38802601588247,0.000893311657524327,0.0458664280551835
"AC007255.1",0.250871591983104,1.28514505080821,0.00089778281719199,0.0460540528680761
"MCM10",0.193349231158518,1.21330644395391,0.000899936905523413,0.0461225845325345
"AC007663.4",-0.613354658197806,0.541531166573766,0.000901709528428265,0.046153612055763
"GLCCI1-DT",-0.655829086217387,0.519011578810968,0.000902179659526231,0.046153612055763
"LIFR-AS1",-0.334788561494202,0.715489352359845,0.000909401888222986,0.0464809073893555
"DCUN1D1",0.443346934806198,1.55791273474721,0.000912378383687082,0.0465644900243082
"SKA1",0.204334835268528,1.22670883007839,0.000912689113751606,0.0465644900243082
"GNAI3",0.541620809705874,1.71879043797639,0.000916288467274558,0.0466678084803237
"AL590729.1",-0.597452585233571,0.550211469180541,0.000916588051855015,0.0466678084803237
"GPRASP1",-0.329632701406975,0.719187841608019,0.000917783181908165,0.0466678084803237
"LINC00592",0.281842992733824,1.32557057943463,0.000918750495672025,0.0466678084803237
"SLC6A18",-0.562726635543535,0.569653706322706,0.000918853189533831,0.0466678084803237
"NBDY",0.412468737651259,1.51054231846876,0.000923793240943267,0.0468748527606322
"AL606489.1",0.349803961399158,1.41878938384294,0.000924967347123288,0.0468748527606322
"ACSS1",-0.217058681075224,0.804882736534771,0.000925424136557819,0.0468748527606322
"BTN1A1",-0.498281867425919,0.607573655542244,0.000927789686002078,0.0469298067346915
"ST3GAL6",-0.292198064715343,0.746620642122613,0.000928828685182807,0.0469298067346915
"LINC01936",-0.228709059570983,0.795559960393928,0.000929006391299767,0.0469298067346915
"NOLC1",0.440340871036132,1.55323658164687,0.000930614718799952,0.0469689663268273
"AL353150.1",-0.215708828384366,0.805969943281901,0.000934227365931929,0.0471091252073152
"AP002026.1",-0.312348369274742,0.731726572766103,0.000939825778288549,0.047324392318747
"AC092384.2",-0.431852824636898,0.649304931342363,0.000940769412912251,0.047324392318747
"ICA1L",-0.334533585386972,0.715671808309639,0.000941014683363761,0.047324392318747
"EIF6",0.440364262002522,1.55327291377647,0.000942493241284795,0.0473565053214542
"ELN-AS1",-0.293508618591485,0.745642796445751,0.000944932034558015,0.0474367661444725
"CLEC2D",-0.280685834534463,0.755265576573245,0.000946763419653445,0.0474864186355717
"ZNF211",-0.378347719379232,0.684992274161934,0.000950132208153452,0.0476130252149858
"ENPP5",-0.23352912853068,0.791734533340717,0.000952477940930284,0.0476771129799914
"RPARP-AS1",-0.351368319583884,0.703724510597455,0.000953466296762459,0.0476771129799914
"UBE2E3",0.428868010276077,1.53551834837853,0.000953948195001956,0.0476771129799914
"ABHD4",0.370712075883228,1.44876587869329,0.000957079319803563,0.0477681735499986
"AC007613.1",-0.486681668210511,0.614662668471662,0.000958351660238604,0.0477681735499986
"TTK",0.19893704469422,1.22010515138907,0.000958390112523655,0.0477681735499986
"C1QTNF7",-0.197914964966291,0.82043961628206,0.000959991651232882,0.0477681735499986
"ALKBH3-AS1",-0.624756959598805,0.535391534481184,0.000960006751670008,0.0477681735499986
"AC068533.2",-0.357330714023209,0.699541111420013,0.000960867423070583,0.0477688376040804
"EGLN1",0.317582199636328,1.37380216626269,0.000961873190311443,0.0477767074687206
"ZFP91P1",-0.775827782370461,0.46032257633007,0.000965511854141076,0.047856943830626
"NUP37",0.391805079947012,1.47964926997758,0.000965529877679967,0.047856943830626
"DERA",0.357244888418344,1.42938586704118,0.000967390520190528,0.047856943830626
"AL359551.1",0.560679276052054,1.75186209418612,0.000968167229363219,0.047856943830626
"AC104530.1",-0.31705707265112,0.728289188544783,0.000968342835728381,0.047856943830626
"ZWILCH",0.369835537927419,1.44749653680598,0.000968581894968503,0.047856943830626
"GSAP",-0.31190924198103,0.732047964436501,0.00096985897973311,0.0478780821728842
"AC003957.1",-0.644080636735457,0.525145119372002,0.000972494701356254,0.0479371569566845
"IGHD2-2",-0.676324279267464,0.508482601576603,0.000973402851693134,0.0479371569566845
"CARF",-0.439857997228142,0.644127882533849,0.000973651911072173,0.0479371569566845
"RAN",0.364838874475435,1.44028192327191,0.000974456894287649,0.0479371569566845
"ABCB10P4",0.481140422867804,1.61791846170118,0.000977206584579895,0.0480305130011126
"AC104564.3",-0.493791437278817,0.610308057327084,0.000980160725026908,0.0481305694773038
"AC008752.2",-0.645563758351403,0.524366842576183,0.000980949771701116,0.0481305694773038
"FAM214BP1",-0.846149980393333,0.429063659597256,0.000981976478562764,0.0481390486569168
"AL117339.4",-0.385919057925549,0.679825549943679,0.000984285310348242,0.0481520015247121
"PA2G4",0.414673045855444,1.51387569183553,0.000984872654323208,0.0481520015247121
"COPDA1",-0.368958463173336,0.691454130664203,0.000985110927171534,0.0481520015247121
"ITK",-0.213511584060142,0.807742803155156,0.000986006426439503,0.0481520015247121
"LMO7DN-IT1",-0.60200167077353,0.547714194606584,0.000987790560572252,0.0481520015247121
"LSINCT5",-0.489484115852997,0.612942519964339,0.000988692788713973,0.0481520015247121
"LINC01147",-0.734516039999707,0.479737576600252,0.00098883641742692,0.0481520015247121
"AL512380.2",-0.713439051277467,0.489956311881719,0.000989073679679591,0.0481520015247121
"BLM",0.262232582495408,1.29982882470689,0.000992329635055719,0.0482688313251952
"MYO6",-0.362584640547694,0.695875411909948,0.000997445364781416,0.0484758447283768
"FCRLA",-0.171834418887608,0.842118600559557,0.00100510195363148,0.0486605108565948
"CES4A",-0.21859304028523,0.803648704261489,0.00100712107498451,0.0486605108565948
"RNU1-150P",4.20482030934415,67.0085557730949,0.0010075802815683,0.0486605108565948
"AC079163.1",7.22031367233526,1366.91775775471,0.00100758028156834,0.0486605108565948
"MIR526B",7.22031367233526,1366.91775775471,0.00100758028156834,0.0486605108565948
"AP001360.3",7.22031367233526,1366.91775775471,0.00100758028156834,0.0486605108565948
"HOXB7",0.163237045507345,1.17731573401953,0.00100799913123145,0.0486605108565948
"UBE2C",0.166045912725101,1.18062730629589,0.00100859756915655,0.0486605108565948
"SNRPE",0.398791121813207,1.49002235293287,0.00100934723075904,0.0486605108565948
"NR0B2",-0.15239659067854,0.858647681539705,0.00101132575435351,0.0486605108565948
"TTC21A",-0.310771958578328,0.732880984036333,0.00101137963687279,0.0486605108565948
"CFTR",-0.119074344826049,0.887741799298901,0.00101190647884908,0.0486605108565948
"HMGA1P1",0.501868725592924,1.65180515890725,0.00101246592938104,0.0486605108565948
"FXR1",0.518889765993906,1.68016124166955,0.00101459001965942,0.0486922775499657
"MCM6",0.3094274070424,1.36264464997907,0.00101500934946192,0.0486922775499657
"NTRK3",-0.255497010098405,0.774531452329883,0.00101571800764083,0.0486922775499657
"AL359894.1",0.328509470435381,1.38889639371937,0.00101661012993791,0.0486936386451822
"ZNF502",-0.244849804237494,0.782822105975673,0.00101804757913859,0.0487210953493356
"CLK4",-0.381361423092239,0.682931017969729,0.00102001399117358,0.0487737987840559
"CD226",-0.263357687208454,0.7684669773385,0.00102221109273831,0.0488374343764531
"AC138207.8",-0.42155193374839,0.656027917520044,0.0010259194870373,0.0489054154976242
"PSMD12",0.56187483358286,1.75395779862374,0.00102691403997932,0.0489054154976242
"TMA16",0.494363596570933,1.63945455249041,0.00102726245301761,0.0489054154976242
"CEACAMP11",1.53621106377639,4.64694987621131,0.00102742366953997,0.0489054154976242
"USP14",0.511198412904082,1.667288097721,0.00102797143047901,0.0489054154976242
"DDX54",0.456807793880082,1.57902535674338,0.00102886210934392,0.0489065179396061
"AP001184.1",3.44985441876997,31.495806776681,0.00103263544129653,0.0490445287603481
"MS4A4E",-0.336861497391931,0.714007724986733,0.00103626640698211,0.0491755513131513
"CD1D",-0.275956979797627,0.758845575749278,0.00103943631538384,0.0491913735005886
"ESPL1",0.190398418977444,1.20973148163491,0.00103954104443466,0.0491913735005886
"P2RY13",-0.214728397210491,0.806760528833532,0.00104056682139764,0.0491913735005886
"TTC39C-AS1",-0.434370964949991,0.647671947323605,0.00104104363791225,0.0491913735005886
"AC016722.2",-0.550142225730056,0.576867759107539,0.00104120444547596,0.0491913735005886
"AC006017.1",-0.457804434857956,0.632671192541304,0.00104271825091546,0.0491913735005886
"OR7E4P",1.4109578821688,4.09988072641492,0.0010428772626688,0.0491913735005886
"AP000812.1",-0.675155791330892,0.509077104629682,0.00104358029492522,0.0491913735005886
"AL135999.3",-0.153181089195174,0.857974337860318,0.00104493005657625,0.0492138486796515
"AK9",-0.375601587887211,0.686875938228645,0.00105122091171893,0.0494688064432943
"TNFRSF1A",0.417735383237881,1.51851879570573,0.00105390447856704,0.049540671389317
"FCAMR",-0.28927198962457,0.748808509556957,0.00105450556384242,0.049540671389317
"AP002761.2",-0.849229835080518,0.427744238729364,0.00105744578462851,0.0496374384298226
"GNA14",-0.217951666480823,0.8041643088183,0.00106466219803424,0.049908715674084
"LINC02147",-0.645867445053002,0.524207623516913,0.0010649954760168,0.049908715674084
"RANBP1",0.338397945829682,1.40269859040811,0.00106617616170628,0.0499225475850112
"TNK2-AS1",-0.559772028664172,0.571339297986398,0.00106843217035218,0.0499493967684609
"AL353597.1",-0.811637047273395,0.444130408306293,0.0010699286888577,0.0499493967684609
"NECTIN2",0.370002952740505,1.44773888945427,0.00107195668511578,0.0499493967684609
"SLC26A5",-0.255206972643924,0.774756128041343,0.00107205732445468,0.0499493967684609
"RHOQP2",-0.732383485805398,0.480761734629512,0.00107218655428069,0.0499493967684609
"FCMR",-0.228254156653638,0.795921945268579,0.00107373452120183,0.0499493967684609
"RBM5",-0.416269402513956,0.659502574898007,0.00107553282985899,0.0499493967684609
"MTCO3P44",-1.15809369458569,0.314084351253096,0.00107667367109304,0.0499493967684609
"LINC02144",0.980114933325102,2.66476249434386,0.00107715130018253,0.0499493967684609
"RNU6-5P",-0.824497141857941,0.438455417915767,0.00107763951685281,0.0499493967684609
"AF246928.1",6.01672690689851,410.233662910139,0.00107787048462265,0.0499493967684609
"UBE2FP3",-0.504404179576091,0.603865263518938,0.00107789899094613,0.0499493967684609
"RFXAP",-0.514170263349303,0.597996568495803,0.00107873545287706,0.0499493967684609
"CCDC86",0.38870334166111,1.47506689552416,0.0010791536338865,0.0499493967684609
"AC073862.3",-0.396067983029144,0.672960944458742,0.00108143905743644,0.0500141167366998
"SCN2B",-0.248196611249811,0.780206530816086,0.00108259544783831,0.0500265581699448
"S100P",0.0859883438408179,1.08979362542312,0.00108373505560387,0.0500378573246476
"LINC02774",-0.692200983327592,0.500473322509087,0.00108461511371363,0.0500378573246476
"RIPOR2",-0.229860210904084,0.794644677400652,0.00108677803646701,0.0500672373209397
"ACTG1P11",0.758899239617955,2.13592378571846,0.00108775231366404,0.0500672373209397
"AK4P4",-0.874873955728736,0.416914566059512,0.00108791623595415,0.0500672373209397
"AL121985.1",-0.45558916264101,0.634074284998674,0.00108884358250018,0.0500690422569578
"MIR5572",0.319709639394229,1.37672795873079,0.00109093192882792,0.0500764961316941
"PKD1L2",0.138485153409789,1.1485326296503,0.0010914769239814,0.0500764961316941
"AC007952.6",-0.569586143471559,0.565759533531839,0.00109167045810012,0.0500764961316941
"CDIN1",0.389583578272506,1.47636587503065,0.00109354028714366,0.050100010839457
"EXPH5",-0.281902156869196,0.75434748864242,0.0010955433313585,0.050100010839457
"MFSD2B",0.370401934120973,1.44831662556026,0.00109566866478701,0.050100010839457
"AL365181.2",0.123240938565897,1.13115692744541,0.00109650152966175,0.050100010839457
"CLEC12B",-0.451559741662707,0.636634391634269,0.00109713122634736,0.050100010839457
"DNAH8",-0.405614317942629,0.666567200864513,0.00109751513741183,0.050100010839457
"KNSTRN",0.28033647368212,1.32357508560448,0.00110214495504816,0.0502706504739442
"WDFY4",-0.199955327035584,0.818767329024752,0.00110412321462724,0.0503201700467463
"IGHJ3P",-0.25371534068892,0.775912641370951,0.00110593730900203,0.0503307210498061
"AL035670.1",-0.494342952085109,0.609971556198275,0.00110685940799855,0.0503307210498061
"CD22",-0.186578857340322,0.829793124092468,0.00110801644708081,0.0503307210498061
"MIR34AHG",-0.216734289476309,0.805143876086063,0.00110916909942214,0.0503307210498061
"SCAI",-0.410235138826964,0.66349421854025,0.00110934852211379,0.0503307210498061
"RGN",-0.219603878565171,0.802836755831011,0.00111141070747938,0.0503307210498061
"AL022098.1",-0.238386358722342,0.787898220930232,0.00111203900604691,0.0503307210498061
"XRCC6",0.497843824398131,1.64517016789836,0.00111223887124089,0.0503307210498061
"ZNF563",-0.465246421438549,0.627980338303139,0.00111398516612294,0.0503307210498061
"SETP17",-0.733347407851715,0.480298541071583,0.00111408714903041,0.0503307210498061
"KPNA2P1",0.762161201570353,2.14290246374381,0.00111532811943111,0.0503307210498061
"LINC02245",-0.458460474732156,0.632256271129117,0.00111553649594585,0.0503307210498061
"AC011379.2",-0.232679157359915,0.792407770944701,0.00111656792848946,0.0503307210498061
"AC241952.1",-0.308494349946813,0.734552102445893,0.00111695913015086,0.0503307210498061
"AF131215.5",-0.284538901128174,0.752361087199626,0.00111884056868229,0.0503307210498061
"DUSP26",-0.323610098981531,0.723532293368365,0.00111965946793893,0.0503307210498061
"MTCO2P30",-1.00171176249851,0.367250257600124,0.0011198879445926,0.0503307210498061
"AC104958.1",-0.539019730837663,0.583319782596157,0.00112042455863322,0.0503307210498061
"GLIS2-AS1",-0.506939864932075,0.602335990909722,0.00112441930382015,0.050469954356819
"AC005586.1",0.260470972583525,1.29754104904131,0.00112735064490093,0.0505435736228934
"AC008568.2",1.34026739542431,3.82006483666848,0.0011278525545906,0.0505435736228934
"LINC02725",0.280733970388056,1.32410130691976,0.00113153030855446,0.0506681117355569
"BUB3",0.48970801714442,1.63183968117823,0.00113285077822487,0.05068698053429
"TCTA",-0.360489520778407,0.697334882591474,0.00113419208960002,0.0507067511842116
"CH25H",-0.161618742344231,0.850765503577062,0.00114230221491703,0.051028866615026
"FAM207BP",0.744843523913565,2.10611185305519,0.00114428739180118,0.051062919526482
"TCP10L2",-0.687525781357708,0.502818614457272,0.00114487601606133,0.051062919526482
"TRAV21",-0.412167438774328,0.662213386570991,0.00114598930729046,0.0510721685279106
"AL162727.2",-0.574357760144969,0.563066376375182,0.00114827076552857,0.0511108496809872
"OR5D2P",3.97730633120622,53.3730710440723,0.00115010859135247,0.0511108496809872
"FSIP2",0.160063611720222,1.17358552241134,0.00115014646351489,0.0511108496809872
"KRT18P13",0.424685710179295,1.52910976050173,0.00115048368534789,0.0511108496809872
"C1DP5",-0.676648239758854,0.508317899982978,0.00115333895229718,0.0511973517911071
"MTX1P1",0.350267253571302,1.41944685014613,0.0011565858385091,0.0512637511801343
"YPEL5P2",-0.745734700132912,0.474385640682334,0.00115710353015856,0.0512637511801343
"EIF4A3",0.405145760976124,1.49952105578074,0.00115756270846301,0.0512637511801343
"ACTR2",0.614785243532794,1.8492594164918,0.00116789741380708,0.0516808356364112
"NOL11",0.533351047389732,1.70463506105692,0.00117133736750397,0.0517924042591402
"AL513550.1",-0.377115138170131,0.685837103320759,0.00117308402847452,0.0517983187100935
"GIP",0.283926013438211,1.32833464820352,0.00117330873053763,0.0517983187100935
"AQP4-AS1",-0.281183647506872,0.754889689140196,0.00117502590822016,0.0518311160058756
"ADHFE1",-0.270891448156663,0.762699284324819,0.00117589040321262,0.0518311160058756
"MYRF-AS1",0.386961799354907,1.47250023973966,0.00117955743368947,0.0519000120749739
"LINC01351",0.641502269554257,1.89933204586431,0.00118013928518753,0.0519000120749739
"TTLL10",-0.248645462987729,0.779856412340315,0.00118021525968704,0.0519000120749739
"GPR18",-0.288954471538145,0.749046307552595,0.00118502921470397,0.0520630800772409
"EXT1",0.381567220571783,1.46457810868042,0.00118577044875793,0.0520630800772409
"N4BP2L1",-0.308608246156733,0.734468444509687,0.00119013584647618,0.0522140844209657
"PAFAH1B3",0.261577406963031,1.29897748758274,0.00119157154538917,0.0522364210286624
"LINC01284",-0.788495423164881,0.454528153601713,0.00119350381194568,0.05225445925147
"UNC5D",0.171371525292437,1.18693164224064,0.00119383680140296,0.05225445925147
"SPAG8",-0.274948328334126,0.759611372595958,0.00119538535900307,0.0522816485641251
"TEDC2",0.258289147365954,1.29471312739689,0.00119995450360838,0.0524408023995551
"CROCCP3",-0.268744981349535,0.764338151279971,0.00120187316272128,0.0524839670190353
"AP005202.2",4.06225385654882,58.1051242213007,0.00120441141496199,0.0525541005649357
"LCE5A",1.00696115993084,2.7372702370005,0.00120714420554753,0.0526326076813208
"BEX5",-0.210536267209857,0.810149672752345,0.00120836292592079,0.0526450296071949
"AL133482.1",-0.272572799234797,0.761417996509995,0.00121332316424879,0.052812156467048
"IMPG1",-0.369952134436063,0.690767393816909,0.00121407256246087,0.052812156467048
"AC084866.2",1.85452234487651,6.38864595223468,0.00121683170400329,0.0528232996881256
"STXBP1",-0.245217213084277,0.782534543038298,0.00121685338667567,0.0528232996881256
"NCALD",-0.229269151003312,0.795114498837453,0.00121935200878274,0.0528232996881256
"ZNF970P",2.26127850260756,9.5953490067013,0.00121965288708522,0.0528232996881256
"ARHGAP15",-0.266103026056743,0.766360168367473,0.00121985903776478,0.0528232996881256
"CDX2",0.148052875352448,1.15957420763695,0.00121995062072406,0.0528232996881256
"S100A16",0.216823864436072,1.24212530042869,0.00122332300448695,0.052888252284233
"AC090771.2",1.35977233170681,3.89530636308401,0.00122332696499645,0.052888252284233
"ST13",0.52278543291779,1.68671935606623,0.00122618904860938,0.0529127411017019
"GPX8",0.250846646096467,1.28511299212533,0.00122828732182703,0.0529127411017019
"TAF5LP1",-0.311903631305246,0.73205207173181,0.0012283044397636,0.0529127411017019
"HERC1",-0.391877220602901,0.67578708159761,0.00122961189237534,0.0529127411017019
"TM6SF1",-0.290145469288764,0.748154726126318,0.00123019386834753,0.0529127411017019
"LRRC42",0.411074111947909,1.50843714563072,0.00123096464325427,0.0529127411017019
"ARHGEF6",-0.260038704832531,0.7710217429586,0.0012313690263668,0.0529127411017019
"ELOA-AS1",-0.524540544545367,0.59182722015372,0.00123190801676363,0.0529127411017019
"NDUFA12P1",3.64467873644078,38.270475967071,0.00123234051842157,0.0529127411017019
"CASZ1",-0.261608135614653,0.769812626761787,0.00123388402970763,0.0529386956307437
"TRBV21-1",-0.603408561602671,0.546944162331888,0.00123785230962242,0.0530052756111305
"AL035701.1",-0.337754598530043,0.713370328547037,0.00124015735996675,0.0530052756111305
"AC015911.3",-0.378673310377927,0.684769283147195,0.00124110610116582,0.0530052756111305
"KRT16",0.10588302194336,1.1116918253508,0.00124314568234951,0.0530052756111305
"MALSU1",0.473334376348526,1.60533808032726,0.00124375865664222,0.0530052756111305
"Z84480.1",-0.827998198483487,0.436923044697812,0.00124591997368411,0.0530052756111305
"ZNF737",-0.227670794687019,0.796386391316755,0.0012460911931746,0.0530052756111305
"CHRM3-AS2",-0.286809345444899,0.750654830957929,0.00124661651231162,0.0530052756111305
"RGS11",-0.245683237518932,0.782169947782029,0.00124717135419154,0.0530052756111305
"AL031432.4",-0.420230250242465,0.656895552040872,0.0012474330590244,0.0530052756111305
"AC023296.1",-0.81385225713803,0.44314765514875,0.00124906365361078,0.0530052756111305
"RHOC",0.307540153759107,1.3600754195463,0.00124978749980507,0.0530052756111305
"AC097462.1",9.92461460644082,20427.0362025946,0.00125167364414764,0.0530052756111305
"AC034205.1",9.92461460644082,20427.0362025946,0.00125167364414764,0.0530052756111305
"AC253536.5",9.92461460644082,20427.0362025946,0.00125167364414764,0.0530052756111305
"AC015978.2",9.92461460644082,20427.0362025946,0.00125167364414764,0.0530052756111305
"CEACAM21",-0.25231058778268,0.777003372833636,0.00125308388684309,0.0530052756111305
"UBA2",0.379367343705258,1.46135975846493,0.00125319172088657,0.0530052756111305
"GANC",-0.389950182358687,0.67709060471486,0.00125349404902931,0.0530052756111305
"PLCG2",-0.283585889023307,0.753078438190754,0.00125507944422105,0.0530052756111305
"LINC01934",-0.325045812891653,0.72249425333292,0.0012551802706978,0.0530052756111305
"ADGRF5",-0.157218957257954,0.85451693564734,0.001256183600648,0.0530079391243501
"AC111182.2",-0.761034001096642,0.467183109330086,0.00125880204793005,0.0530744431909979
"R3HDM1",0.453703617145845,1.57413138277809,0.00125964248952666,0.0530744431909979
"ANTXRLP1",-0.492653911254813,0.611002693633488,0.00126520650864021,0.0531724178836256
"AC124854.1",-0.659570502930612,0.517073368303195,0.00126554778667225,0.0531724178836256
"GAPDHP71",0.52488152090535,1.69025857620946,0.00126757671690924,0.0531724178836256
"DYNC1I2",0.602440739235546,1.8265715490271,0.00126763133765433,0.0531724178836256
"VAMP1",-0.29271945131861,0.74623146558662,0.00126850972709361,0.0531724178836256
"PANX1",0.411666378223864,1.509330806698,0.00126908718665156,0.0531724178836256
"C6",-0.15998286449143,0.852158391008516,0.00126980361334967,0.0531724178836256
"ADAMTS8",-0.166525108541795,0.846601559737926,0.00127257057944975,0.0531724178836256
"TMOD3",0.43615685116692,1.54675138548331,0.00127321596276804,0.0531724178836256
"LURAP1",-0.414893647629191,0.660410513194006,0.00127354173288909,0.0531724178836256
"FKBP3",0.365954444655915,1.4418895553835,0.00127429941636158,0.0531724178836256
"AL355864.2",-0.441124666824136,0.643312501847093,0.00127483513148149,0.0531724178836256
"PINLYP",-0.316144934321223,0.728953792088008,0.00127501488306833,0.0531724178836256
"TMEM18-DT",-0.657823786122875,0.517977338306407,0.00127517221829612,0.0531724178836256
"AC011551.1",-0.916475694592862,0.399926021754337,0.00127723891893098,0.0531936221689522
"B3GALT2",-0.208224306675889,0.812024873682356,0.00127801468391007,0.0531936221689522
"MMP14",0.240396738624342,1.27175360402202,0.00127989576368541,0.0531936221689522
"ORC1",0.227410201639029,1.25534470679546,0.00127998868447197,0.0531936221689522
"AC006539.2",-0.475825718186439,0.621371766609571,0.00128039849019562,0.0531936221689522
"AL589693.1",-0.84280134855863,0.430502844131633,0.00128154270520617,0.0532019525395458
"AL157392.4",-0.536950348399804,0.584528144159798,0.00129135227188821,0.0535697392788592
"PTGDR",-0.385129446361373,0.680362560046329,0.00129405342833885,0.0536423206441406
"ZFAND4",-0.531673539641642,0.587620739731961,0.00129568560774114,0.0536541537559243
"CHIAP2",-0.208705322552679,0.81163437075235,0.00129668537020222,0.0536541537559243
"ITGA6",0.201563926200374,1.22331443640707,0.00129744761890799,0.0536541537559243
"AL021331.1",-0.686044123704678,0.503564171699371,0.00129828756996875,0.0536541537559243
"AF241725.1",1.24740721851609,3.48130498267924,0.0012996378029946,0.0536541537559243
"KLHL33",-0.4893589873486,0.613019221343808,0.00130193491967438,0.0536541537559243
"UBE2T",0.228014599415994,1.2561036636784,0.00130234524826238,0.0536541537559243
"PSMD10P1",-0.494306588852094,0.609993737139389,0.00130272705862302,0.0536541537559243
"FIBCD1",0.15813817004557,1.17132802597402,0.00130313624904445,0.0536541537559243
"TWF1",0.343447767210655,1.40979988277939,0.00130385608495843,0.0536541537559243
"KLHDC8B",-0.295660853502855,0.744039723701193,0.00130649583270846,0.0537105162467772
"RBM42",0.366201694862213,1.44224610695043,0.00130713119573184,0.0537105162467772
"HNRNPL",0.790629536409529,2.20478398124326,0.00130944152169256,0.0537662601798542
"AL034422.1",0.642484346556584,1.90119825241561,0.00131058017052308,0.0537738483940388
"NUDT1",0.334052282255244,1.39661615990831,0.00131371956912201,0.0538615105612139
"LIX1-AS1",-0.641788665795357,0.526350117107333,0.00131462747502892,0.0538615105612139
"AC024075.3",-0.490670978031387,0.612215473207361,0.00131588944417635,0.0538740619498082
"ITPKC",0.326701104712275,1.3863870306949,0.00132104126564723,0.0540080146979414
"PSTPIP2",-0.28819473801586,0.749615599369843,0.00132107727168407,0.0540080146979414
"AC245036.2",2.94988566277356,19.1037693313551,0.00132436821491344,0.0541033206405506
"PRICKLE2",-0.294263425755685,0.745080192276599,0.00132702989764533,0.054172800513869
"PCMTD2",-0.533260112714159,0.58668917568208,0.00133216282138638,0.0543429893042537
"PGPEP1",-0.435443781476674,0.646977486735651,0.00133445961151797,0.0543973210838302
"AC091133.4",0.672476531703821,1.95908304914077,0.00133602729455276,0.0544218748249324
"LAX1",-0.203002577223671,0.816276137696715,0.00133810584905351,0.0544671879756252
"LIN9",0.364047912208662,1.43914316503386,0.0013455235980372,0.0547296092084741
"LINC01798",-0.670304671928861,0.511552698294392,0.00134942966551013,0.0548439060807512
"SLAMF9",0.224878059960202,1.25217001722026,0.00135254232293649,0.0548439060807512
"SPC24",0.215853958253455,1.24092113947619,0.0013542202146802,0.0548439060807512
"AGFG1",0.405073719736731,1.49941303231651,0.00135560636664236,0.0548439060807512
"LINC02253",0.156781406367868,1.16973988826111,0.00135567965766382,0.0548439060807512
"MIR541",2.28536383365717,9.82926178978657,0.00135572186948551,0.0548439060807512
"NXNP1",1.87062636054253,6.49236168517387,0.00135606749844263,0.0548439060807512
"MYO1E",0.280290499269399,1.323514236416,0.00135611616781196,0.0548439060807512
"AP000763.3",-0.575732750841405,0.562292697368801,0.00135863574686766,0.054906414957284
"ZNF43",-0.248647958872558,0.779854465910956,0.00135991887573664,0.0549189015318974
"AL031600.2",-0.808091452783376,0.445707909572136,0.0013618344397258,0.0549568921789417
"AC022784.1",0.186304306171208,1.20478882927596,0.00136329425718379,0.0549620683305085
"RGL4",-0.377314921674633,0.685700098066891,0.00136391254424545,0.0549620683305085
"CAT",-0.308188835232447,0.734776553206418,0.00137758609971029,0.0554734242551911
"RN7SL145P",-0.575194848195669,0.562595237459656,0.00137990053142254,0.0555208703976629
"JPT1",0.285429183103517,1.33033286200301,0.00138396526842509,0.0555208703976629
"KRT83",0.180417907278895,1.19771779353175,0.00138431377955757,0.0555208703976629
"PSMC6",0.420321256929958,1.52245057486171,0.00138466325181335,0.0555208703976629
"TRBJ1-3",-0.572022675597801,0.564382720258689,0.0013850552409488,0.0555208703976629
"CDCA8",0.219453213733712,1.24539557918344,0.00138575681603556,0.0555208703976629
"SAMD13",0.228665832502314,1.25692194636149,0.00138584781403578,0.0555208703976629
"FUCA1",-0.316506569722014,0.728690224251851,0.00138664299559936,0.0555208703976629
"AC107884.1",-0.27359634815589,0.760639046655814,0.00138789829710004,0.0555277268235177
"DARS1",0.516801906795404,1.67665696106139,0.0013887841425635,0.0555277268235177
"AL356608.1",-0.80299735033984,0.447984184189016,0.00139065941963201,0.0555282893233624
"AC009970.1",-0.755688694389772,0.469687032494465,0.0013907681375867,0.0555282893233624
"FTSJ3",0.548778158352752,1.7311365504023,0.00139204406651733,0.0555398982972265
"LINC01806",-0.235810611937643,0.789930263129083,0.00139503055988715,0.0556160377861699
"MUC2",0.121837353161176,1.12957036578946,0.00139592545529002,0.0556160377861699
"AC023511.1",0.909273878509092,2.48251926817702,0.00139869670802667,0.0556287383984951
"DENND1C",-0.381094505507716,0.683113328597315,0.00139891515079327,0.0556287383984951
"CFP",-0.41507297825056,0.660292091984909,0.00139920446730996,0.0556287383984951
"NRAS",0.400502616426214,1.49257470170573,0.00140568398093897,0.0558469627268607
"GPR75",-0.419417726846386,0.657429511943767,0.00140862813357311,0.0559245208861391
"TMEM50B",-0.388575442879699,0.678022068012999,0.00141047142045884,0.0559582947218773
"TMPO",0.319924217745949,1.37702340644415,0.00141642651907938,0.0560397988138201
"MTMR10",-0.468126421073646,0.626174357018991,0.00141644104517659,0.0560397988138201
"EIF5B",0.354874559356935,1.42600176448334,0.00141651913727369,0.0560397988138201
"RUBCNL",-0.241430705289396,0.785503233122349,0.00141701381592684,0.0560397988138201
"NMI",0.366142494619218,1.44216072815769,0.00141761717325797,0.0560397988138201
"SET",0.493778530336507,1.63849564352885,0.00141849001183697,0.0560397988138201
"WSB2",0.409112328568678,1.50548081949368,0.0014214452408963,0.0560450273987091
"HNRNPR",0.612992101344481,1.84594640265511,0.0014218928607336,0.0560450273987091
"AP002358.1",-0.296761646002447,0.743221140981463,0.00142394635505357,0.0560450273987091
"WDR3",0.429375751464059,1.53629819225157,0.00142447368517558,0.0560450273987091
"STK32A",-0.144367475364491,0.865569614100155,0.00142516927647009,0.0560450273987091
"TCP1",0.43427456602795,1.54384269668637,0.0014263666571947,0.0560450273987091
"AL390208.1",-0.618222005610255,0.538901750583081,0.00142660304347824,0.0560450273987091
"CXorf21",-0.257759285210646,0.772781229590755,0.00142706130669649,0.0560450273987091
"HPGDS",-0.204267849721869,0.815243979067415,0.00142838370050842,0.0560450273987091
"AC079601.1",-0.792683998594702,0.452628309742626,0.00142856365070145,0.0560450273987091
"AC008033.3",-0.429788875426221,0.650646447677461,0.00143111175598471,0.0561059501776037
"AC092651.2",0.984289125351003,2.67590897228377,0.00143233192305268,0.0561147633731883
"LINC02649",-0.355605685892963,0.700748880934171,0.00143847151754915,0.0563161599120494
"RBM5-AS1",-0.574298512069861,0.563099737962435,0.00143978834153127,0.0563215231230945
"HERPUD1",-0.3574531268398,0.699455483863304,0.00144060657626476,0.0563215231230945
"YES1",0.39421414444077,1.4832181375872,0.0014440256924696,0.0564160723760678
"LRRC59",0.441657616154304,1.55528314543887,0.00144610754984754,0.0564323382563964
"ZNF433-AS1",-0.436950127084615,0.646003648692542,0.00144739150062866,0.0564323382563964
"LINC02613",-0.493809948296446,0.610296760008439,0.00144744503190629,0.0564323382563964
"ABCC6P2",-0.300648256888278,0.740338135793179,0.0014512674504905,0.0564969633398677
"RNA5SP226",1.79164105386418,5.99928954988167,0.00145297506505053,0.0564969633398677
"NUP62CL",0.274089486168159,1.31533250103781,0.0014531916858667,0.0564969633398677
"LINC02535",0.27825301694323,1.32082034486102,0.00145360996637732,0.0564969633398677
"PXN",0.414302604699392,1.51331499383335,0.00145541299097191,0.0564969633398677
"GARS1",0.375086974749297,1.4551179676351,0.00145634129365416,0.0564969633398677
"LINC00707",0.168224654342346,1.1832023923475,0.00145702159651657,0.0564969633398677
"ACTN4",0.362555891176553,1.43699753422459,0.00145716419008363,0.0564969633398677
"ADGRF4",0.126976730911453,1.13539059796974,0.00145812192527862,0.0564969633398677
"AURKA",0.210481442153287,1.23427214757633,0.0014613296744445,0.0565303717728991
"AL513365.1",-0.637486063505204,0.52861967131996,0.00146369178092025,0.0565303717728991
"RPL31P40",-0.708341832898891,0.4924601019607,0.0014647136872607,0.0565303717728991
"AC010343.3",0.236862677406845,1.26726708142415,0.00146517813903452,0.0565303717728991
"CDC25A",0.228696891223903,1.25696098535653,0.00146701798141705,0.0565303717728991
"TPPP2",-0.919004543532901,0.398915946959708,0.00146796991206899,0.0565303717728991
"AC093583.1",-0.476439645224118,0.620990406757139,0.00146850579859188,0.0565303717728991
"SH3BP5",-0.269459152347575,0.763792478014834,0.00146925783757919,0.0565303717728991
"SRSF9",0.478782734644471,1.61410840762244,0.00146998758732876,0.0565303717728991
"AP3S1",0.521411297288406,1.68440316664596,0.00147179915493578,0.0565303717728991
"AC009961.2",-0.822470178432679,0.43934505233511,0.0014722875207753,0.0565303717728991
"AC010976.2",-0.399787582471156,0.670462448887248,0.00147410350878257,0.0565303717728991
"ARF3",0.534559890315644,1.70669694308641,0.00147454807608536,0.0565303717728991
"RANGAP1",0.419857154295442,1.5217441654749,0.0014749892786274,0.0565303717728991
"AC007614.1",-0.391473104180439,0.676060233444227,0.00147624696172918,0.0565303717728991
"CD6",-0.226058366512341,0.797671543000996,0.00147820572675186,0.0565303717728991
"SLC25A5-AS1",-0.481991333129681,0.617552413988174,0.00147825362355991,0.0565303717728991
"CAMKK1",-0.334900153831529,0.715409513685457,0.00147902708781064,0.0565303717728991
"PPM1M",-0.349984668016891,0.704698894067428,0.00147936134210973,0.0565303717728991
"PP2672",-0.875751786783848,0.416548746093651,0.00147996246363577,0.0565303717728991
"CD69",-0.200655615641956,0.818194156309551,0.00148048362026738,0.0565303717728991
"ANKRD36BP2",-0.158825147538006,0.853145520522822,0.00148104440025138,0.0565303717728991
"CCT7",0.462919909453197,1.58870609698055,0.00148539413349524,0.0566267883928733
"ESX1",0.327586133333142,1.38761456601849,0.00148557932512168,0.0566267883928733
"AC021188.1",-0.601093972091411,0.548211579762982,0.00148802287457407,0.0566655896899358
"AC009961.3",-0.462607442963125,0.629639753516383,0.00148860753389377,0.0566655896899358
"SPHK1",0.199197029248044,1.2204224011207,0.00149017854266339,0.0566842394487813
"AC010761.6",-0.711062818940623,0.491121946274243,0.00149113724099511,0.0566842394487813
"MIR646HG",-0.164105884323446,0.848652158163103,0.00149211386657428,0.0566842394487813
"HDGF",0.402951474120828,1.49623428381785,0.00149443429464058,0.0567341601310822
"AC090115.1",-0.777213835186116,0.459684986895429,0.00149635928879604,0.0567690116185501
"CAPN3",-0.193173857314475,0.824338644377076,0.00150076094870071,0.0568828737319355
"UBL4A",0.408252223864261,1.50418650506119,0.00150137853187739,0.0568828737319355
"CLDN2",-0.0992018346198838,0.905559916235838,0.00150500476311451,0.056960363355938
"AL354953.1",0.220829671657629,1.24711099412422,0.00150544454023605,0.056960363355938
"AC104938.1",-0.673957990016521,0.509687243194162,0.00150855316956318,0.0570397005280306
"AC099754.1",-1.38484233569818,0.250363270030261,0.00151219291710435,0.0570822013650551
"KRT8P49",0.532398802674106,1.70301260393867,0.00151222437095426,0.0570822013650551
"SLC25A34",-0.364191777322482,0.694757943147892,0.00151271478713269,0.0570822013650551
"AC005856.1",-0.441198271080051,0.643265153051632,0.00151592268422986,0.0571571480486335
"RDX",0.317971493049474,1.37433708250991,0.00151672863418397,0.0571571480486335
"ACCSL",-1.35456121001884,0.258060503976086,0.00151864783929565,0.0571875327188504
"BEND5",-0.240325433112315,0.786371907963559,0.00152006639211787,0.0571875327188504
"MVB12B",-0.289744731132572,0.748454600353321,0.0015205781102873,0.0571875327188504
"MCTP2",-0.275071478639302,0.759517831983504,0.00152182289222573,0.0571961915814117
"KRT86",0.20531288440475,1.22790919850401,0.00152576178403495,0.0573060268732542
"CLUL1",-0.24588128571685,0.782015055771953,0.00152803757116345,0.0573532930172507
"DSC2",0.21648080610962,1.24169925208577,0.00153127123249754,0.0573679664369302
"LRIF1",0.420846385200067,1.52325026665042,0.00153141728692889,0.0573679664369302
"AC068896.1",-0.481977771991988,0.617560788758278,0.0015314812950117,0.0573679664369302
"AC005070.3",-0.493473305029823,0.610502246889284,0.0015327018482339,0.0573755640079909
"CUL4B",0.590247163278647,1.80443435019633,0.00153504264591829,0.0573800181228837
"RNU6-127P",8.39758917789609,4436.35857382446,0.00153510410589485,0.0573800181228837
"SPAG5",0.208276124239943,1.23155318429051,0.00153653097677311,0.0573800181228837
"TP53INP1",-0.320545446478092,0.725753069638188,0.00153689207048309,0.0573800181228837
"GVINP1",-0.213815910956467,0.807497022695542,0.00153848021783996,0.0574012976578064
"AC009365.1",8.0625600857545,3173.40393011397,0.00154175342807006,0.0574659550596904
"RBP5",-0.305512893309811,0.736745405681494,0.00154320338652867,0.0574659550596904
"IFNA8",1.82194097585117,6.18384951150756,0.00154339774613487,0.0574659550596904
"ZNF254",-0.292004647962647,0.746765065029163,0.00154429051219368,0.0574659550596904
"MTATP6P9",5.79222736256998,327.742212728315,0.00154757711511454,0.0575502687610141
"PSMA4",0.393071178675804,1.48152383848135,0.00155062943691803,0.0576257647565529
"NKD1",-0.177858292870996,0.837061032600423,0.00155690275687503,0.0578207838086868
"OLA1",0.395692276190829,1.48541215052926,0.00156033670834363,0.0579101660760898
"WWC2-AS2",0.452960962852606,1.5729627813357,0.0015670488300489,0.0581079408157573
"AC011444.3",-0.852220929412911,0.426466726892847,0.00156791117044247,0.0581079408157573
"ANKDD1B",-0.206268980478729,0.813614200510431,0.00156875773239646,0.0581079408157573
"MRTFA",0.516530142673829,1.67620136776494,0.0015706073919856,0.0581382549774
"HSP90AA1",0.419672785794925,1.52146362964672,0.00157427678395204,0.0582075767117369
"AC108053.1",-0.436328280574271,0.646405488735617,0.00157832509115524,0.0582075767117369
"POPDC3",0.129677606650519,1.13846129180475,0.00157890652616857,0.0582075767117369
"ELDR",0.43464567851084,1.54441574230834,0.00157920181430989,0.0582075767117369
"NGRN",0.313304283106628,1.36793770804205,0.00157959338959363,0.0582075767117369
"AP000704.1",-0.440499628301872,0.643714722631249,0.00158051703725404,0.0582075767117369
"ZNF154",-0.25733211475094,0.773111409420365,0.00158066153737623,0.0582075767117369
"RPL34P22",-0.969889344296229,0.37912498812473,0.00158287229978249,0.0582075767117369
"ALYREF",0.342926013761666,1.40906450668735,0.00158334158076814,0.0582075767117369
"RRM1",0.403088443269187,1.49643923578918,0.00158369512366315,0.0582075767117369
"LINC01354",-0.439571735001253,0.644312298410295,0.00158383749602321,0.0582075767117369
"EAF2",-0.392106255544616,0.675632320466294,0.00158563168812429,0.0582355518239056
"TMC3-AS1",-0.390959350021252,0.676407651437097,0.00158692731140284,0.0582451914763324
"LMO3",-0.120417667643873,0.886550076097259,0.00158837231523343,0.0582602977512036
"RNA5SP283",0.849536133165928,2.33856181902279,0.00159234634503915,0.0583680868322022
"TMEM11",0.411799439671884,1.50953165380289,0.00159554402312304,0.0584472968470334
"ADAMTS7P3",-0.253580711695573,0.776017108740794,0.00159668647573293,0.058451166724623
"HMGN1P31",3.25240716521979,25.8524963067843,0.00159899939075007,0.0584827569702684
"AC027117.1",-0.158647187170965,0.853297360123108,0.00159962415297563,0.0584827569702684
"WARS1P1",-0.513299283870526,0.598517638122877,0.00160160658537171,0.0585106623847055
"AC023202.1",-0.680720273804064,0.506252220800766,0.00160381451552915,0.0585106623847055
"PSMA5",0.406246052332879,1.50117187386158,0.00160415343624694,0.0585106623847055
"MYO1H",-0.503909769663358,0.604163894308105,0.00160453888262301,0.0585106623847055
"ARHGAP9",-0.240640158267992,0.786124455884145,0.00160775579822538,0.0585900716746954
"C2orf92",-0.267171182515766,0.765542012840539,0.00160947379680504,0.0586147899022487
"OR1F1",0.40256529199645,1.49565657644087,0.00161216133859067,0.0586747628304633
"TRBV7-6",-0.423361171340545,0.65484208020436,0.00161423987095216,0.0586999525513411
"NKAPP1",-0.561180515343345,0.570535140651287,0.00161493590192866,0.0586999525513411
"CENPC",-0.586912077895486,0.55604164976076,0.00162195716761103,0.0588911628943999
"MIR1302-8",-1.03062010295754,0.356785648122378,0.00162228565302616,0.0588911628943999
"C19orf48",0.28124733302828,1.32478122557009,0.00162406715697256,0.0589178957795913
"AL512662.1",-0.356414965714603,0.700182008414978,0.00162581837701926,0.058943496349092
"RASGRF1",-0.141228176748173,0.868291165237769,0.00162852743816545,0.0590037679010383
"RPE65",0.293564202447593,1.34119928492286,0.00163692315178308,0.0592490956883083
"WDR4",0.456550959784689,1.57861986126904,0.00163835048344135,0.0592490956883083
"AL034550.2",-0.676109467054145,0.508591841582305,0.00163845147186875,0.0592490956883083
"AL031726.1",-0.782501614044875,0.457260689562858,0.00164256364027318,0.0593427899162355
"AL031595.1",-0.601148823099617,0.54818151062979,0.0016431477057479,0.0593427899162355
"PPIAP22",0.34858677754417,1.41706350687916,0.00164819700218084,0.0594278661867948
"CREBRF",-0.378917756847275,0.684601914170823,0.00164890834461299,0.0594278661867948
"PRKCE",-0.373311046203875,0.688451059448177,0.00164905091202168,0.0594278661867948
"AC021660.4",-0.706675705711453,0.493281287034728,0.00164971992660589,0.0594278661867948
"AC026202.2",-0.50474706443075,0.603658242759992,0.00165101928715603,0.0594366943376169
"UPK1B",0.0919072602985291,1.09626315024909,0.00165545510247853,0.0595385032537942
"MAOB",-0.189647989526394,0.827250283460588,0.00165595950585265,0.0595385032537942
"KRT18P28",0.456564840498997,1.57864177379242,0.00165871341122864,0.059579018614984
"CCT5",0.317145523630528,1.37320239078328,0.00166043023981207,0.059579018614984
"AC097376.3",-0.406752123159772,0.665809208531383,0.00166123960357298,0.059579018614984
"GLUD1P3",-0.432846906916033,0.648659789531509,0.00166131363102659,0.059579018614984
"LINC01031",-0.547360648338346,0.578474595157663,0.00166369553046689,0.0596265093614759
"GALNT11",-0.396443172312958,0.672708504083379,0.00166899665105741,0.0597628514315235
"AL390778.2",-0.410551535603942,0.66328432431464,0.00166961989152564,0.0597628514315235
"KIRREL3",0.207921918271183,1.23111703804915,0.00167124578710938,0.0597830916840599
"C19orf84",0.254285831407854,1.28954034272701,0.00167552338378864,0.059897694322379
"EIF5A",0.30417170744331,1.35550178585444,0.00167657445793802,0.059897694322379
"HTATIP2",0.306549119836807,1.3587282063459,0.00167871409118363,0.0599361530111263
"AC008124.1",-0.433552444058133,0.648202297365243,0.00168029656208475,0.0599546829013227
"AC007342.7",-0.402162890664347,0.668871783846921,0.00168344922530275,0.0600291799656341
"WHAMMP3",-0.369094640244333,0.691359976876899,0.00168588949251912,0.0600781959736145
"AC022880.1",5.67321021472997,290.96710359906,0.00168825194606826,0.0601243788449428
"MIEF1",0.547723205179165,1.72931124537949,0.00168932370835963,0.0601245665293449
"SPATA13",-0.367619314734036,0.692380710659735,0.00169149867395001,0.0601463455080765
"AL161757.2",-0.714707735956276,0.489335105956091,0.00169206939080122,0.0601463455080765
"PPM1K",-0.330722269732281,0.718404664056065,0.00169711617809239,0.0602685063497003
"SLC46A3",-0.262859362833171,0.768850018596378,0.00169764417630417,0.0602685063497003
"KLRK1",-0.374639970174554,0.687536767979117,0.00169947724237747,0.0602759517933387
"AC022400.4",-0.426570515257504,0.652743835553015,0.00169999225470783,0.0602759517933387
"TUBAL3",0.227798723427826,1.2558325303254,0.00170306673572913,0.0603470083554153
"TRBV23-1",-0.525592733077384,0.591204833831036,0.00170457528922364,0.0603616089055524
"PSMB7",0.434847085602453,1.54472682991782,0.00170600471479374,0.0603616089055524
"AC093752.1",-0.403270433056264,0.668131390075981,0.00170774317713909,0.0603616089055524
"HMGN3",-0.322365399021124,0.724433434694217,0.00170853804185057,0.0603616089055524
"AL132775.1",-0.69692043444175,0.49811692794774,0.00170897587628476,0.0603616089055524
"RPP25",0.278515426152559,1.32116698576227,0.00170990296264664,0.0603616089055524
"AC007610.4",-0.521686831943523,0.59351853706839,0.0017125022804714,0.0603936242862956
"KIAA1671-AS1",-0.367299659938422,0.692602068851507,0.00171295241297337,0.0603936242862956
"FAAH",-0.268965632888808,0.764169517495702,0.00171545608963245,0.0604440953181995
"CMAS",0.346567629668091,1.41420513282006,0.00172137064455764,0.0606146105294076
"TIMELESS",0.276189570996197,1.31809771344108,0.00172724318214283,0.060737585342662
"TRBV1",-1.11080768637753,0.329292888257895,0.00172741296072339,0.060737585342662
"Z97832.2",-0.319851384547047,0.726256962061209,0.00172809505622304,0.060737585342662
"AC040168.1",-0.5719868451473,0.564402942708098,0.00173014913570144,0.0607718926319652
"AC104984.3",-0.804064004026677,0.447506594963742,0.00173300645576753,0.0608343536428082
"IGHJ5",-0.267730311679817,0.765114095616501,0.00173438791313181,0.0608449614130175
"LINC01281",-0.353823374586145,0.701998947260657,0.00173698406319604,0.0608981427529479
"AC015961.2",-0.481376632685584,0.617932140428354,0.0017388448858724,0.0609143697687268
"AC009299.2",-0.523455428640782,0.592469769840469,0.00173960790633692,0.0609143697687268
"CCR7",-0.195796139440882,0.822179827634167,0.00174226037574139,0.0609422752014935
"AC012020.1",-0.299367594426793,0.741286866424681,0.00174306458079145,0.0609422752014935
"RNF175",-0.274260691658447,0.760133888865104,0.00174465095277863,0.0609422752014935
"GPC4",-0.192363020269345,0.825007319744413,0.00174472882388269,0.0609422752014935
"AC104024.3",0.453778942811926,1.57424995973889,0.00174698514736278,0.0609833031998293
"AL162586.1",-0.261123534776455,0.770185769011192,0.00175137130121905,0.0610985819786666
"PCNAP4",0.483664781821825,1.62200782799949,0.00175435417845167,0.0611304336976576
"SMIM35",-0.423114605818349,0.655003561590874,0.00175445298926511,0.0611304336976576
"LINC02655",1.91640171047087,6.79645879075492,0.00175979264705839,0.0612413026501413
"EZH1",-0.466395210914501,0.627259335319006,0.00176137014982309,0.0612413026501413
"FUT1",-0.305086812178502,0.737059385883203,0.00176192997909673,0.0612413026501413
"PRAMENP",-0.467707346353878,0.626436825855371,0.00176247373766397,0.0612413026501413
"MYBL2",0.152072329235491,1.16424444229724,0.00176306645028344,0.0612413026501413
"ELOCP28",-0.781751899554148,0.457603633066657,0.00176452431715433,0.0612542012955004
"MAPRE3",-0.275720235210231,0.759025249599572,0.00176960509163519,0.061392773320631
"AL136366.1",-0.357164159194129,0.699657633073612,0.00177284259965179,0.0614666254348671
"SUMO2P19",-0.585190693260836,0.556999635607387,0.00177391442426793,0.0614666254348671
"TBC1D10C",-0.225203753329482,0.798353534995401,0.00177990152692816,0.0616361968563281
"MIR6774",-0.831244060532039,0.435507151908334,0.00178222569153655,0.0616787940982593
"HNRNPCP2",0.383774318820352,1.46781414627179,0.00178615233767992,0.0617767633061613
"AC122129.1",-0.396358491164326,0.672765472224229,0.00178776142078068,0.0617945051244217
"AC133785.1",0.204897387823895,1.22739911240728,0.00178976471004522,0.0618258427043561
"KRT18P2",0.857185335982235,2.35651854243023,0.00179236600295107,0.0618777867620145
"AC012511.1",-0.360146262538747,0.697574289622593,0.00179469242330317,0.0619201836328884
"FAM210B",-0.382271221552633,0.68230997093768,0.00179621201819977,0.0619347087082752
"POC1A",0.284297817690782,1.32882862049937,0.00180105082567251,0.0620447863661422
"ASTL",-0.554995325001576,0.574074944989626,0.0018016055640942,0.0620447863661422
"AC112206.2",-0.262178145547949,0.769373950954417,0.00180307475410572,0.0620574739544957
"AC069209.2",-0.541893663703089,0.581645767357815,0.00180677120433526,0.0621467562023212
"HTR1D",0.147185214393718,1.15856852672636,0.00180857267139161,0.0621707883673008
"PSMD1",0.405393314651827,1.49989231368113,0.00181094749791997,0.0622144888133676
"AC022164.1",-0.349444829379381,0.70507942046044,0.00181343200392307,0.0622146313021211
"HDAC2",0.425008052649842,1.52960273696902,0.00181364691246098,0.0622146313021211
"KRT7",0.225654628632734,1.25314279089221,0.00181426234320787,0.0622146313021211
"AL022324.2",-0.473131991988752,0.623047828428124,0.00182042646855924,0.0623880623656508
"FDCSP",-0.132273039670274,0.876101751885957,0.00182936510410835,0.0625756649462182
"MT2P1",0.353320932341815,1.42378800973831,0.00183072286298733,0.0625756649462182
"BTBD9-AS1",-0.661353786597304,0.516152101495188,0.00183265977679645,0.0625756649462182
"NPTN",0.425529240478632,1.53040015508267,0.00183301092394103,0.0625756649462182
"CLPTM1",0.410693447905121,1.50786304712483,0.00183340420696371,0.0625756649462182
"PRKCB",-0.214368154886688,0.807051210475963,0.00183347053244906,0.0625756649462182
"TPBG",0.261847232646968,1.29932803236261,0.00183367032941593,0.0625756649462182
"EFCAB6",-0.284946261963112,0.752054667174966,0.00184374581311141,0.0628814361524313
"AC114760.2",-0.402592445610806,0.668584528364046,0.00184564817235635,0.0629082595917544
"GGH",0.178968015041292,1.19598249010555,0.00184863565338468,0.0629720142569273
"SERPINB7",0.140650463103355,1.15102225291663,0.00185246372260071,0.0630434235914523
"MIR3671",-0.624244053857557,0.535666210308418,0.00185332145535616,0.0630434235914523
"FAM189B",0.405883248300609,1.50062734143786,0.00185676108750325,0.0630434235914523
"RNA5SP63",3.63204119334473,37.7898743856188,0.00185814741035289,0.0630434235914523
"RNA5SP317",-0.611925173636794,0.542305830568887,0.00185814773858935,0.0630434235914523
"AC073308.1",9.67885548068175,15976.2013881128,0.00185932582194637,0.0630434235914523
"AC136475.4",9.67885548068175,15976.2013881128,0.00185932582194637,0.0630434235914523
"ZNF526",0.544053210935074,1.72297631475253,0.00186063202120694,0.0630434235914523
"AC012676.3",-0.572715822618157,0.563991655606108,0.00186144594966772,0.0630434235914523
"PAPLN",-0.234472303347685,0.790988141311531,0.00186191464949213,0.0630434235914523
"UMPS",0.478299809569175,1.61332910238632,0.00186452079995187,0.0630937722797638
"PCP2",-0.313690344992242,0.730745272061728,0.00186803773962971,0.0631748623931402
"UNC13B",-0.231882426172554,0.793039358498261,0.00187116942609112,0.0632428342717703
"AC130888.1",-0.778585886424629,0.459054708026161,0.00187504699275512,0.0633359192711579
"AC010260.1",-0.581987704883051,0.558786559186706,0.0018771417594881,0.0633368388564265
"AL592164.1",-0.646493391110864,0.52387960049454,0.00187890907881571,0.0633368388564265
"HLA-DOB",-0.212820285360051,0.808301387757144,0.00187923234921236,0.0633368388564265
"AL049776.1",-0.390835048532799,0.676491735140729,0.00188071086112884,0.0633368388564265
"LINC00862",0.211716676727335,1.2357977052236,0.00188116394321433,0.0633368388564265
"AC008655.2",-0.568289212001388,0.566493760893795,0.00188181504690851,0.0633368388564265
"CPS1",0.0635367928099498,1.06559869145036,0.00188607757561842,0.063407949904481
"AP005131.2",-0.516818625868103,0.596414952068691,0.00188617730931273,0.063407949904481
"ZNF295-AS1",-0.377836082230869,0.685342831327124,0.00189246705517887,0.0635690548601613
"COQ10A",-0.417828351046622,0.658475245311617,0.0018932248316697,0.0635690548601613
"DRC3",-0.276945225952634,0.758096019960616,0.0019009434587662,0.0635964024079375
"RAB5IF",0.288948295576742,1.33502270016524,0.00190201883577852,0.0635964024079375
"PRMT8",-0.174540236771099,0.839843060976346,0.00190212409673846,0.0635964024079375
"CYCS",0.319621802975251,1.37660703718772,0.00190237239233978,0.0635964024079375
"AC004987.2",0.911316075933707,2.48759424291943,0.00190292953359395,0.0635964024079375
"KSR1",-0.231370056408686,0.79344579200034,0.00190442558692969,0.0635964024079375
"ADGRD1",-0.136476988159683,0.872426396165546,0.00190484863382017,0.0635964024079375
"AC069368.2",-0.665250118939452,0.514144914242296,0.00190523953465222,0.0635964024079375
"BNIP3P40",-0.521399521487335,0.593689085649053,0.00190530123225241,0.0635964024079375
"NUF2",0.179200669581146,1.19626077323212,0.00190532005936935,0.0635964024079375
"MRPL51",0.370553761639508,1.44853653657342,0.00191059327183989,0.0637197295552113
"SEPSECS-AS1",-0.378842217265957,0.684653630666086,0.00191127541290376,0.0637197295552113
"AL031846.2",-0.32067178824722,0.725661382503499,0.00191513782325954,0.0638107623664776
"KCNK3",-0.143492044472061,0.86632769225399,0.00191638001525921,0.0638144357591572
"TNIP2",0.478911022962189,1.61431549215765,0.00192202612046228,0.0639447779012981
"CADM3-AS1",-0.308550793690695,0.734510642745236,0.00192256276682809,0.0639447779012981
"HGF",-0.199235613260079,0.819356819257059,0.00192813911273257,0.0640924355067284
"AC022028.2",0.388157674826125,1.47426222000223,0.00192987911241444,0.0641097391303309
"CSNK1E",0.393801284036383,1.48260590193975,0.00193093403298038,0.0641097391303309
"HIF1A-AS1",0.462652750704774,1.58828171693902,0.00193428783611954,0.0641832907881549
"ANAPC4",-0.539355715207229,0.583123829187231,0.00193595384690169,0.064200784748782
"NT5C3A",0.361247284743722,1.43511829986461,0.00194127195690916,0.0643392991432749
"MS4A2",-0.166832183041446,0.84634162989852,0.00194505319479498,0.0644267443653125
"MIR6503",-0.77000203468778,0.463012126225155,0.0019464337365405,0.064434614404702
"LCN10",-0.56814262243412,0.566576809055913,0.00195160348204849,0.0645544129098569
"STK24",0.37548193753396,1.45569279859055,0.0019523427346975,0.0645544129098569
"CCDC30",-0.296070772610695,0.74373479010478,0.00195619312389589,0.064643812164569
"AC012181.2",-0.453597899180774,0.635338151881822,0.00195859494061152,0.0646852655957323
"AL591506.1",0.479462116140157,1.61520537559429,0.00196106838137651,0.0647290345834206
"OLFM1",-0.161717624466187,0.850681382237898,0.00196432453558865,0.0647978384856516
"MIR186",-0.410937652790525,0.663028268274431,0.00196545167820463,0.0647978384856516
"GDPD2",0.273238657733098,1.31421385469991,0.00196745450163683,0.0648084188793343
"AC017048.3",0.368675247314736,1.44581799414939,0.00196979435947204,0.0648084188793343
"RNU6-1262P",-0.668136102580347,0.512663239503665,0.00197033830480773,0.0648084188793343
"AC090948.3",-0.458760327566992,0.63206671571466,0.00197057647355572,0.0648084188793343
"AP2S1",0.37362668734912,1.45299462792163,0.00197152047640944,0.0648084188793343
"AL590764.1",-0.397955876523051,0.671691664379837,0.00197280801866573,0.064812951550291
"LBHD2",0.558788220262017,1.74855235566599,0.00197632990896483,0.0648817745548348
"FGF12",0.146243046338013,1.1574774745281,0.0019786617318929,0.0648817745548348
"AC008763.1",-0.332539607815798,0.717100265526266,0.00197906855406856,0.0648817745548348
"STIMATE",-0.595388169024746,0.551348507912572,0.00197950638985235,0.0648817745548348
"AC007671.1",-0.523832365622555,0.592246488157839,0.00198067010660372,0.0648821951945911
"CENPO",0.318192376827739,1.37464068480649,0.00198293544791134,0.064918681075174
"AL356750.1",-0.451094667950159,0.636930542414956,0.00198636179418209,0.0649931123092336
"DUT",0.418679365714864,1.51995292763105,0.00198834293055357,0.0650201978265013
"ABCC8",-0.20277478571333,0.816462099650449,0.00198979310138859,0.065022331668518
"FAIM2",-0.172747682360278,0.841349875479707,0.00199091899652035,0.065022331668518
"DEXI",-0.288859956989386,0.749117106672074,0.00199186829132132,0.065022331668518
"AC004777.1",-0.716395196202504,0.488510068722249,0.00199443532553021,0.0650617400476585
"AC079140.1",-0.790351258204519,0.45368540656937,0.00199538364804884,0.0650617400476585
"ELOCP5",4.15692076684216,63.8745348842741,0.00200456062578521,0.0653158800189685
"LINC00968",-0.297781549572199,0.742463513505818,0.0020054950388966,0.0653158800189685
"AC091980.1",0.925108494146737,2.5221418831462,0.00200826683338629,0.0653352023468543
"COX6CP4",1.782633197986,5.94549148064269,0.00200921782305432,0.0653352023468543
"CPSF2",0.519608992418658,1.68137009269909,0.00201305956143486,0.0653352023468543
"UMODL1-AS1",-0.280213066931503,0.755622726087188,0.00201314339426569,0.0653352023468543
"KIF26B-AS1",-0.336209639698284,0.714473308146085,0.00201401901620877,0.0653352023468543
"INTS13",0.364455170202624,1.43972938695595,0.00201476547653589,0.0653352023468543
"MAPK1IP1L",0.52106936539532,1.68382731393928,0.00201526338558245,0.0653352023468543
"LINC02448",0.428913556160668,1.53558828651269,0.00201535967222186,0.0653352023468543
"RN7SKP142",3.86592896501756,47.7476076937666,0.00201901143885028,0.065400330086754
"EFHC1",-0.272466568498775,0.761498886800626,0.002020815127907,0.065400330086754
"TRAF7",0.450857454559292,1.5696575186226,0.0020218875023168,0.065400330086754
"MIR3135B",-0.844585167840191,0.429735589382863,0.00202200892828885,0.065400330086754
"SNAI2",0.199171156109919,1.22039082537183,0.00202539707222472,0.0654691454944973
"AC012085.1",0.301567519809221,1.35197639724481,0.00202743971220502,0.0654691454944973
"BNIP3P9",-0.734976256265309,0.47951684436046,0.00202842816303199,0.0654691454944973
"PER3",-0.210236465993568,0.810392593021689,0.00202878170105873,0.0654691454944973
"MICU3",-0.274204322901796,0.760176737874969,0.0020314199876716,0.0655167810211523
"KPNA4",0.507595009984847,1.66129099839419,0.00203279339878977,0.0655235909949526
"KLHL6",-0.19745881493174,0.82081394520996,0.00203555546621355,0.0655751285504314
"SS18L1",-0.366306551591972,0.693290239404252,0.00203849842146374,0.0656324311870015
"CXCR6",-0.23172061540973,0.793167691184334,0.00204356256672781,0.0657579242362141
"TMEM81",0.436856174773557,1.54783344355105,0.00204878428191943,0.0658883415159667
"ITGA9-AS1",-0.381859672719049,0.682590832600543,0.00205075364107057,0.0659140748397917
"ZDHHC15",-0.212407335473171,0.808635244652123,0.00205259287869755,0.0659279344284006
"AC073863.1",-1.45225292044248,0.234042414748152,0.00205380895971758,0.0659279344284006
"MARCHF4",0.193938858115932,1.21402205309135,0.00205545249664753,0.0659279344284006
"MRPS35",0.343158993449218,1.40939282834051,0.00205586257849312,0.0659279344284006
"CD160",-0.430906770757657,0.649919499452905,0.00205893532206579,0.0659889355979425
"GLS2",-0.540782692874013,0.582292317921112,0.00206848274170595,0.0662257005087125
"LILRA4",-0.29968566650238,0.741051121266435,0.00206867210507738,0.0662257005087125
"AC005300.1",-0.779683982794381,0.458550898384154,0.00207158989615537,0.0662715671065924
"AL031283.2",-0.500589353966265,0.606173303777583,0.00207245588209384,0.0662715671065924
"TRBV18",-0.37138620573985,0.689777494082895,0.00207656991553689,0.0663413007972003
"APTR",-0.327857625950056,0.720465588007206,0.00207699013599863,0.0663413007972003
"ZCCHC18",-0.404423071685186,0.667361719687708,0.00208415094422167,0.0664722440139962
"AL442128.2",-0.423497279130478,0.654752957161376,0.00208447836675015,0.0664722440139962
"AC090948.2",-0.553302579902166,0.575047530476874,0.00208462692310106,0.0664722440139962
"SPNS3",-0.305819163106985,0.736519797365797,0.00209987101961838,0.0669204797071825
"FKBP9",0.374300060301379,1.4539733646943,0.00210156156081361,0.0669365166962869
"LINC02611",-0.351042894359716,0.703953557570879,0.00210538539831566,0.0670163596190404
"PAFAH1B2",0.491070542686577,1.63406461984821,0.00210644581461862,0.0670163596190404
"RALGPS1",-0.319671258706777,0.726387791489278,0.00211235983048912,0.0671493589529342
"AL160396.2",-0.615604216091633,0.540314330048504,0.00211395768420458,0.0671493589529342
"CIRBP",-0.346361073945004,0.707257068896848,0.00211447878316247,0.0671493589529342
"PPIA",0.370971481145954,1.44914174493541,0.00211539061835553,0.0671493589529342
"FDPS",0.382523787502278,1.46597974593936,0.00212018326153549,0.0672365012870274
"MARVELD1",0.30299446550468,1.35390697122976,0.00212052113112556,0.0672365012870274
"PABPC1",0.345852528890493,1.41319419513414,0.00212235742209898,0.0672568982733288
"LIFR",-0.210177505022113,0.810440375964883,0.0021250393803551,0.0673022894066004
"ESCO2",0.227769117747472,1.25579535109929,0.00212617740586695,0.0673022894066004
"BTK",-0.207762355144709,0.812400076472189,0.00212806403496312,0.0673242076515605
"AC107959.1",-0.339245519475025,0.712307542244724,0.00213307879843018,0.0674153328929776
"AC007686.3",-0.402613441580994,0.668570490930585,0.00213333606288265,0.0674153328929776
"TMPO-AS1",0.288161760177636,1.33397307039255,0.00213640808768436,0.0674631058146202
"CBX1",0.410162945197353,1.50706333383917,0.00213821768603361,0.0674631058146202
"RSRC1",0.43084462849431,1.53855648354785,0.00213881092417716,0.0674631058146202
"AURKB",0.169475398261945,1.18468320140881,0.00213963447560205,0.0674631058146202
"AC090541.1",0.252287796206037,1.28696636803041,0.00214300941112973,0.0675317487768864
"HABP2",-0.10809435106589,0.89754290830521,0.00214775172828335,0.0675888755474545
"AL512430.1",-1.57087692899295,0.207862821475227,0.00214790051142203,0.0675888755474545
"OR11K2P",3.12200888961546,22.6919194469727,0.00214974836707945,0.0675888755474545
"CLDN14",0.309557766347945,1.36282229496794,0.00215017506004272,0.0675888755474545
"SAPCD2",0.201786579228547,1.22358684139552,0.00215182527515084,0.0675888755474545
"AC060766.6",-0.56428265630078,0.568768002596624,0.00215270830076893,0.0675888755474545
"POU6F1",-0.405166419128787,0.666865822394248,0.00215321449700632,0.0675888755474545
"AL096861.1",6.61677223404932,747.528352304075,0.00215668838295863,0.0676602472329858
"IL17F",-1.05112766458789,0.349543359115126,0.00215983343062073,0.0676766902014543
"UBE2D1",0.434658560180066,1.54443563708922,0.00216124249655527,0.0676766902014543
"AL024497.1",0.345662506753853,1.41292568246617,0.00216135232272871,0.0676766902014543
"RPS6KA5",-0.336826993667399,0.71403236133761,0.00216268767572196,0.0676766902014543
"AC109462.2",-0.687481499810051,0.502840880536695,0.00216420788517394,0.0676766902014543
"INMT",-0.146304334672826,0.863894750047682,0.00216441521983153,0.0676766902014543
"AC006001.3",-0.459276509590318,0.631740538429134,0.00216807299705956,0.0677468027672137
"AC024145.1",-0.425897200051482,0.653183485898151,0.00216906093009119,0.0677468027672137
"ITGB4",0.164313198526466,1.17858338787358,0.00217338118278733,0.0677730148350092
"AC091180.2",-0.566072842684221,0.567750712703976,0.00217488365073626,0.0677730148350092
"KLHDC7A",-0.138697088093089,0.870491670817988,0.0021757248152367,0.0677730148350092
"AC007686.2",-1.09703160912957,0.333860643156979,0.00217582308391549,0.0677730148350092
"KRAS",0.33340776988066,1.39571631352292,0.0021759109701179,0.0677730148350092
"MYOZ1",-0.224287879588174,0.799085060975967,0.00218190693356343,0.0678919303159151
"RIMKLA",-0.169226772915443,0.844317413353093,0.00218213739414712,0.0678919303159151
"COL22A1",0.146711611575614,1.15801995531987,0.00218351041844534,0.0678971777993792
"AL356583.2",-0.79473588760961,0.451700518873494,0.00218547066957934,0.0679206694973566
"C20orf197",-0.172140946895397,0.841860507181051,0.00218785796176718,0.0679573996983946
"ENPP1",0.178968025321505,1.1959825024005,0.00218982483481277,0.0679783281782018
"ITGA5",0.21663295918005,1.24188819481327,0.00219094335000342,0.0679783281782018
"AC020704.1",1.9034218904612,6.70881202906921,0.00219335572436668,0.0680157438486776
"AL109659.2",-0.381005314291906,0.683174259022818,0.00219682453361347,0.0680841046770545
"DPEP2",-0.244329027901299,0.783229887376151,0.00219797556606072,0.0680841046770545
"AC003991.1",-0.283705861534104,0.752988094899161,0.00220232057405297,0.0681600685340928
"RCAN2",-0.199043286781483,0.819514418423582,0.00220284597823749,0.0681600685340928
"OAS1",0.216928538739105,1.24225532583383,0.00220637155486886,0.0682095304600969
"AC016229.2",-0.591030138199035,0.553756545044584,0.00220686433161659,0.0682095304600969
"PLUT",0.269220602853287,1.30894386595015,0.00221180841745719,0.0683248829274336
"AL359878.1",-0.278053663547089,0.757256183371097,0.00221341031305544,0.0683369221296897
"AC010967.3",5.12211825613245,167.690204476855,0.00221812219566055,0.06835347212201
"ZNF248",-0.384666151889975,0.680677841287333,0.0022197572802341,0.06835347212201
"ABCA8",-0.158185014100415,0.853691822332012,0.00222004012788112,0.06835347212201
"GMFB",0.39801995936133,1.4888737465798,0.00222057540431618,0.06835347212201
"RNU6-471P",10.3439435935994,31068.3095649535,0.00222485847424238,0.06835347212201
"MIR518C",10.3439435935994,31068.3095649535,0.00222485847424238,0.06835347212201
"AL731661.1",10.3439435935994,31068.3095649535,0.00222485847424238,0.06835347212201
"AP002770.1",10.3439435935994,31068.3095649535,0.00222485847424238,0.06835347212201
"PRAMEF29P",10.3439435935994,31068.3095649535,0.00222485847424238,0.06835347212201
"AC009090.4",-0.337077097917822,0.713853801139363,0.00222757700263041,0.0683997173748866
"CENPE",0.197961551342317,1.21891552725482,0.00222908238337901,0.0684086817884458
"AC090844.2",-0.497717511464231,0.607916640130509,0.00223170746072569,0.0684519803078736
"AC108721.2",0.893028403500415,2.44251538429496,0.00223741567225888,0.06855533372938
"PYHIN1",-0.240499325772646,0.7862351755492,0.00223750911845571,0.06855533372938
"AL590677.1",-1.59902795181527,0.202092866553145,0.00224067419552067,0.0685612527828879
"C5orf64",-0.626950866942964,0.534218222601079,0.00224091756488833,0.0685612527828879
"LMO7DN",-0.448904305859822,0.6383271799418,0.0022413507322063,0.0685612527828879
"ICAM3",-0.255576317524134,0.774470028669961,0.00224727158964258,0.0687050884694632
"NR3C2",-0.181002255379397,0.834433476729596,0.00225107308282066,0.0687465879442394
"CD79B",-0.196453507514306,0.821639530471376,0.00225163447011848,0.0687465879442394
"C12orf76",-0.36481607031457,0.694324345992703,0.00225228728418139,0.0687465879442394
"ASF1B",0.230409845691682,1.25911594744126,0.0022556105136857,0.0688107674889312
"MIR600HG",-0.230000864290789,0.794532915795556,0.00225709695042939,0.0688188738114697
"SEC14L3",-0.257201859666105,0.773212117671325,0.00226259038852365,0.0689215171888421
"COL6A6",-0.150681561767028,0.860121550641148,0.00226450416173093,0.0689215171888421
"AC009120.2",-0.244271981193844,0.783274569336874,0.00226581814942546,0.0689215171888421
"KARS1",0.495366198591598,1.6410990972117,0.00226740181467285,0.0689215171888421
"PPT2",0.298074691675302,1.34726241340829,0.0022681358651826,0.0689215171888421
"FAM215A",-0.703477140224199,0.494861605563769,0.00226872486924701,0.0689215171888421
"COL4A4",-0.165107320837936,0.847802712307857,0.00226902114201949,0.0689215171888421
"SIGLEC17P",-0.253231489316934,0.776288158606958,0.00227412559509836,0.0690352007037834
"AC109597.2",-0.592868799838512,0.552739309590085,0.0022768674182997,0.0690352007037834
"KRT8P13",0.488309655102212,1.62955937322872,0.00227884952599179,0.0690352007037834
"ZNF490",-0.573317118696502,0.563652631572498,0.00227895889466006,0.0690352007037834
"TTC9",0.232011693391721,1.26113447568155,0.0022802788399778,0.0690352007037834
"ASCL4",-0.781985106219659,0.457496929291763,0.0022808108783623,0.0690352007037834
"GGT6",-0.111426468279054,0.894557167312928,0.00228133565544112,0.0690352007037834
"IFNL3",0.604928745099478,1.83112172784056,0.0022845799596123,0.0690856328009807
"TM4SF19",0.250998871153867,1.2853086334147,0.00228545312143162,0.0690856328009807
"SPOCK1",0.121782848242416,1.12950880032626,0.00228728147317819,0.0691038479806504
"NDUFS2",0.472574194222021,1.60411819473795,0.0022977069074642,0.0693251619835243
"NAGPA-AS1",-0.283261233283313,0.753322969120415,0.00229977096316169,0.0693251619835243
"AC008267.3",-0.396191024561555,0.672878147406726,0.00229999125451684,0.0693251619835243
"AC008937.3",-0.582354656301967,0.558581549282579,0.00230036518519058,0.0693251619835243
"CAPZA1",0.465092272215329,1.59216109434069,0.00230075525172368,0.0693251619835243
"AC133104.2",2.74696422474474,15.5952163772132,0.00230452354460905,0.0694016129011111
"AC015726.2",-0.746999070840068,0.473786220398938,0.00230990783673716,0.0695063917532
"MDH1P2",2.04546537550811,7.73275633609035,0.00231046860624196,0.0695063917532
"PCNA",0.289349602716105,1.33555856182139,0.00231254578179095,0.069531776530265
"FYB2",-0.156201874500086,0.855386492219431,0.00231789560334073,0.0696554810948492
"RUFY3",-0.389979114312543,0.677071015444107,0.00232340113034268,0.0697837304870533
"AC009275.1",0.215684338112325,1.24071067210764,0.00232672556193277,0.0698383596643457
"TNIK",-0.195879304273414,0.822111454029669,0.00232815752289943,0.0698383596643457
"ADGRE4P",-0.255847793271325,0.774259807376534,0.00233007171159689,0.0698383596643457
"LINC02623",-0.705076757959786,0.494070648945623,0.0023301751548289,0.0698383596643457
"DNM1P49",4.48561687095048,88.7316699234737,0.00233371226890464,0.0699072066268693
"ABCC6",-0.186737840809804,0.829661211188912,0.00233777779927752,0.069991800962331
"AL031595.2",-0.512003253627157,0.59929383796366,0.00234063179706849,0.0700400521186481
"TUFT1",0.32673570582628,1.38643500206053,0.00235313265269613,0.0703597047628571
"BFSP2-AS1",-0.581509585579714,0.559053789706042,0.00235381018842679,0.0703597047628571
"B3GAT1-DT",-0.113046535894655,0.893109097518069,0.00236146502586567,0.0705150975751822
"AC024075.1",-0.360862481514015,0.697074852554209,0.0023615102920027,0.0705150975751822
"IL21-AS1",-0.428200543547835,0.651680711331395,0.00236763022555089,0.0706426089525864
"LINC00520",0.269784997005346,1.30968283472868,0.00236874622061508,0.0706426089525864
"RSRP1",-0.220377335194693,0.802216036500474,0.00237023367456683,0.0706426089525864
"TTC34",-0.257473054629349,0.773002454870526,0.00237079282209262,0.0706426089525864
"SAMM50",0.545974646450154,1.72629008521395,0.00237349759975349,0.0706602377448513
"SLC15A2",-0.163414495160218,0.849239109951279,0.00237389119995651,0.0706602377448513
"LRRC27",-0.400507221476034,0.669980131525731,0.00237842264973652,0.0707577600535862
"SLC34A2",-0.105230773122712,0.900116775856837,0.00238345745140783,0.0708701462450251
"NCKAP1",0.467868183559077,1.59658693240858,0.00238566385476771,0.0708715432275594
"LCNL1",-0.351370107749673,0.703723252222485,0.00238601867897523,0.0708715432275594
"SFXN1",0.391436251950356,1.47910363453059,0.00238778666386676,0.0708867093007648
"AC092427.1",-0.790505223593836,0.453615560096228,0.00238929795208267,0.0708942428140067
"AC018445.4",-0.853077647289913,0.426101521685224,0.00239454417268455,0.0710012974200147
"MAGEB18",1.51401278505299,4.54493208649742,0.00239542478524315,0.0710012974200147
"AC004080.4",0.838660404076638,2.31326605847447,0.00239775819473396,0.0710331140232904
"PTGER4P3",1.83020909199814,6.23519025062294,0.00240137809748465,0.0710993476111593
"ING2",0.414745529343203,1.51398542680265,0.00240262136318118,0.0710993476111593
"TP53TG3",1.97510621319999,7.20738513260624,0.00240498794825695,0.0710993476111593
"AC106886.4",-0.420470755717369,0.65673758406101,0.00240503859611325,0.0710993476111593
"LINC02313",0.247097798086829,1.28030431796861,0.00240705805100132,0.0711217529786427
"CAND1",0.31894864028239,1.37568066852095,0.0024083686159911,0.071123200154591
"PTCSC1",-0.368693550220465,0.69163733008461,0.00241054759037451,0.0711443255829678
"LCE3E",0.497449115926544,1.64452093343349,0.00241160788614041,0.0711443255829678
"MTND2P32",-1.42652918162556,0.240140963144399,0.00241413041379586,0.0711447166742722
"AL589935.1",-0.487331859456694,0.614263150081021,0.00241466704584309,0.0711447166742722
"LHFPL3-AS2",-0.136250823383498,0.872623730600381,0.00241540704758332,0.0711447166742722
"ZC3H6",-0.379115178112773,0.68446677253492,0.00241889969394786,0.0712103859770258
"PSMC5",0.509022051449736,1.6636634219049,0.0024277701765978,0.0713909524535113
"TMEM213",-0.142363539178308,0.867305899493033,0.00242882503722095,0.0713909524535113
"CCDC181",-0.229395690989151,0.795013891425595,0.0024295364376375,0.0713909524535113
"TRPC2",-0.347278539629559,0.706608482379408,0.00243009858376416,0.0713909524535113
"AL157829.1",0.201949647570875,1.2237863859427,0.00243376350748101,0.0714158150528825
"TFAM",0.415574012293322,1.51524025764669,0.00243443987442715,0.0714158150528825
"MYH16",0.200925271846013,1.22253341074477,0.00243474522015823,0.0714158150528825
"MIR635",-0.600671608445418,0.548443173309491,0.00243722982624144,0.0714475683763495
"MHENCR",-0.255856286384885,0.77425323152799,0.00243836245132852,0.0714475683763495
"GABPB1-IT1",-0.425776813667437,0.653262125029581,0.00244330334064148,0.0714915156402798
"PGM5",-0.188064065674507,0.828561623173006,0.00244342074489774,0.0714915156402798
"AL592158.1",-0.51229019993185,0.599121897481454,0.00244366664252198,0.0714915156402798
"KLHL32",-0.252926526113017,0.776524934033031,0.0024465641842282,0.0715391610218098
"RNU6-856P",-0.662665382375882,0.515475562347694,0.00245099145388171,0.0716314640767419
"SNRPN",-0.280647482881028,0.755294542812338,0.00245449324828967,0.071696638013253
"SCARF1",-0.269429803233214,0.763814894976577,0.00246346671452994,0.0719213737226579
"TERF1P7",-0.482208600384721,0.617418254645087,0.00246473843536567,0.0719213737226579
"AL360181.3",-0.422674439819798,0.655291935349122,0.0024669944003386,0.0719408220242637
"COL21A1",-0.160356037538346,0.851840447792897,0.00246795710577065,0.0719408220242637
"TSPAN11",-0.135278258180543,0.873472826909869,0.00247433086675631,0.0720726969311118
"RUSC1",0.378319238665817,1.4598289023268,0.00247621190442839,0.0720726969311118
"CROCCP2",-0.257798594986004,0.772750852331284,0.00247631641045061,0.0720726969311118
"LINC00578",-0.164447181346321,0.848362565129496,0.00248236347387163,0.0721821104847313
"RN7SL148P",1.59560758986683,4.93132438479243,0.0024837157618811,0.0721821104847313
"AC020978.9",-0.369718059324434,0.690929104197176,0.00248571167758712,0.0721821104847313
"ZKSCAN7-AS1",-0.665151892239877,0.514195419480766,0.00248676988277742,0.0721821104847313
"TRAV9-2",-0.383904284545155,0.681196625104083,0.00248767561645744,0.0721821104847313
"ZNF175",-0.326184811776823,0.721671801658517,0.00248781141918029,0.0721821104847313
"ZAP70",-0.199842202411255,0.818859957010415,0.00248903829257694,0.0721821104847313
"AC015871.3",-0.295305762153965,0.744303972683797,0.00249561111320442,0.0723355126570759
"HNRNPA0",0.522483989190903,1.6862109817243,0.00249907100756829,0.0723706261203909
"PSMD14",0.367918973884066,1.44472497377806,0.00249938997191005,0.0723706261203909
"OR52P1P",-0.954283232446031,0.38508806428591,0.00251238126338324,0.0726647602510577
"AC080013.4",-0.594320345228843,0.551937565417995,0.00251284844140062,0.0726647602510577
"AC027288.1",-0.183237660427661,0.832570263217598,0.00251460028765813,0.0726647602510577
"LINC02009",-0.177003868303789,0.837776543742548,0.0025147039032534,0.0726647602510577
"IARS2",0.422605550618036,1.52593227419823,0.00251821993211625,0.0727290814000952
"ARL6IP1",0.3841299984001,1.46833631064658,0.00251995486991254,0.0727419230651252
"Z98884.1",-0.510629602940102,0.600117624023536,0.00252247599018337,0.0727774341978392
"AC093523.1",-0.406868410989267,0.665731787525313,0.00252523802876086,0.0728189216411124
"AL353763.1",-0.468565490365541,0.625899483436143,0.00252763924001457,0.0728189216411124
"TUBAP9",-0.675131987859672,0.509089222576115,0.00252778894656693,0.0728189216411124
"SOWAHCP5",-0.867548659341738,0.419979801998135,0.00253358884809375,0.0729378418172653
"MAP4K1",-0.236376212517593,0.789483604441251,0.00253450461402055,0.0729378418172653
"BTNL9",-0.180002974421867,0.835267726968985,0.00253857173219865,0.0730176122318526
"SSRP1",0.455603501096245,1.57712489248814,0.0025502638349567,0.0732834652657686
"PBX4",-0.308800609538637,0.734327173263943,0.00255041434034763,0.0732834652657686
"TNRC6C",-0.303329080806648,0.738356077572664,0.00255188269546692,0.0732870451225614
"MFSD2A",-0.182631385576865,0.833075182674225,0.00255313886442299,0.0732870451225614
"AC009879.4",-0.705384935094239,0.493918411128125,0.00255758813850502,0.0733773989294448
"CAPNS1",0.368986249355327,1.44626771642454,0.00255919414382261,0.0733861287142134
"ZNF767P",-0.270540762921573,0.762966798606558,0.00256371306535547,0.0734660609199275
"LINC01941",1.14156487808235,3.1316652069503,0.00256458790780505,0.0734660609199275
"NBN",0.368850614700784,1.44607156570516,0.00256764192847272,0.0735161916503698
"AC023051.1",-0.565219980082156,0.568235132596579,0.0025693652452503,0.0735281903889496
"DSCC1",0.219190416848189,1.2450683361051,0.0025750556966387,0.0736057442677725
"AVPR2",-0.334157222972391,0.7159412109728,0.00257602235770374,0.0736057442677725
"SPART-AS1",-0.540818070265056,0.582271718302462,0.00257727562004417,0.0736057442677725
"CCR6",-0.489765311951036,0.612770187150196,0.00257792036533448,0.0736057442677725
"DARS2",0.329697334926778,1.39054719469752,0.00257860339379968,0.0736057442677725
"RTRAF",0.428219466690191,1.53452282065913,0.00258101778023432,0.0736190515473296
"CYP2B7P",-0.0937665070181708,0.910495331693002,0.00258168129894052,0.0736190515473296
"RASSF10-DT",-0.324972796530848,0.722547009159997,0.0025831029959613,0.0736223531346383
"NXPH1",0.195747646054357,1.21621994870226,0.00258491172625721,0.0736366768466278
"ALK",-0.296089013880696,0.743721223561401,0.00258647287833412,0.0736439368631133
"AP002448.1",-0.480822396522048,0.618274715692222,0.00259067371224937,0.0737263105511208
"PDIK1L",-0.406729018097453,0.665824592272359,0.00259455596401687,0.0737480558845724
"SEC62-AS1",-0.542355375308415,0.581377276744224,0.00259500735318094,0.0737480558845724
"AC131956.2",-0.52833642976352,0.589584970310889,0.0025953622618666,0.0737480558845724
"CLCA1",-0.462041925168421,0.629995926702895,0.00259835895210542,0.073789040874124
"AL445309.1",-0.340336813884266,0.711530629003854,0.00259942236370105,0.073789040874124
"SERPINH1",0.3290727981273,1.38967901793541,0.0026059383429443,0.0739367790749007
"PWP1",0.508769720298093,1.66324368075681,0.00261446393761487,0.0741212269498374
"ANOS1",-0.166337080990877,0.846760759122273,0.00261506883076534,0.0741212269498374
"AC092802.1",-0.383764146851538,0.681292093117203,0.0026172476125954,0.074145704224964
"AC091152.4",-0.671318032628618,0.511034573462096,0.00262359220443782,0.0742881135697572
"AL049839.3",0.833638750791029,2.30167875642788,0.00262685088965926,0.0743430450579471
"CPEB3",-0.448316195925524,0.638702696909463,0.00262950009217787,0.0743548250377563
"C22orf31",-0.488596362590578,0.613486903289397,0.00262990494404154,0.0743548250377563
"AC097655.1",5.79255995641122,327.851235898995,0.00263461775286429,0.0744507320478583
"GPR55",-0.353766668627892,0.702038755912337,0.00263850550942548,0.0745232397792439
"GGT2",-0.240507096515928,0.786229065941229,0.00264013449511833,0.0745319090119134
"DRAIC",-0.128491557945815,0.879420986506698,0.00265229052122424,0.0747689990748512
"AL136456.1",-0.585262520687893,0.556959629193485,0.00265316097379007,0.0747689990748512
"DDIT4",0.184429016867599,1.20253161879415,0.00265383205277488,0.0747689990748512
"AC025165.1",-0.465510458546584,0.627814550078796,0.0026545727457723,0.0747689990748512
"FCF1",0.564790545012374,1.75907929620027,0.00265516418596303,0.0747689990748512
"NSDHL",0.423146861554848,1.52675850162988,0.00265792977194804,0.0747923669162306
"AC092279.1",-0.221201395940988,0.801555234062815,0.00265864735525979,0.0747923669162306
"AC005414.1",-0.588771642556213,0.555008615153981,0.00266326734248313,0.0748763465477783
"MAL",-0.191818186735919,0.825456933868836,0.00266428890263309,0.0748763465477783
"IGKJ5",-0.252537389120256,0.776827167411945,0.00266671281605308,0.0749071259181906
"STK17B",-0.324311749277991,0.723024804780804,0.00266817229723682,0.0749107975244139
"TXNRD1",0.15084152150452,1.16281236272501,0.00266980875479279,0.0749161180210453
"LINC02656",-0.343762825297688,0.709097087997836,0.00267101953353024,0.0749161180210453
"TOP2A",0.173225441738836,1.18913415533973,0.00267786553294337,0.0750083072012577
"WBP2NL",-0.331882985708547,0.717571284037387,0.00267910403375533,0.0750083072012577
"COA6",0.255507614524475,1.2911168442213,0.00268084376489917,0.0750083072012577
"FBXO25",-0.365001518740167,0.694195596574442,0.00268309124028949,0.0750083072012577
"SCN4B",-0.188533307212502,0.828172918847865,0.0026836036685092,0.0750083072012577
"IWS1",0.643710508605324,1.90353085934464,0.0026844434865927,0.0750083072012577
"AC025262.3",-0.439307520330903,0.644482557663327,0.00268553248398467,0.0750083072012577
"TAPT1",-0.349258869105826,0.705210549414357,0.00268710131411472,0.0750083072012577
"AL662907.2",-0.43912650551807,0.644599229112188,0.00268752262150209,0.0750083072012577
"AC015977.1",-0.998726241863628,0.368348329164391,0.00268761140461439,0.0750083072012577
"ADRA1A",-0.296188701862306,0.743647087189057,0.00269627842002998,0.0752129600235576
"LRFN4",0.217338538046613,1.24276475408265,0.00270031223004226,0.0752261025744747
"BCL2L10",0.213283155189551,1.23773507273856,0.00270155604951476,0.0752261025744747
"LINC01177",4.43757652415616,84.5697404011153,0.00270224630262706,0.0752261025744747
"AL121957.1",-0.771276002707756,0.462422639157047,0.00270270185275844,0.0752261025744747
"FETUB",0.22790165289744,1.25596179915435,0.00270342138172069,0.0752261025744747
"KRT8P3",0.219336511991735,1.24525024783028,0.00270920442242832,0.0753498315337044
"KLF14",0.339931915475012,1.4048519386305,0.00271212177828267,0.0753937758246862
"AF165147.1",-0.406027250927704,0.666292010102088,0.00271477845559613,0.0754304338160117
"KAT2B",-0.31530804981834,0.729564097561901,0.00272012265330859,0.0755416919718844
"TTLL12",0.289685573906784,1.33600734640675,0.00272374401010179,0.0756050183719834
"SQOR",0.274588240043773,1.31598869184568,0.00273101663943272,0.0757645887744423
"AC004494.1",-0.357424448700245,0.699475543232914,0.00273218051969705,0.0757645887744423
"MAP3K3",-0.374067908282434,0.687930194084822,0.00273569519985468,0.0757722769802481
"TTLL10-AS1",-0.349081378476737,0.705335728787166,0.00273578720973651,0.0757722769802481
"FJX1",0.241445650700709,1.27308826158229,0.00273761696430314,0.0757722769802481
"ACTB",0.425325879083164,1.53008896241487,0.00274172516119285,0.0757722769802481
"TM4SF20",0.130413843949078,1.13929977809531,0.00274176637093786,0.0757722769802481
"AC023194.1",-1.81594785848283,0.162683634223991,0.00274276937700987,0.0757722769802481
"MASTL",0.327427715140727,1.38739476003826,0.00274313123409181,0.0757722769802481
"INCENP",0.281005088801213,1.32446034383351,0.0027442131542884,0.0757722769802481
"AL354743.2",-0.317079820392443,0.728272621799142,0.00274632475388263,0.0757722769802481
"ASPA",-0.286510545017348,0.750879160455569,0.00274718600608609,0.0757722769802481
"CCDC69",-0.23520506889511,0.790408744759997,0.00274804786401651,0.0757722769802481
"AL121935.2",-0.534881795276332,0.585738523113147,0.00274918637794392,0.0757722769802481
"SPATA6L",-0.234680800867469,0.790823239437303,0.00275155469451714,0.0757722769802481
"STYK1",0.213954734319884,1.23856658896551,0.00275173979373759,0.0757722769802481
"ZNF253",-0.345358348058241,0.707966609546364,0.0027547938748839,0.0757722769802481
"VN1R91P",3.51907620882091,33.7532331180552,0.00275517479026042,0.0757722769802481
"AL691432.4",-0.274405203585183,0.760024048389068,0.00275608778059853,0.0757722769802481
"JMJD7-PLA2G4B",-0.224149131233122,0.799195940405716,0.00275711579895264,0.0757722769802481
"OR14L1P",-0.699864188263765,0.496652750483629,0.00275799475598604,0.0757722769802481
"CNGA3",-0.128055217428812,0.879804797244612,0.00276631373320526,0.0759284549107265
"GMDS-DT",-0.389923558498532,0.677108631720405,0.00276758754507261,0.0759284549107265
"LINC02754",-0.427089517220206,0.652405148118545,0.00276874598439577,0.0759284549107265
"LINC00528",-0.378746375980338,0.684719251894813,0.002769066682568,0.0759284549107265
"ZNF146",0.364442628652933,1.43971133063153,0.00277609268153275,0.0760841035557074
"FMC1",-0.506453702173724,0.602628895430383,0.0027777758679313,0.0760932421430977
"RPSAP35",6.59087571444872,728.418477262346,0.00278192693824475,0.0761699432105322
"AC004696.1",-0.732782873350361,0.480569762718753,0.00279797299726731,0.0765582757779516
"AC080023.1",0.489611196758996,1.63168169347968,0.00280038454508751,0.0765582757779516
"MIR4539",-0.36351740334295,0.695226627843443,0.00280150222567433,0.0765582757779516
"AL359885.1",-0.715522189506591,0.488936727494149,0.00280352814608899,0.0765582757779516
"LNCTAM34A",-0.360931176741022,0.697026968483694,0.00280356781221239,0.0765582757779516
"CFAP91",-0.194198258454561,0.823494623311839,0.00280425783101799,0.0765582757779516
"RAB30",-0.319239545118697,0.726701450669673,0.00280684740731534,0.076563109072425
"TRAV8-2",-0.363089416753483,0.695524239199092,0.00280715102974142,0.076563109072425
"MTMR2",0.411816598696646,1.50955755611615,0.00281007774958706,0.076605871958762
"CD79A",-0.134214740499278,0.874402274859951,0.00281608673057806,0.0766859254961596
"SFTPD",-0.0927235311523168,0.911445451739942,0.00281712784501033,0.0766859254961596
"FAM238A",-0.599907556134735,0.548862372708078,0.00281715139863951,0.0766859254961596
"JPT2",0.403066296650836,1.49640609508751,0.00281845532900601,0.0766859254961596
"RNF26",0.390476648750567,1.47768496273993,0.0028266624432986,0.0768689233201292
"SMAGP",0.265730169124794,1.30438304837789,0.00282790809858713,0.0768689233201292
"FIGLA",-1.15214180497522,0.315959320911283,0.00282987338063666,0.0768852731116976
"ZNF20",-0.63367233735167,0.53063953113369,0.00283191061305533,0.0768996267441976
"AL353622.1",-0.240128252021831,0.786526980922122,0.00283380562024129,0.0768996267441976
"GAPT",-0.218247780978742,0.80392621936036,0.00283458924915465,0.0768996267441976
"HOXA9",0.178968829226352,1.19598346385702,0.00283585788280805,0.0768996267441976
"AC007728.2",-0.371160167979397,0.68993342746562,0.00284244820222787,0.0770412787734607
"SULT2B1",0.171257238432507,1.18679599930154,0.00284765510342236,0.077116248288507
"AC136604.2",-0.483800851832833,0.616435951779151,0.00284908792064635,0.077116248288507
"JCHAIN",-0.128949460436753,0.879018389628485,0.00284966860932046,0.077116248288507
"AL139393.2",0.275755681776532,1.31752592910725,0.00285068577822564,0.077116248288507
"U2AF2",0.516610878600113,1.67633670289814,0.00285612634095774,0.0772263686320544
"LINC02362",-0.188833853750057,0.827924051744555,0.0028623516537351,0.077302748973286
"AL121985.3",-0.603293615687434,0.547007034942616,0.00286310352663491,0.077302748973286
"EP300-AS1",-0.437723360214288,0.645504330339109,0.00286348380339458,0.077302748973286
"FAM83H",0.262210875602716,1.2998006097683,0.00286556569775194,0.077302748973286
"KRT8P18",0.640731246035944,1.89786818059765,0.00286580717599985,0.077302748973286
"CEACAM19",0.210746520969296,1.23459937034384,0.00287042529121805,0.0773902899176034
"AL021328.1",-0.2640371750789,0.767944990710434,0.00287325703645208,0.0774119494814444
"INSYN1",-0.204130531653504,0.815355934482442,0.00287561502167076,0.0774119494814444
"AC092902.6",-0.544769769836696,0.579975295777021,0.00287618503393963,0.0774119494814444
"RHOD",0.231801652013499,1.26086961307518,0.00287672119631804,0.0774119494814444
"BTBD9",-0.247563854940217,0.780700367643954,0.00287843222473455,0.0774210377393297
"ARL6IP6",0.333627818325016,1.39602347252016,0.00288223397683535,0.0774656328012421
"GINS3",0.310638819166855,1.36429637448693,0.00288283839962051,0.0774656328012421
"AP001021.2",-0.647531820793829,0.523335870728511,0.0028857535898334,0.0775070244785363
"MRPL44",0.454362367587316,1.57516868414529,0.00290015482941371,0.0778243335385883
"A2M-AS1",-0.464637211009843,0.628363027031402,0.002901128812803,0.0778243335385883
"TRIM7",0.192312602690458,1.21204934763711,0.00290354432423715,0.0778243335385883
"GINS2",0.201916895810234,1.22374630544026,0.00290503044802234,0.0778243335385883
"AC002487.1",6.46255693520253,640.697185127606,0.00290760422389404,0.0778243335385883
"ATP8B3",0.16290840983757,1.17692888964366,0.00291155344850098,0.0778243335385883
"UBASH3A",-0.246981302203879,0.781155299277353,0.00291188316065111,0.0778243335385883
"POLR3G",0.257979613222438,1.29431243149563,0.00291211234513525,0.0778243335385883
"TRAV12-1",-0.360573510586905,0.697276316027758,0.00291313946502041,0.0778243335385883
"YDJC",0.297452529886343,1.34642445891363,0.00291335870896719,0.0778243335385883
"ZNF396",-0.360903875154522,0.697045998685543,0.00291390250680877,0.0778243335385883
"BEST3",0.225339007866348,1.25274733541442,0.00291413310805946,0.0778243335385883
"PAK4",0.331625713888692,1.39323128379203,0.00292047859562733,0.0779568661491886
"AC097382.3",-0.414719429602168,0.660525578633586,0.00292828918561242,0.0781283630516261
"KBTBD8",-0.25655003444852,0.773716281123541,0.00293195216372104,0.0781890894900365
"STK26",0.28513003494662,1.32993495489884,0.0029350073874757,0.0782213544894217
"KL",-0.216504160077018,0.80532918468427,0.00293593703170882,0.0782213544894217
"ABCA5",-0.250808189569314,0.778171618678249,0.0029386564805453,0.0782343135150649
"AC092658.1",-0.698403396885512,0.497378786704138,0.00293919887939739,0.0782343135150649
"GINS1",0.200989386978589,1.2226117961493,0.00294114122096838,0.0782490691237912
"LINC00336",-0.356075130757094,0.700419995173876,0.00294397943946891,0.0782772405596312
"FAM167A-AS1",-0.487420602570312,0.614208640875196,0.00294581489993886,0.0782772405596312
"CHIA",-0.113315912810787,0.892868546944451,0.00294636555391545,0.0782772405596312
"PCP4L1",-0.107186649923785,0.898357978892455,0.00295261399839085,0.0784062961720595
"TROAP",0.162171658159148,1.17606210465069,0.00295911651534571,0.0785419739496845
"IGFALS",-0.191342522477827,0.825849667626173,0.00296058697216548,0.0785440240672004
"AC138474.1",-0.939450210228429,0.390842657595015,0.00296586783992426,0.0786140721902981
"AC013828.1",3.10746142075641,22.3641989866329,0.00296601624004477,0.0786140721902981
"AC211476.1",-0.868947457104797,0.419392745872689,0.00296937005021515,0.0786659802400983
"AL139123.1",-0.486094746610419,0.615023533157838,0.00297179666085732,0.0786932872487046
"KPNA4P1",-0.622908205158381,0.536382257477509,0.00297770876415235,0.0788128212619027
"SHISAL2A",-0.323024099584085,0.723956407109373,0.00298526349839067,0.0789448732301277
"AC012651.1",-0.522134182296731,0.593253085720501,0.00298644416151853,0.0789448732301277
"PIK3CG",-0.211402094130155,0.809448526935468,0.0029868989392625,0.0789448732301277
"AC025442.2",-0.575389118596998,0.562485952472852,0.00298944635667751,0.0789455329818606
"AL590609.2",-2.02252761742712,0.132320586215901,0.00298972457989698,0.0789455329818606
"AC009090.5",-0.509213182359362,0.600968245253563,0.00299450849420886,0.0790348365494
"TRAV14DV4",-0.388589917531097,0.678012253950953,0.00299630167342106,0.0790451582315329
"LETM1",0.413028561700971,1.51138819313515,0.00301318663784938,0.0794534190343296
"REV3L",-0.320321530071825,0.725915595852842,0.00302535778754753,0.0797370596684336
"GFRA1",-0.150186468720812,0.86054749627243,0.00303282858021708,0.0798966093637
"MIR6769A",-0.77706551291363,0.459753173473982,0.00303569906129323,0.0799348763565938
"SSB",0.484492279225027,1.62335059075485,0.0030385251213861,0.0799719384889181
"AL157895.1",-0.324460437694967,0.722917307359155,0.00304235085025901,0.0800352643650033
"KIF18B",0.163906973770224,1.17810471535503,0.0030494339923279,0.0801841841191593
"TPI1P1",0.228808922073405,1.25710181165181,0.0030553994529872,0.0802705298987592
"AC006042.2",-0.359477019672278,0.698041292491494,0.00305556543853301,0.0802705298987592
"ARL14",0.119725501701459,1.12718739808618,0.00306322616132198,0.0804183477057024
"FCF1P7",-0.528800748718957,0.589311278378426,0.00306408073354133,0.0804183477057024
"PLK4",0.233028416097943,1.26241735179269,0.00306547164076122,0.0804183477057024
"AC025588.3",3.1057093449575,22.3250495212568,0.00306731748601321,0.0804293444611539
"LCA5",-0.257374671273203,0.773078509187524,0.00307025234876096,0.0804566017372995
"AC007491.1",-0.725049050320996,0.484300813262406,0.00307121127676083,0.0804566017372995
"ZNF844",-0.278519924995953,0.756903186306734,0.00307311093898646,0.0804575819926052
"TRIP4",0.529162041762216,1.69750927060159,0.0030741030156817,0.0804575819926052
"TBRG4",0.375235659751701,1.45533433793872,0.0030763456575346,0.0804789154474109
"ERMN",-0.290876217823216,0.74760821286286,0.00308135580113683,0.0805725949187802
"B3GNT3",0.172823606553075,1.18865641538831,0.00308517481596873,0.0806012810556027
"AL162586.2",-0.428417397419952,0.65153940716749,0.00308531226972454,0.0806012810556027
"CDY2B",7.426364272208,1679.68956436713,0.00308929636013785,0.0806214867835304
"TRGV3",-0.454174554502582,0.63497188637002,0.00309003162409295,0.0806214867835304
"PHF14",0.407874833695094,1.50361894696374,0.00309272550650254,0.0806214867835304
"HDC",-0.191169965523933,0.825992186025109,0.00309382342513897,0.0806214867835304
"GPR37",0.142204618502639,1.15281251117511,0.00309387682178066,0.0806214867835304
"AC018845.3",-0.549097570993136,0.577470701623212,0.00309558810858004,0.0806214867835304
"HACD4",-0.259189672420368,0.771676643385358,0.00309609619139959,0.0806214867835304
"AC108477.2",0.437733274672144,1.54919164365894,0.00310093748282889,0.0806833298549113
"VMAC",-0.489655807017363,0.612837292182996,0.00310185145320412,0.0806833298549113
"GCLC",0.131875076719454,1.14096577717613,0.00310276463611196,0.0806833298549113
"ANKHD1-EIF4EBP3",-0.354423922829228,0.701577489591731,0.0031091987546085,0.080800074481667
"AL161911.1",-0.595184107803217,0.551461028242713,0.00311012064753117,0.080800074481667
"SNORA16B",-0.587792228146114,0.555552464873044,0.00311781466694774,0.0809346922227469
"RAB1A",0.582919774227782,1.79126088020652,0.0031181735402974,0.0809346922227469
"RASAL3",-0.225169779647438,0.798380658465298,0.0031213810261365,0.0809366313938968
"FARSB",0.451707293981078,1.57099204244578,0.0031220076901282,0.0809366313938968
"S100A10",0.24308071909894,1.2751715506629,0.00312307597331892,0.0809366313938968
"PAQR4",0.262910809482784,1.3007107027177,0.00312417096133572,0.0809366313938968
"INTS8",0.388959325241197,1.47544453676186,0.00312542653867804,0.0809366313938968
"AC124014.1",-0.501969816781097,0.605337081392126,0.00312983230956585,0.0810135106905805
"LINC00211",-0.612711476381007,0.541879581608433,0.00313176967507206,0.08102645580627
"CTSH",-0.177243074683366,0.837576166215371,0.00313774871781979,0.0811439090439487
"AC107373.2",0.370737950326497,1.4488033651888,0.0031396953980568,0.0811570232741176
"AL359844.1",-0.624421942031733,0.535570930099161,0.00314917103625963,0.0812564870789031
"RPL18AP7",-0.629170344163086,0.533033852253137,0.00314929123275769,0.0812564870789031
"DNAJA1",0.462879012376385,1.58864112487387,0.00314956754104973,0.0812564870789031
"MIR5685",-0.592770519874877,0.552793635458859,0.00315052324744464,0.0812564870789031
"AC104117.1",-0.94695564144928,0.387920195797145,0.00315074997790695,0.0812564870789031
"KCNRG",-0.385504379543881,0.680107517361402,0.00315735147187562,0.0813895046083493
"CYP2U1",-0.305707588320791,0.736601978989329,0.00315956493203244,0.0814073134598701
"SPATS2L",0.30143992239326,1.35180389955545,0.00316093034560195,0.0814073134598701
"AP1S3",0.299521453203926,1.34921299150741,0.00316697668762828,0.0815249976677937
"ADAM10",0.368558813733671,1.4456496621827,0.00316839204431205,0.0815249976677937
"SLC20A1P2",-1.41535369308653,0.242839707531784,0.00317058795475283,0.0815442821793547
"SNRPA1",0.381216735148864,1.4640648853465,0.00317226010058737,0.0815500845557291
"EFCC1",-0.233919770148415,0.791425309283622,0.00317613974260072,0.0816126044343019
"FMO3",-0.207439296425996,0.812662571798395,0.00317977530312254,0.0816464668853589
"FAF2",0.490902068607542,1.63378934550525,0.00318035407407847,0.0816464668853589
"ATXN1-AS1",-0.406798693991415,0.665778201964832,0.00318825215178771,0.0818119723755958
"PCDH15",-0.233707704615019,0.791593161111142,0.00319433602257195,0.0819307950903166
"NUDCD1",0.311169447622776,1.36502050106964,0.00319738244273748,0.0819413175352857
"AIMP2",0.360844889569159,1.43454093135876,0.00319765323147489,0.0819413175352857
"LINC00906",-0.671553285308628,0.510914365349306,0.00320102707025707,0.0819850734077545
"TRAV23DV6",-0.408674054703649,0.664530797713859,0.00320226925719943,0.0819850734077545
"MIR616",-0.477662869037615,0.620231260900943,0.0032042137089615,0.0819976178195251
"FRMPD2B",-0.472616044770505,0.623369371164443,0.00320578899814561,0.0820007080578297
"AL031716.1",-0.416498585574835,0.659351445398056,0.00320818563340488,0.0820247951332579
"GPC5-AS1",-0.62032925236402,0.537767347272188,0.00321613341183693,0.0821223550811983
"AC012360.2",-0.571880083876625,0.564463202300072,0.00321661320782452,0.0821223550811983
"CCDC88C",-0.280439959610495,0.755451300270926,0.00321711422552267,0.0821223550811983
"ATAD3C",-0.179290995213878,0.835862631978559,0.00321782819594095,0.0821223550811983
"TMEM250",0.465560200093275,1.59290628523711,0.00323577023186425,0.0825428880504883
"RXFP1",-0.25620865162167,0.773980459665214,0.00323856903751658,0.0825769190678584
"MPV17L",-0.175778997096133,0.838803340828144,0.0032479623685394,0.0827789902752157
"AC073862.4",-0.554358741999148,0.57444050768488,0.00325506523217502,0.0829095752957873
"STIP1",0.404836572924689,1.49905749345508,0.00325720767185236,0.0829095752957873
"C5orf38",-0.124166652201046,0.883232635954262,0.00325764780630442,0.0829095752957873
"JAML",-0.189868522876627,0.827067867299258,0.00325896868978758,0.0829095752957873
"ACTN1",0.29506398484236,1.34321230116409,0.00326199340632573,0.0829490934934684
"LHFPL3",-0.216039201596188,0.805703716382646,0.00327103958700798,0.0831352734215573
"AC022001.3",-0.729163984929868,0.482312041723495,0.00327226429194047,0.0831352734215573
"FAM104A",0.525887602167421,1.69195996941744,0.00327420597304092,0.0831471333045743
"AL035250.1",1.15115632319158,3.16184691359231,0.00327568611405839,0.0831472671617091
"BCL9L",0.260759725526779,1.29791577193678,0.00327922929570009,0.0831997438228569
"EAF1",0.550429254280704,1.73399718385165,0.00328179446838722,0.0832273706476823
"MTHFD1L",0.398153998870362,1.48907332786139,0.00328423515167414,0.0832518169562865
"RNU6-1095P",-0.583373490339204,0.558012737199356,0.00328904727100957,0.0833363276181733
"PNMA8C",-0.423815061482783,0.654544921283287,0.00329407495274423,0.0834262217142447
"TRPA1",0.1886988550747,1.20767721185258,0.00329742974309143,0.0834577206409337
"TRMT10B",-0.417142191600339,0.658927219366733,0.00329827943784589,0.0834577206409337
"MCM2",0.205127831863598,1.22768199180976,0.00330709687227758,0.0836097749328068
"AC023510.2",-0.400182264386424,0.670197881697183,0.00330759353810242,0.0836097749328068
"AP4B1-AS1",-0.388090144039009,0.678351191191658,0.00331101256124597,0.0836097749328068
"TMEM130",-0.137842139871661,0.871236214351456,0.00331156906675667,0.0836097749328068
"TFG",0.434073086296213,1.54353167500733,0.0033133806303478,0.0836097749328068
"AP003548.1",-0.526382421464163,0.590738150530995,0.00331352221325296,0.0836097749328068
"SEC14L6",-0.15773058245394,0.854079855072918,0.00331534341701292,0.0836097749328068
"ELOVL6",0.157701342324928,1.17081646916154,0.00331901724138527,0.0836097749328068
"MTUS1",-0.231863582643965,0.793054302298882,0.00332042588254173,0.0836097749328068
"H1-0",0.32357569006399,1.38206076057663,0.00332057962507677,0.0836097749328068
"CLIC1",0.356140360574299,1.42780794214256,0.00332068084461942,0.0836097749328068
"ITGB1P1",0.227834043981537,1.2558768878091,0.00332208556565715,0.0836097749328068
"FLT3",-0.267144284157549,0.765562604940776,0.00332649134748439,0.0836833004041856
"FAM32BP",-0.672002391513893,0.510684962054546,0.00333245351481998,0.0837958962317088
"SCGB3A1",-0.0721775983184702,0.93036564976297,0.00333969307018523,0.0839404977818826
"POU2AF1",-0.140808196215188,0.868655907211035,0.00334164031446816,0.0839520117506492
"EIF3J",0.431984398832815,1.54031108432293,0.0033481973278938,0.0840457947486147
"KRT18P29",0.612060519798486,1.84422755379975,0.00335007445148958,0.0840457947486147
"AC009053.1",-0.36612332698905,0.693417278871099,0.00335088437408523,0.0840457947486147
"AC026333.2",3.50236695619882,33.1939276205716,0.00335133650125738,0.0840457947486147
"C20orf194",-0.345494422733664,0.70787027977393,0.00335320428865122,0.0840552445429085
"C17orf58",0.353613627907734,1.42420480716997,0.00336168597281783,0.0841838983278178
"DYNLL1",0.416513973011623,1.51666519355464,0.00336171117524009,0.0841838983278178
"ITGAL",-0.204763237794886,0.814840216941314,0.0033634030260958,0.0841838983278178
"KRT8P33",0.399798643454513,1.49152433921426,0.0033665045568227,0.0841838983278178
"AC004706.1",-0.393791855899017,0.674494433668084,0.00336837465384457,0.0841838983278178
"NKIRAS2",0.470126737389166,1.60019698515448,0.00337066947137343,0.0841838983278178
"METTL9",0.377529392799706,1.45867631774507,0.00337071324303444,0.0841838983278178
"KRT8P32",0.459459330580493,1.5832177561218,0.00337129404383632,0.0841838983278178
"AL359396.1",5.67570626095674,291.69427809315,0.00337177597602194,0.0841838983278178
"HERC2P7",-0.241191580590106,0.785691088806332,0.00337343212893401,0.0841879635682974
"AC105020.6",-0.698333748932621,0.497413429324824,0.00337602430267225,0.0841978374493201
"SAMD3",-0.290968018718368,0.747539584909798,0.00337810215038221,0.0841978374493201
"SMPD4",0.462740291392217,1.58842076229835,0.00338256287297974,0.0841978374493201
"SELENOI",0.285607018929783,1.33056946388425,0.00338294137213505,0.0841978374493201
"PABPC1P13",2.69662018439711,14.8295258664865,0.00338381853553671,0.0841978374493201
"AL008733.1",-0.284789840707397,0.752172313711341,0.00338383014318954,0.0841978374493201
"MASP2",-0.287313444370811,0.750276522024488,0.00338428231268908,0.0841978374493201
"SMARCE1",-0.42082099253742,0.656507610652889,0.00338943256043375,0.0842660750233904
"DLGAP4-AS1",-0.468611321695722,0.625870798287602,0.00339001451243525,0.0842660750233904
"PLAUR",0.201675123164865,1.2234504728223,0.0033975688267131,0.0844156332025144
"NDUFA6-DT",-0.416967665910862,0.659042229129794,0.00340045792639076,0.0844156332025144
"FAM185BP",-0.46242623150778,0.629753861791012,0.00340052332558022,0.0844156332025144
"AC010149.1",-0.48832480879145,0.61365352061046,0.00340515245949671,0.0844625469535175
"HAT1",0.449235434830157,1.56711356688711,0.00340564477671982,0.0844625469535175
"TYRO3",0.231484108793498,1.26046929604058,0.00340690775812933,0.0844625469535175
"AL356488.1",-0.572837255763906,0.563923172483336,0.00341098784184356,0.0845265277238559
"RN7SKP223",3.735010576446,41.888468591886,0.00341786039353516,0.0846596210658778
"KSR2",-0.198236277580416,0.820176041031515,0.00342138015063229,0.0846768846082492
"AC010226.1",-0.422203544369718,0.655600582004402,0.00342301357302056,0.0846768846082492
"LTC4S",-0.296858278484325,0.743149325147952,0.00342306336068894,0.0846768846082492
"GPR31",-0.434242358760907,0.647755247300858,0.00342961889305124,0.0848018397871302
"AC105233.4",-0.418089058173005,0.658303598498364,0.0034338055508182,0.0848601460926678
"DBH",-0.333918475614637,0.716112160451283,0.00343498746600447,0.0848601460926678
"AC006547.1",-0.390950883479188,0.676413378295174,0.0034402747315093,0.0849535384422114
"ZFP2",-0.3205446188939,0.725753670260204,0.00344542525737503,0.0849928936949341
"SIX5",0.357690011063423,1.43002226068526,0.00344727674571825,0.0849928936949341
"SLC25A1",0.34965368871494,1.41857619457255,0.0034484497558179,0.0849928936949341
"KCNK16",-0.376972948975347,0.68593462887961,0.00344982806170254,0.0849928936949341
"AC020659.1",-0.25474983430744,0.775110379733742,0.00344983445570331,0.0849928936949341
"TNFRSF19",-0.176006762396302,0.8386123122891,0.00345091410649397,0.0849928936949341
"CAMSAP2",0.405503820060296,1.50005806905217,0.00346308343393869,0.0852153760575816
"PRSS3",0.123563773138161,1.1315221629604,0.00346465780585298,0.0852153760575816
"AC009113.1",-0.356479691298128,0.700136690192549,0.00346588622782866,0.0852153760575816
"RNF4",0.572407741886246,1.77252971171309,0.00346639100779965,0.0852153760575816
"DNAJC18",-0.392354396020602,0.675464689539571,0.00346750519150156,0.0852153760575816
"AP003084.1",-0.615371277545158,0.54044020474315,0.00347016517462126,0.0852429335156278
"STRN4",0.440436012705336,1.55338436619804,0.00347313086645611,0.0852429335156278
"ANP32E",0.251991134825909,1.28658463143754,0.00347325083664767,0.0852429335156278
"AC012557.2",-0.539292906814402,0.583160455407966,0.00347467470588393,0.0852429335156278
"NUMBL",0.304348209705898,1.35574105610183,0.00347985482452043,0.0853006125980733
"AC008906.2",-0.485992052273187,0.615086695835127,0.00348005195429915,0.0853006125980733
"AC011477.3",-0.706985328766019,0.493128579417996,0.00348335409824244,0.0853341129502694
"OAS3",0.233228120222081,1.26266948691961,0.00348444600559671,0.0853341129502694
"LINC02728",-0.431623769311399,0.649453675129388,0.0034897035894433,0.0854257618577747
"AC036176.3",0.688801686474596,1.99132786782539,0.00349322275546989,0.0854304052850594
"ZNF879",-0.288125284240016,0.749667664811701,0.003495157780959,0.0854304052850594
"SUSD2",-0.10572843204419,0.899668936157914,0.00349528267740218,0.0854304052850594
"CHCHD2",0.259704376738897,1.29654674062992,0.0034978670342526,0.0854304052850594
"AL512791.1",-0.38788838079944,0.678488071333784,0.00349812790383251,0.0854304052850594
"PLEKHA3P1",-0.528985270181271,0.589202547831449,0.00349971398442801,0.0854304052850594
"NT5C1A",-0.288082078034197,0.749700055806863,0.00350281282646379,0.0854304052850594
"PTRH1",-0.547055956259526,0.578650878639333,0.00350303908037382,0.0854304052850594
"AC020779.1",-0.84669355280775,0.428830495804314,0.0035035315917954,0.0854304052850594
"AC104689.2",0.937575584085936,2.55378247608242,0.00350543680805658,0.0854396718901461
"AL355075.2",-0.376691464964915,0.686127735686805,0.00350694268401089,0.0854396718901461
"CCDC89",-0.285834360602546,0.751387064940464,0.00351011376315779,0.0854797006316136
"IDO2",-0.324654020156342,0.722777376791915,0.0035122062833817,0.0854797006316136
"AC069304.2",-2.67818788806325,0.0686875109044882,0.00351313442534853,0.0854797006316136
"RPP14",-0.534951857236903,0.585697486561404,0.00351542117201052,0.0854984400316069
"LDLRAD4",-0.214146992223419,0.807229719810139,0.00352358660354754,0.0856600769131506
"AC094019.2",-0.386935987950366,0.679134566330843,0.00353118720531831,0.0857567489835175
"AGO4",-0.418067087282533,0.658318062173513,0.00353366591381633,0.0857567489835175
"AC092171.5",-0.302321489094567,0.739100413967608,0.00353433479127406,0.0857567489835175
"LINC01644",-0.192122543941734,0.825205738331448,0.00353466124231392,0.0857567489835175
"CCDC146",-0.22097373285461,0.801737739375378,0.00353516894844783,0.0857567489835175
"AUNIP",0.211160681987133,1.23511079917531,0.00354598983055497,0.0859765297043818
"GTF2H4",-0.514433826247806,0.597838979555126,0.00354727912750802,0.0859765297043818
"AC105101.2",-0.639292860592453,0.527665425161743,0.00355633857718658,0.0861427207742776
"WNT3A",-0.2161921630705,0.805580484179459,0.00356029613468999,0.0861427207742776
"GRM1",0.340179862090297,1.40520031010064,0.00356249168112228,0.0861427207742776
"AC010210.1",-0.277156089488357,0.75793618200602,0.00356354942510041,0.0861427207742776
"ABCD2",-0.242177381075234,0.784916935792727,0.00356364364633773,0.0861427207742776
"ANKRD29",-0.135121879229224,0.873609430355221,0.00356507550505066,0.0861427207742776
"ZNF750",-0.121408490697715,0.885672096876331,0.00356675082609975,0.0861427207742776
"MUTYH",-0.444624136261295,0.641065183911993,0.00356687339016757,0.0861427207742776
"TRAV35",-0.483597626962597,0.616561239625832,0.00356832250022618,0.0861427207742776
"TDG",0.344910202219468,1.41186313179946,0.00356941598780886,0.0861427207742776
"ZNF598",0.375704065236906,1.45601618420322,0.00357328054006495,0.0861990858907582
"RAB9B",-0.308786712290176,0.734337378462033,0.00357717150761276,0.0862560397404521
"SATB2",0.224734942375785,1.25199082249538,0.00358463557243121,0.0863990658535194
"AL139041.1",-0.332403525094309,0.717197857122094,0.00358747429811988,0.0864222878237766
"POLE2",0.228934974059757,1.25726028181974,0.00358931173958896,0.0864222878237766
"IRF8",-0.192752329447766,0.824686199334189,0.00359085579247108,0.0864222878237766
"RNU6-1335P",8.55504168433499,5192.86934831161,0.00359173088497071,0.0864222878237766
"AC027045.3",0.868997578573431,2.38451936178293,0.00359406020808221,0.0864414412503596
"EIF4H",0.538584101787486,1.7135788904221,0.00360002167023766,0.0865478983715642
"SEC14L4",-0.16428887593809,0.848496876142497,0.00360347857716178,0.0865662729219268
"GCSAML",-0.232509894295347,0.792541907664275,0.003603857005601,0.0865662729219268
"PTTG1IP",0.372745887292413,1.45171539362848,0.00361188589967946,0.0867221803578915
"CTCFL",0.147843006549027,1.1593308747204,0.00361648659244154,0.086795678218597
"LPAR6",-0.274748934984583,0.759762849153098,0.00362251814740079,0.0869034396076029
"HLA-DMA",-0.1859082616702,0.830349766388679,0.00362618129710741,0.0869465631931245
"AC026523.3",2.35926298748013,10.5831486643455,0.00362763555181802,0.0869465631931245
"GOLGA6D",1.19889797660638,3.31646009154499,0.00362916169692223,0.0869465631931245
"TMSB15B-AS1",-0.423463236519969,0.654775247040677,0.0036304847764406,0.0869465631931245
"AC025287.3",-0.489169107524332,0.613135632377533,0.00363398937453259,0.0869935392690656
"PFDN2",0.308487991543512,1.36136516155513,0.00363936447730591,0.0870224344954225
"MIR5195",-0.468477040430165,0.625954846653405,0.00363961864827639,0.0870224344954225
"RNU6-1191P",0.637592819583961,1.89192119786259,0.00363982724102821,0.0870224344954225
"PPID",0.51073814581511,1.66652087645867,0.00364606981235654,0.0871347315563425
"PSRC1",0.234942221682218,1.26483568654339,0.00364864885297353,0.0871594185318795
"AL162384.1",0.783002072018175,2.18803104237927,0.00365336512654885,0.0872097242531271
"HOXA13",0.157011066010241,1.170008561156,0.00365477795098458,0.0872097242531271
"RAD51AP1",0.200708282331474,1.22226816259254,0.00365614215604895,0.0872097242531271
"MBIP",-0.211999126107272,0.808965404515175,0.00365844263325365,0.0872097242531271
"VTA1",0.432444183869555,1.54101945914902,0.00365848939014201,0.0872097242531271
"AC009831.1",-0.560055093304777,0.571177594920641,0.00366037684493701,0.0872099915617335
"AC025569.1",-0.268634742500006,0.764422415682938,0.00366159447329756,0.0872099915617335
"AL591686.1",-0.654947322891527,0.519469426013631,0.00366382913297603,0.0872231118459031
"ZEB2-AS1",-0.488439894150528,0.613582902138345,0.00366523967580077,0.0872231118459031
"ERVFRD-1",-0.374708577761918,0.687489599358324,0.00366814424872222,0.0872554009139089
"KCNK5",-0.166093365980331,0.846967152579182,0.00367139554530148,0.0872959069008504
"LINC01537",0.416264018657145,1.51628614385976,0.00367808273049021,0.0873407643740425
"LINC00412",-0.499400943051936,0.606894114972878,0.00368046213208145,0.0873407643740425
"AC004584.3",-0.492752404537546,0.610942516935982,0.00368067014283848,0.0873407643740425
"RNU6-1037P",5.96338532339101,388.924533452782,0.00368239364869093,0.0873407643740425
"AL355864.1",-0.388737384997953,0.677912276573251,0.00368242336385304,0.0873407643740425
"RN7SKP26",-0.675198160386397,0.509055535970505,0.00368412105183884,0.0873407643740425
"SNURF",-0.426102649511899,0.653049303487744,0.00368412689232072,0.0873407643740425
"DEDD2",0.416204528155401,1.51619594191938,0.00369221451804251,0.0874957064603466
"BFSP2",-0.320887680367106,0.725504734839418,0.00369561335805178,0.0875312857805945
"TRIM22",-0.219975087847682,0.802538790682041,0.00369682119064133,0.0875312857805945
"AC068587.4",-0.270039304286815,0.763349490839896,0.00370714500526168,0.0877211375409217
"MRPL13",0.263210521158479,1.30110059932737,0.0037079514467152,0.0877211375409217
"CD1E",-0.15252732178091,0.858535436918841,0.00371756589806294,0.0879117009518441
"ATAD2",0.229285386583007,1.25770091876532,0.00373216879549062,0.0881973086847031
"AC083899.1",0.500627741850458,1.64975656695688,0.00373277243014229,0.0881973086847031
"TNFRSF13C",-0.169818966027404,0.843817562415346,0.00374184181252427,0.0883745597079466
"SCNN1B",-0.126154849133707,0.881478340057375,0.00375043806667255,0.0885404926493852
"TCOF1",0.399342961320153,1.49084483305109,0.00375411524990016,0.0885828253178084
"CASC19",0.114234321578022,1.12101477206138,0.00375537378511356,0.0885828253178084
"ZNF554",-0.48533836906167,0.615488899124269,0.00375831926412678,0.0886152266141411
"AC112722.1",-0.398197167681985,0.671529610671543,0.00376230533606589,0.0886721260978471
"NDNF",-0.116253145597272,0.890249831944833,0.00376472054525807,0.0886824336034567
"TRIML2",0.284401732604014,1.32896671278497,0.00376688313361103,0.0886824336034567
"NTRK1",-0.324655669213051,0.722776184892016,0.00376746183624732,0.0886824336034567
"CBX3",0.368471413705401,1.44552331788268,0.00378001133790986,0.0889407008288841
"LINC00472",-0.205047187461366,0.8146088761796,0.0037851059301419,0.089023417570997
"AP005229.1",1.95072149356346,7.0337605632804,0.00379757446856919,0.0892559119474819
"AL512310.4",2.5590302216173,12.9232785204568,0.0037984545278741,0.0892559119474819
"CASS4",-0.215854997328659,0.805852144115659,0.00379974082364759,0.0892559119474819
"LINC00402",-0.308670203540831,0.734422940175842,0.00380520224528996,0.0893220624949099
"ANGPTL7",-0.35809739799339,0.699004990007512,0.00380572573635543,0.0893220624949099
"OR2M7",5.85472321200837,348.878321358797,0.0038174597927411,0.0895601803061057
"PPP1R14B",0.27406600410931,1.31530161468526,0.00382163969038406,0.089620948080321
"IER3",0.191073805798519,1.21054879430468,0.00383222234807951,0.0898317534699919
"AP000866.2",-0.27820948498316,0.757138195817864,0.00383471827585323,0.0898529000496681
"POMPP1",4.29203362431097,73.1150058672688,0.00383919328957055,0.089905192859152
"PPP4R1L",-0.216020557609416,0.805718738052108,0.00384013949916344,0.089905192859152
"MIR646",-0.762162957319981,0.466655977661645,0.00384459861400542,0.0899722255969986
"AL390755.1",-0.418848745519178,0.657803683498237,0.00384667917238007,0.0899835622498335
"HCRTR1",-0.561122586048,0.570568192307275,0.00385553840555431,0.0901066534454971
"AP001029.2",-0.35657676676518,0.700068727395162,0.00385612668001218,0.0901066534454971
"AL513166.1",-0.519203427848691,0.594994315151908,0.00385673610692466,0.0901066534454971
"AC011284.1",-0.495581221435297,0.609216714560831,0.00386313731784175,0.0901411341236076
"RN7SL338P",-0.786456516665763,0.455455839419068,0.00386385676784842,0.0901411341236076
"FAM21FP",-0.553348647217557,0.575021040191095,0.00386429434935804,0.0901411341236076
"AP000346.1",-0.555508890174902,0.573780195783942,0.00386477399587319,0.0901411341236076
"LINC01811",-0.41375359726794,0.661163843773954,0.00386702827980128,0.0901411341236076
"EPC1",-0.575002759405641,0.562703316078109,0.00387048498255685,0.0901411341236076
"SCN1A",-0.148179811692038,0.862276053685332,0.00387081457601003,0.0901411341236076
"AC027801.2",-0.557513424967792,0.572631185418391,0.00387320960636438,0.0901411341236076
"LINC02198",-0.266857526843781,0.765782167095912,0.00387503864876801,0.0901411341236076
"APOBEC3H",-0.261872784934533,0.769608923329856,0.00387506686072881,0.0901411341236076
"AGPS",0.442161038896813,1.55606630745957,0.00387619898948352,0.0901411341236076
"HMGB1P41",-0.609452043379175,0.543648683367845,0.00387739907495651,0.0901411341236076
"FGD2",-0.208977675123587,0.811413350143971,0.00388221250298078,0.0902158334987817
"AC010198.2",0.188645557771493,1.20761284762928,0.00388505719744968,0.0902447402403886
"B3GNT5",0.22617784417381,1.25379862623225,0.00388747214469092,0.0902554738012647
"ELAPOR1",-0.105040977549423,0.900287630249529,0.00388872119099035,0.0902554738012647
"PRICKLE4",-0.523249905562828,0.592591548564902,0.00389298070837169,0.0903019179951655
"CLSPN",0.188181136208547,1.20705213639642,0.00389392583096082,0.0903019179951655
"RASSF5",-0.27571447663706,0.759029620514597,0.00389953848582034,0.0903948937814998
"STIM2-AS1",-0.349500298394415,0.705040311484144,0.00392153823194875,0.0907885571038802
"KHDRBS2-OT1",-0.443064473792094,0.642065809335773,0.00392240589077989,0.0907885571038802
"EPB41",-0.346363204852178,0.707255561799292,0.00392251981417456,0.0907885571038802
"WDR37",-0.48159328743258,0.617798276998407,0.00392615127749408,0.0907885571038802
"C2orf81",-0.385819523736881,0.679893219195875,0.00392654445305476,0.0907885571038802
"ARL2BP",0.356510986369234,1.42833722267258,0.00392739551325025,0.0907885571038802
"MIR491",-0.955320204806607,0.384688945580156,0.00392779357840861,0.0907885571038802
"DNER",0.114623388808711,1.12145100703117,0.00393317264916352,0.0908756316677223
"NPIPA1",-0.260580874418311,0.770603831719212,0.00395079819929369,0.091245472873159
"CD276",0.373498342688159,1.45280815578534,0.00395284099560669,0.091255267800296
"ZNF788P",-0.53159191774275,0.587668704410024,0.00395605350318717,0.0912920476036349
"ITPKB",-0.2962831560073,0.743576849956411,0.00395948361891497,0.0913287359416099
"CD28",-0.204060814646142,0.815412780639678,0.00396088334357238,0.0913287359416099
"GREB1L",0.139369241092199,1.14954848218621,0.00396379854142963,0.0913585881323127
"AC078983.1",0.38209405575872,1.46534990324851,0.00396853305246918,0.0914165901234154
"AC092614.1",-0.544447287957093,0.580162357460907,0.00396955819182136,0.0914165901234154
"DPRXP6",-1.16071306313944,0.313262725120797,0.003975138779538,0.0914712993898551
"DLGAP1-AS2",0.196363691906215,1.21696942678934,0.00397687295326324,0.0914712993898551
"ZNF671",-0.276380530868577,0.758524233950119,0.00397805293913126,0.0914712993898551
"MAGEA9B",0.174289639691523,1.19040030306973,0.00397842390563227,0.0914712993898551
"AC009901.2",4.39017759236196,80.6547413746892,0.00398130110135161,0.0915001348918869
"CEBPG",0.302455166961044,1.35317700802369,0.00399162725039942,0.0916940582546899
"TRGV2",-0.463746057171715,0.628923244737683,0.00399299192946048,0.0916940582546899
"C1orf50",-0.459136904023237,0.631828739081757,0.00400004516284776,0.0917529890253511
"ELAVL1",0.710157990129894,2.03431263457635,0.00400009724790148,0.0917529890253511
"RUVBL2",0.368688724381527,1.44583747966637,0.0040004407376244,0.0917529890253511
"STOX1",-0.209387773367439,0.811080659176692,0.00401554406657261,0.0920271201819772
"RNA5SP527",-0.823059435367114,0.439086241476947,0.00401581795793007,0.0920271201819772
"ART4",-0.223000356127905,0.80011456435138,0.00401729003064861,0.0920271201819772
"AC008752.3",-0.386763245931103,0.679251891540387,0.00402210716342992,0.0920362797745612
"HCG25",-0.457805215596836,0.632670698590499,0.00402246986263173,0.0920362797745612
"P4HA1",0.282825541126976,1.32687365674089,0.00402444994184981,0.0920362797745612
"AC024884.2",0.425385583812925,1.53018031869005,0.00402473941503273,0.0920362797745612
"AL136304.1",-0.435099879862167,0.647200021600746,0.00402723029553618,0.0920362797745612
"AC008588.1",1.09911207795994,3.00149974262193,0.00403209723897661,0.0920362797745612
"DMBT1",-0.0727240300952421,0.92985740728049,0.00403275510091374,0.0920362797745612
"PLSCR1",0.298070622646234,1.34725693136952,0.0040355290174937,0.0920362797745612
"TMEM63C",-0.115280233983553,0.891116387818226,0.00403667297014966,0.0920362797745612
"ALG8",0.381227323786273,1.46408038788079,0.00403695257183752,0.0920362797745612
"APOBEC1",0.148064527734463,1.15958771951732,0.00403802712386867,0.0920362797745612
"SYT10",0.341150340009117,1.4065646879153,0.00403860914995678,0.0920362797745612
"DNAH12",-0.150263126057345,0.860481531521779,0.00403899354089808,0.0920362797745612
"MMP2-AS1",-0.190864115094415,0.826244854727429,0.00404054548818715,0.0920362797745612
"SCAF1",0.412514229643201,1.51061103761082,0.004043490811444,0.0920661704305198
"SZT2",-0.29227477755042,0.746563368933251,0.00404597377753692,0.0920855137999279
"PDE4C",-0.428861916346963,0.651249849930915,0.0040476730803002,0.0920870127421325
"AL157996.2",-0.560886613522919,0.570702846611077,0.00405207542275556,0.0921499814575503
"AC034222.1",3.94042796049289,51.4406111398181,0.00405656376960133,0.0922148544657437
"AL590666.2",0.166234865404769,1.18085041006646,0.00405859458536801,0.0922238324646138
"KIAA1109",-0.298936119065524,0.741606782456155,0.00406636169993261,0.0923558461666147
"AL132656.3",-0.684293593440123,0.504446448022478,0.00406790085237837,0.0923558461666147
"RAD21L1",0.390210627455014,1.477291919353,0.00406931889239873,0.0923558461666147
"AC138207.6",-0.482228778520367,0.617405796421487,0.00407135797425951,0.0923596379325485
"PIK3CD",-0.254002506948293,0.775689857429675,0.00407276252129125,0.0923596379325485
"EEF1AKMT4",0.24160150176229,1.27328668920152,0.00407729341340118,0.0923926656759813
"AOAH-IT1",-0.764774281766011,0.465438977182404,0.00407898838508826,0.0923926656759813
"ZNF763",-0.382803220153159,0.681947079525437,0.00408048981136388,0.0923926656759813
"PYGL",0.228082125223044,1.25618848595584,0.00408077439926907,0.0923926656759813
"OPA3",0.407611228100372,1.50322263683407,0.00408266607858365,0.0923983873328912
"HVCN1",-0.306392013600645,0.73609800246053,0.00408687139215806,0.0924564452665741
"TRAF3IP2-AS1",-0.490123639254701,0.612550654195943,0.004096552342611,0.0926382811339903
"CYREN",0.491803473406736,1.63526271501357,0.00409948107390362,0.092641619832298
"CGNL1",-0.204034376139217,0.815434339221113,0.00410097999866795,0.092641619832298
"AL683813.1",-0.305273500687974,0.736921798208479,0.00410455781123073,0.092641619832298
"ZNF287",-0.303011004569886,0.738590968449831,0.00410536285238412,0.092641619832298
"ZNF674-AS1",-0.36314633889114,0.695484649599378,0.00410839430134164,0.092641619832298
"U62631.1",-0.425718967798537,0.653299914637799,0.00410853906209498,0.092641619832298
"MEI1",-0.20364882344521,0.815748792742691,0.00410941120790118,0.092641619832298
"ARMC2-AS1",-0.638567344495472,0.528048393829685,0.00410984623244958,0.092641619832298
"ACOXL-AS1",-0.254361122302809,0.775411733009282,0.00411491367761089,0.0926930900944324
"SPINT2",0.262992761582719,1.3008173030592,0.00411541798826388,0.0926930900944324
"PHYKPL",-0.337493557600962,0.713556571707866,0.0041188915708174,0.0927342776343458
"CHKA",-0.294684694711895,0.744766379226195,0.00412125608568275,0.0927504722900003
"AC135507.1",-0.692967134265485,0.500090031251884,0.00412331393214566,0.0927597550832576
"AC034111.1",-0.69551771493906,0.498816136559322,0.00412753616775645,0.0927992932746824
"ANP32D",-0.826787852437457,0.437452192939025,0.00412902374088405,0.0927992932746824
"TMEM8B",-0.278646992398497,0.75680701469514,0.00413000969962711,0.0927992932746824
"TRBV27",-0.313336152770414,0.731004142195417,0.00413238679750375,0.092815712388873
"AC025871.2",-0.625325816678115,0.535087059826084,0.00413679327023376,0.0928776811639579
"DUSP12",0.472692996623217,1.60430877915201,0.00414047931907277,0.0929234323614834
"AC005858.1",7.83977435838436,2539.63172256538,0.00414220062328651,0.0929250705684045
"BICRA-AS1",-0.600465185766237,0.548556396104178,0.00414504320535404,0.0929518519272233
"VPS18",0.356520305778592,1.42835053399389,0.00414883363929272,0.0929998589458315
"CCDC34",0.240110940228086,1.27139019081548,0.00415404147866025,0.0930795875997418
"CYTIP",-0.201080720812365,0.817846411662566,0.00415623769840218,0.0930917983651655
"MYEOV",0.0915953809687326,1.09592130174303,0.00416001222473175,0.0931393364501498
"LRRC1",0.351913731425342,1.4217858629879,0.00417038141826168,0.0933344274854785
"KLK11",-0.0888335845260005,0.914997830702834,0.00418262578367571,0.0935713139605165
"SLC3A2",0.323792242118314,1.3823600810816,0.00418637738292746,0.0936180925584762
"CNP",0.485302423089016,1.62466627114829,0.00419345009090175,0.0936515257561096
"NF1P3",3.42222222012884,30.6374225262738,0.0041934747368589,0.0936515257561096
"PRKDC",0.268957092303096,1.30859899087297,0.00419428746832959,0.0936515257561096
"AL445648.1",-0.634377545745332,0.530265451599842,0.00419660804255132,0.0936515257561096
"PRICKLE2-AS1",-0.530969919073828,0.58803434726483,0.00419781429682352,0.0936515257561096
"TTTY4C",4.16074056210027,64.1189891150627,0.00420223632216744,0.0936515257561096
"TMPRSS11CP",-0.569607671776368,0.565747353819256,0.00420307043459579,0.0936515257561096
"FAM87B",-0.568422833666537,0.566418070111245,0.00420356040073008,0.0936515257561096
"SRPK1",0.372323605852354,1.4511024905794,0.00420527908048348,0.0936515257561096
"ITPKB-IT1",-0.623969465757167,0.535813318071646,0.0042082399825516,0.0936515257561096
"CYP4A26P",-1.00730114720471,0.365203280627009,0.00421162614531234,0.0936515257561096
"MIR4432HG",-0.425206872552726,0.653634552093986,0.00421235514390625,0.0936515257561096
"BTBD18",-0.562188710998995,0.569960219466306,0.00421269567800303,0.0936515257561096
"CCDC81",-0.308606114645527,0.734470010039076,0.00421329848786422,0.0936515257561096
"AC021713.1",1.51894096983552,4.56738563381476,0.00421508258825531,0.0936515257561096
"AC111170.3",-0.390920790932313,0.676433733602737,0.0042175027207038,0.0936515257561096
"GATA1",-0.442712396662128,0.642291905822539,0.00421762991828656,0.0936515257561096
"LRRC10B",-0.146299050503912,0.863899315025527,0.00421777394449344,0.0936515257561096
"ZNF697",0.283635807206036,1.32794921314073,0.00422437168266113,0.0937477073938797
"AC092071.1",-0.177134669085281,0.837666969082292,0.00422842662034343,0.0937477073938797
"GPM6B",-0.219805711390861,0.802674733371289,0.00423134678165873,0.0937477073938797
"DHCR7",0.273337286917296,1.31434348093262,0.00423361066914149,0.0937477073938797
"TRIM59",0.281159318987798,1.32466463135271,0.00423548783548123,0.0937477073938797
"AC024257.3",-0.267250156387798,0.765481557410813,0.00423806722106176,0.0937477073938797
"AL590639.1",-0.970482755029344,0.378900078026217,0.00424137162015814,0.0937477073938797
"PEBP4",-0.100212288548898,0.904645351800949,0.00424168264292408,0.0937477073938797
"AC141424.1",-0.708941042030933,0.492165103762073,0.00424172335693133,0.0937477073938797
"AC008013.2",-0.541990728243241,0.581589312918782,0.00424461494433313,0.0937477073938797
"LINC01269",0.24136125831208,1.27298082715634,0.00424486543917626,0.0937477073938797
"LINC01504",-0.239973035366343,0.786649072484629,0.00424498576055666,0.0937477073938797
"AC007376.2",-0.629357551461157,0.532934073765798,0.00424762280386782,0.0937477073938797
"CCNE1",0.165052735025254,1.17945531567726,0.00424783785468672,0.0937477073938797
"AC027237.2",-0.522795518100485,0.592860875919713,0.00424851688644968,0.0937477073938797
"RRN3P1",-0.224892265572313,0.798602251081442,0.00424871208300275,0.0937477073938797
"SIRLNT",0.325299854034698,1.3844457153811,0.00425873776978459,0.0938906849020344
"TP73-AS1",-0.343581526989867,0.709225657754358,0.00425962814588949,0.0938906849020344
"AC106738.2",-0.299870997759334,0.740913794056569,0.00426128982002435,0.0938906849020344
"NAIP",-0.288180274029873,0.749626441877781,0.00426185367291589,0.0938906849020344
"AL356276.1",-0.78085330714891,0.458015017021507,0.00426537064772297,0.0939314592328242
"AC027644.3",-0.634985397736198,0.529943226631865,0.00426904907566949,0.0939757558336366
"AATF",0.461368912789423,1.58624392902514,0.0042730333696893,0.0940267483409852
"LSM14A",0.427010740104911,1.53266912266279,0.00427551299452234,0.0940446042056932
"RCSD1",-0.229470929032963,0.794954078385737,0.00427879778641964,0.0940801497687963
"AC234782.2",-0.519121762148967,0.595042907763135,0.00428178219766909,0.094094825361315
"GUSBP11",-0.222767999816189,0.800300497621051,0.00428280335385863,0.094094825361315
"CCT8",0.441578487126969,1.55516008226534,0.00428917193352923,0.094161251024313
"ZNF429",-0.284326210420348,0.752521124430416,0.004293192088126,0.094161251024313
"AP001453.1",-0.551478014608477,0.5760977000033,0.0042950064150931,0.094161251024313
"RN7SKP218",4.73377713167832,113.724303802956,0.00429853689910853,0.094161251024313
"AL157709.1",1.89270214088372,6.63727933543828,0.00429977829309727,0.094161251024313
"RNU7-123P",-0.733777842034337,0.480091848648575,0.00430097063598309,0.094161251024313
"FHAD1",-0.19044467839712,0.826591484830064,0.00430212548071275,0.094161251024313
"BCL2L13",0.475860061903256,1.60939778413673,0.00430214346393373,0.094161251024313
"AC009804.1",0.7132044752054,2.04051958755071,0.00430389573784068,0.094161251024313
"DCLRE1CP1",-0.502364947058124,0.605097941632251,0.00430507065267644,0.094161251024313
"PRR33",-0.226160626643457,0.797589977174958,0.00430786919797649,0.094161251024313
"AC087164.1",-0.61194054616365,0.54229749402202,0.00430916613529266,0.094161251024313
"RAB11FIP1P1",-0.270376680420604,0.763091998378295,0.00431107906915211,0.094161251024313
"AL138760.1",0.220156635873954,1.24627192619201,0.00431325156185628,0.094161251024313
"AP002433.2",-0.526829600186259,0.590474044055546,0.00431358544939597,0.094161251024313
"AC142116.2",1.15243076412809,3.16587906956055,0.00431426832634992,0.094161251024313
"FMO4",-0.277949876604517,0.757334780753733,0.00431500360481772,0.094161251024313
"LDLRAD2",-0.299748495203504,0.741004563449619,0.00431589102892764,0.094161251024313
"VPS25",0.409702970823354,1.50637028273071,0.00432370135054997,0.0942377963045117
"NCR3",-0.24766996826121,0.780617529330445,0.00432475590150871,0.0942377963045117
"OSGIN2",0.280265241936557,1.32348080839856,0.00432580391084152,0.0942377963045117
"AC092718.6",0.353723331956842,1.42436105677453,0.00432608586696602,0.0942377963045117
"CCDC60",-0.172724830809851,0.841369101848489,0.00433333856526827,0.0943593259774291
"SF3B6",0.397113053747808,1.48752409071894,0.00433984855255379,0.0944286414108024
"AL353804.1",-0.439595919625749,0.644296716147726,0.00433987175208225,0.0944286414108024
"PCBP1",0.379759452197633,1.46193288239267,0.00434556518368101,0.0945160427450619
"ZNF408",0.472285975676277,1.60365592474525,0.0043489357441548,0.0945195040004867
"AC020663.1",-0.779557955244228,0.45860869207222,0.00434952254281938,0.0945195040004867
"AC079354.2",-0.737864268042956,0.478133991874653,0.00435075409538213,0.0945195040004867
"PLEKHG3",0.243266139400646,1.27540801527854,0.00435462157335013,0.0945560390348101
"BOP1",0.244481462836495,1.27695899080733,0.00435744411592569,0.0945560390348101
"SP6",0.155947974938489,1.16876539641651,0.00435746752895624,0.0945560390348101
"H2BC12",0.206742578182598,1.22966598818126,0.00435929200049556,0.0945592327125578
"AC135012.3",-0.466688848869297,0.627075175210178,0.00436434539159929,0.0946324368449237
"IHO1",-0.420733979994542,0.656564737534852,0.00436756016185713,0.0946657330583844
"AC023830.3",-0.495999591057537,0.608961890103221,0.00437261241664213,0.0947388153730273
"COPZ1",0.442727666475103,1.55694826739084,0.00437998810705573,0.0948621627058677
"KCNA3",-0.169769017038887,0.84385971130172,0.00438982051021234,0.0949887331672453
"ANXA13",0.142134213854245,1.15273135067267,0.00439028695705708,0.0949887331672453
"AC128687.3",-0.641209142383685,0.526655237726665,0.00439088687799492,0.0949887331672453
"KRT6B",0.0988935111133717,1.10394873502765,0.00439323241193034,0.0950030189700748
"RPS6KA4",0.385248942913143,1.46998021705319,0.00440493900744529,0.0952196478081809
"AC079193.2",-0.526028696985953,0.590947146036284,0.00441146567565148,0.0952980843408631
"AC008739.2",-0.532028596002353,0.58741213828546,0.00441194834911403,0.0952980843408631
"WFDC2",-0.126582873445802,0.881101126631263,0.00442047077040677,0.0954455994455964
"AC130462.2",-0.582969339552582,0.558238304064483,0.00442374486392213,0.0954797245208553
"AL353612.1",5.16838602374744,175.631144112658,0.00442744371919512,0.095522987796917
"TIFAB",-0.228009744947804,0.796116501683897,0.0044312545019169,0.0955686319051519
"AL008729.2",-0.23561931916507,0.790081385533107,0.00443462813695362,0.0956048167682208
"SNX8",0.286039152559802,1.33114457194949,0.00443740317155869,0.0956280738531318
"AC003956.1",-0.55214863600097,0.575711486077647,0.00443995695920489,0.0956465470126614
"AL035090.1",-1.78733576413842,0.167405584019501,0.00444465983109717,0.0957106443653743
"AL031666.1",-0.243902574631572,0.783563969552726,0.00444632782731863,0.0957106443653743
"PNRC2",-0.572285957847122,0.564234147865717,0.00445194647485899,0.0957950131552101
"P3H4",0.240230695727268,1.27154245589955,0.00445860156136767,0.0958799071590604
"SPIB",-0.157779198394027,0.85403833418715,0.00445929325548206,0.0958799071590604
"AC089998.1",-0.709408717373043,0.491934984093638,0.0044621716699427,0.0959052192393023
"AGMAT",0.219678050058697,1.24567562082921,0.00446615127249152,0.095954170784292
"NBPF25P",-0.46833039623364,0.626046646029712,0.00446987829859767,0.0959720409710087
"AL033519.4",-0.212327064395228,0.808700157280142,0.00447038774637911,0.0959720409710087
"AL442067.2",-0.598254937747005,0.549770182682663,0.00447548447169854,0.0960154798225575
"BRI3BP",0.301547554093405,1.35194940433774,0.00447795694795121,0.0960154798225575
"AC005154.2",-0.348646929510746,0.70564222773947,0.00447917002980222,0.0960154798225575
"TNRC18P1",-0.506496931735607,0.602602844610343,0.00448110377640612,0.0960154798225575
"PTPRC",-0.172008010650281,0.841972428394814,0.00448497978346845,0.0960154798225575
"AC020951.1",-0.363020143080969,0.695572422386358,0.00448547205069609,0.0960154798225575
"KLHL35",-0.189271330581728,0.827561933368509,0.00448600462866563,0.0960154798225575
"AC009500.1",2.35222563560061,10.5089327711696,0.00448603614752051,0.0960154798225575
"CNNM1",0.139954433891348,1.15022138655045,0.00448991654464026,0.0960620626643792
"LINC01857",-0.250244500081386,0.778610389493132,0.00450148365560588,0.0962417972013736
"NWD2",0.32251908882387,1.38060124466204,0.00450186553159525,0.0962417972013736
"DDX59-AS1",0.312934507141661,1.3674319710665,0.00450343871536157,0.0962417972013736
"SLC18A2",-0.211833461674535,0.809099432411539,0.0045101537014831,0.0963487779745401
"YWHAZP2",0.318307889785376,1.37479948278911,0.00452158970349272,0.09652647570985
"OR4B1",4.02338430246315,55.8899345629946,0.00452189623864258,0.09652647570985
"AP001267.3",-0.447195208578259,0.639419076002294,0.00452693532269854,0.096597466219702
"SLC22A8",-0.92372693061321,0.397036552552278,0.00452928895608961,0.0966111215242179
"AC006238.1",-0.34618804711233,0.707379453935008,0.00453271218436498,0.0966475726572467
"MIR548AC",-1.45955259214003,0.232340202311717,0.00455383918578877,0.0969827043857344
"GAR1",0.427788217591833,1.53386120174784,0.00455495007617534,0.0969827043857344
"AC005823.1",2.65247830251521,14.1891601378162,0.00455556570337378,0.0969827043857344
"LINC00887",0.205292864458063,1.22788461607339,0.00455595136342991,0.0969827043857344
"KDM4C",-0.442162927317143,0.642644922512363,0.00455703107559618,0.0969827043857344
"AL591866.1",-0.550568541154578,0.576621883897843,0.00455888054898183,0.0969854527658111
"HERC2P9",-0.256553250921344,0.773713792490151,0.00456268498398674,0.0970297731638011
"IGKJ4",-0.250731257320505,0.778231487473724,0.00456604429164019,0.0970645976566771
"TCN1",0.0753404751618041,1.07825120614836,0.00458315477844672,0.097391607157826
"PSEN1",0.578683223994254,1.78368816592488,0.00458595325386376,0.097409523201334
"ANGPTL6",-0.411448528798147,0.66268962954836,0.00458818695528279,0.097409523201334
"SERPIND1",-0.105689249830343,0.899704187869177,0.00458918145350403,0.097409523201334
"TSLP",-0.271276722797561,0.762405492230893,0.00459681780627149,0.0975348892157929
"LINC00954",-0.226942987749057,0.796966217832941,0.00460129195150928,0.0975930906916055
"NIFK-AS1",-0.471523933668896,0.624050531658862,0.00460734160175897,0.097657959105661
"TXN",0.216522107803992,1.24175053742786,0.00460781487195009,0.097657959105661
"LEO1",0.448125641336315,1.56537535915069,0.0046121472830242,0.0977130459330222
"RAB6D",0.349480428380922,1.41833043287824,0.00462892614216018,0.0980316830166877
"AC008074.2",-0.428065573643075,0.651768674550998,0.00463223477103669,0.0980649145519957
"AC012557.1",-0.455976669385118,0.633828624537588,0.00463807470175785,0.0981516889588216
"RBM6",-0.320758615106904,0.725598378339729,0.00464060190430042,0.0981683200588519
"AC010469.2",-0.921332863549189,0.397988223413342,0.00464326086025137,0.0981877247777686
"AC092145.1",-0.405176956032193,0.666858795730513,0.00464812668931994,0.0982537646183355
"CHRDL1",-0.118140684764287,0.888571035414147,0.00464993374268409,0.0982551216932376
"IGHV1OR16-1",-0.296873733469989,0.743137839874539,0.00465543381309795,0.0983269296113976
"DDX10",0.387547137336549,1.47336240236161,0.00465682031471604,0.0983269296113976
"AC026348.1",-0.474264188333186,0.622342815136417,0.00466374280067662,0.0983756127543351
"PLIN5",-0.187070823022263,0.829384994753351,0.0046638851391411,0.0983756127543351
"SYAP1",0.361962916015095,1.436145682968,0.00466436094955899,0.0983756127543351
"EPGN",0.151731764106258,1.16384800874784,0.00466624183972398,0.0983784779193265
"IGSF10",-0.158800147556723,0.853166849411476,0.00467280132476408,0.0984799429850092
"AC018634.1",-1.44846164319449,0.234931418595421,0.00468102782586718,0.098616451685758
"MRPS9",0.448627611003139,1.56616132734777,0.00468528084838577,0.0986691793457587
"NMB",0.181150670560419,1.19859575878354,0.00468755458825165,0.0986802006972647
"FAM9A",0.462325447640311,1.58776195253071,0.00469821591540384,0.0988258609103739
"CDRT15P8",0.455542944604082,1.57702939022862,0.00470108155938144,0.0988258609103739
"GIMAP1",-0.253909503062274,0.775762002955616,0.00470171330496643,0.0988258609103739
"GPR153",0.203110642167254,1.22520802041918,0.00470250344217301,0.0988258609103739
"AC245291.3",0.522360427269521,1.68600264312717,0.0047032386977177,0.0988258609103739
"AC106820.4",-0.27640126025171,0.758508510373628,0.00470537489204458,0.0988339101765667
"TRAV15",-2.90672394119095,0.0546544882154569,0.00470775158481003,0.0988352334827943
"HSPA9",0.380514437828408,1.4630370374702,0.00470894418076461,0.0988352334827943
"MRPL47",0.312548578097244,1.366904341173,0.00471257625391271,0.0988746553370237
"HYLS1",0.329848918852457,1.39075799527672,0.00471620794106383,0.0988956894326523
"FAM13A-AS1",-0.247376234917349,0.780846856406467,0.0047186332125383,0.0988956894326523
"C9orf139",-0.270940315390405,0.762662014231268,0.00472000226110213,0.0988956894326523
"PRKCD",-0.322692392942078,0.724196588090746,0.00472097520164028,0.0988956894326523
"RPL23AP53",-0.505602555676074,0.603142039253416,0.00472234986435185,0.0988956894326523
"TNFRSF17",-0.16246790271588,0.850043373871216,0.00472423007241786,0.0988983269820383
"CLEC3B",-0.169385313781191,0.844183565149899,0.00472605035693386,0.0988997085829635
"ACCS",-0.207806224770137,0.812364437566875,0.004730210813834,0.0989500426125068
"NBPF1",-0.364207012500396,0.694747358467651,0.00473237828522588,0.0989586640236996
"AC087277.2",-0.666244178678179,0.513634077426398,0.004735108375546,0.0989790395920583
"ACSBG1",-0.295396812635134,0.744236206534065,0.00474797690667054,0.0991702023365386
"AP001048.1",6.92193548304321,1014.28122006577,0.00474844294161049,0.0991702023365386
"AC099677.1",-0.312606208079375,0.731537929582074,0.00474962420114804,0.0991702023365386
"MRPS12",0.250722102860566,1.28495294996108,0.00475128984871205,0.0991702023365386
"AC100793.3",-0.565113245465698,0.568295786192377,0.00475736105921881,0.09923900427716
"AL513314.2",0.356460514789262,1.42826513405545,0.00475859237297156,0.09923900427716
"AC109583.3",-0.609342931776817,0.543708004983087,0.00476090246886194,0.09923900427716
"AC091151.1",-0.704896507043096,0.494159713659762,0.00476553356179285,0.09923900427716
"C18orf32",-0.415988890161131,0.659687599466611,0.00476669596763615,0.09923900427716
"MRNIP",-0.262509791637389,0.769118833398974,0.00476694320200115,0.09923900427716
"CD164L2",-0.172672692238388,0.841412970775154,0.00476788392436275,0.09923900427716
"TOMM20P2",-0.416473574206073,0.659367936886437,0.00476885746064321,0.09923900427716
"CNTNAP2",0.105389562141847,1.11114338545097,0.00477042893414048,0.09923900427716
"MRFAP1",0.497841238471316,1.6451659136142,0.0047735832279781,0.0992615025516947
"AC055839.2",-0.275343228919523,0.759311460841807,0.00477503183837442,0.0992615025516947
"DLSTP1",-0.453590334073747,0.63534295830112,0.0047855613827952,0.0994437185832888
"SLBP",0.36113491039779,1.43495703844532,0.00479282201782451,0.0995347658167403
"PPP2CA",0.506436150082437,1.65936690995971,0.00479347398170232,0.0995347658167403
"PPP1R3E",-0.301676971159416,0.739576930985675,0.00479694499806656,0.0995579655272559
"UBC",0.457964980251047,1.5808536409944,0.00479812317896896,0.0995579655272559
"SFTPC",-0.0524423875726453,0.948908988431188,0.00480818805411654,0.0997130908007802
"BEX4",-0.214442767433213,0.806990996576358,0.00481014865082652,0.0997130908007802
"RAD23A",0.440881750883842,1.55407692325405,0.00481138927333378,0.0997130908007802
"AL359915.1",-0.594541456879513,0.551815539083058,0.00481381400510751,0.0997130908007802
"ARHGAP25",-0.264952200623323,0.76724262281851,0.00481539982019558,0.0997130908007802
"MRPL10",0.443314168833694,1.55786168905766,0.00481621161931539,0.0997130908007802
"SYT15",-0.285854223561843,0.751372140318002,0.00482060066326353,0.0997673212159123
"AC109780.2",1.84730383748606,6.34269551054258,0.00482773830393027,0.0998783760082102
"ZNF557",-0.470950040280413,0.624408772919373,0.00483104255041267,0.0998918476450895
"GAPDHP73",0.60380902306268,1.82907252797107,0.00483574348003019,0.0998918476450895
"AC136628.4",1.40126801502103,4.06034528279545,0.00483619865521906,0.0998918476450895
"DLEC1",-0.162373274243583,0.850123815983068,0.0048366657665939,0.0998918476450895
"CDK2",0.327279426571503,1.38718904050765,0.00483724890150231,0.0998918476450895
"GPR78",0.173859267310931,1.18988809788483,0.00484034401352922,0.0999172838802059
"AC128657.1",2.13256907955582,8.43651306730128,0.00484202532213571,0.0999172838802059
"ZNF660",-0.276440455496008,0.758478781029891,0.00484742560454236,0.0999921207031395
"MIR29B2CHG",-0.158969265672181,0.853022575641731,0.00485269014434171,0.0999955213957691
"AC068768.1",-0.587624043010361,0.555645908397453,0.00485435760905401,0.0999955213957691
"LRRC8C-DT",-0.333266747614278,0.716579022914792,0.00485449361491371,0.0999955213957691
"TAF1A",0.375261099051626,1.45537136109636,0.00485468536363381,0.0999955213957691
